carrier	age	beta
1	434	0.0643759
1	39	0.653934
1	41	0.310418
1	15	1.43745
1	6	0.45204
1	3	-0.147951
1	34	-0.564487
2	49	-0.17226
2	27	0.166361
2	12	-0.294674
2	10	0.294592
2	63	0.384077
2	70	0.42974
2	130	0.333707
2	10	-0.0564357
3	7	-0.0328277
3	35	-0.390814
3	7	-0.364849
3	14	-0.065708
3	83	-0.624736
3	58	0.658312
3	6	-0.0884232
3	53	-1.35583
3	3	0.488586
3	12	-0.315859
3	38	0.0674671
3	174	0.719138
3	70	0.573967
4	61	0.213864
4	50	0.789602
4	163	-0.845186
4	25	-0.023798
4	3	0.0226296
5	57	-0.882849
5	53	0.148102
5	1165	0.272227
5	7	0.624805
5	1	-1.11305
5	411	-0.0353875
5	10	-0.370613
5	5	1.51866
5	282	-0.59314
5	697	-0.0397766
5	59	-0.50469
5	59	0.405979
5	37	-0.119793
5	103	0.462852
6	1	-1.86779
6	62	-1.22755
6	18	-0.217539
6	116	-0.361172
6	3	0.728408
6	7	-0.494296
6	25	-1.99808
7	1	0.177796
7	34	1.62527
7	49	-0.278272
7	28	0.837888
7	155	0.371212
7	89	-0.581684
7	83	0.207365
7	33	-1.16905
7	0	-0.352398
8	80	0.3659
8	70	0.0562811
8	143	-1.77559
8	1	1.64209
8	2	1.04052
9	112	0.992576
9	123	-0.683793
9	25	0.541376
9	74	0.175358
10	22	-0.524944
10	89	-0.535228
10	58	-0.248259
10	99	0.937025
10	26	0.163623
10	27	-0.582216
10	89	0.159255
10	38	-0.287584
10	5	2.55361
10	33	-0.264431
11	14	-1.29864
11	21	-0.812418
11	64	1.54473
11	12	-0.524614
11	0	-1.95315
11	45	0.877076
11	29	1.15967
11	38	0.178124
11	8	-0.300625
11	724	-0.213587
12	7	0.357163
12	17	-0.497849
12	34	-0.222058
12	20	0.459847
12	39	-0.924014
12	12	0.783384
12	1	0.767503
13	67	-1.32506
13	169	0.226253
13	7	-1.34569
13	18	0.140031
13	29	0.450569
13	48	-0.113086
13	0	-0.712114
13	9	-0.87485
13	11	-0.18526
13	23	-1.03387
13	54	1.73815
13	12	0.746723
13	206	0.706481
13	70	0.367893
14	14	1.92938
14	11	-0.207537
14	27	-0.0730512
14	148	-0.804781
14	27	0.70813
14	35	-0.549531
14	32	1.72655
15	45	-0.676789
15	32	0.701952
15	77	0.334751
15	14	0.374541
15	22	-0.491373
15	7	-0.0838248
15	235	-1.00977
15	55	0.200347
15	35	-0.921161
15	8	-0.390897
15	24	-1.87504
16	62	-0.887772
16	36	-0.992003
17	964	0.164431
17	66	0.574421
17	7	-2.19713
17	15	-0.601855
17	22	-0.813481
17	10	-0.426969
18	45	-0.456707
18	79	1.38243
18	11	0.102308
18	45	-1.04668
18	1	1.07997
18	40	1.71045
18	103	-1.07839
18	105	0.0586758
18	11	1.29415
18	1	-0.0876912
18	37	1.23253
18	67	-1.18454
18	21	0.0365007
19	86	-0.314389
19	7	0.43996
19	20	0.179971
19	8	-1.0994
19	165	0.705683
19	36	0.217747
19	16	0.90599
19	3	0.558579
19	28	0.463432
19	38	1.0006
19	24	0.854192
19	130	0.0385029
19	462	0.376068
20	47	-0.34048
20	43	-0.212475
20	20	-1.53039
20	11	-0.477004
20	70	-0.699905
20	49	1.33257
20	12	-0.239787
21	16	-0.996526
21	82	0.608727
21	60	-0.814654
21	20	0.647395
21	45	-0.37933
21	41	-0.62397
21	22	-0.766444
21	5	-0.280414
21	13	-1.89996
21	35	0.680392
22	34	0.910207
22	30	-0.0951128
22	179	-0.273517
22	6	0.0901995
22	19	-0.387701
22	0	-0.653195
22	146	0.734262
22	0	0.433878
22	269	-0.148039
22	269	-0.518073
22	152	1.39207
22	69	0.631459
22	3	-0.259018
22	123	0.440852
22	4	0.26946
22	14	0.477285
22	265	-0.427654
22	56	0.934563
22	2	-0.674552
22	32	-0.273336
23	8	0.654794
23	20	0.946606
23	184	-0.257993
23	5	0.83574
23	34	-0.387959
23	56	-0.761614
23	17	-0.651293
24	16	-0.187097
24	68	-1.31056
24	19	0.218207
24	13	-0.12048
25	25	-0.307802
25	125	-1.24688
25	5	2.28554
25	15	0.531096
25	3	-1.39209
26	20	0.127077
26	19	0.675735
26	43	-2.16004
26	5	0.283614
26	103	0.048657
26	2	-0.300857
26	39	0.466924
26	36	1.65932
26	3	-0.39343
26	10	0.576513
26	47	-0.516037
26	66	0.203334
26	12	0.292647
26	9	-0.802609
26	3	0.707153
26	22	-0.556341
26	11	-1.18213
26	3	-0.940478
27	72	-0.486898
27	16	-0.668577
27	26	0.422925
27	9	0.801598
27	20	0.778335
27	37	-0.889095
27	104	0.382688
28	1	1.20543
28	17	-1.75256
28	541	-0.0901719
29	18	-0.637271
29	90	-0.196659
29	12	0.426759
29	72	0.86128
29	20	-1.27485
29	10	-0.434477
29	28	-0.747577
29	88	-0.431577
30	6	0.0280522
30	46	0.407582
30	20	1.22433
30	13	0.925393
30	6	0.772422
30	102	-0.412561
31	40	0.107786
31	15	0.6139
31	28	-0.48397
31	14	1.18106
31	13	-0.483887
31	7	0.0446866
32	525	-0.0905219
32	50	0.351429
32	26	0.550422
32	57	0.290972
32	15	-0.888609
32	32	1.73792
32	27	-0.0803877
32	105	0.545324
32	233	-0.0728822
32	9	-0.826911
32	7	0.944483
32	407	0.333375
32	16	0.551074
32	9	-0.976253
32	71	-0.43508
32	45	-1.42905
32	4	-0.193271
33	448	0.490783
33	346	-0.810328
33	23	-1.61876
33	133	-0.567689
33	8	0.982716
33	25	-1.13417
33	145	-0.751494
33	809	0.170558
33	44	-1.34604
33	22	0.443738
34	10	0.625991
34	9	-0.421538
34	126	-1.0283
34	38	0.700904
34	13	1.6277
34	64	0.521301
34	120	-1.11944
34	18	1.28596
34	152	-0.447754
34	236	0.846823
34	143	-1.37515
34	310	0.900248
34	46	0.574067
35	112	-0.322039
35	156	0.495755
35	89	-0.584319
35	9	-0.641877
35	33	1.91227
35	92	0.263306
35	14	0.171707
35	28	0.43701
35	28	-0.353408
35	240	0.470388
35	2	1.11715
35	18	-0.968237
35	50	-0.835858
35	5	-1.44362
35	159	0.69976
35	106	-0.204367
35	26	0.102253
36	85	-0.45977
36	55	0.99946
36	21	-0.723291
36	208	-1.14465
36	202	-0.927655
36	230	0.434691
36	108	-0.346902
36	93	-0.387832
36	24	0.808505
36	11	-1.97088
37	7	2.17143
37	188	0.219165
37	71	-0.600097
37	43	-1.67505
38	25	-1.62099
38	19	-0.601094
38	126	-0.322592
38	83	0.467735
38	198	-0.28078
38	19	-0.802222
38	117	-0.0541021
38	42	0.343296
39	16	0.974741
39	284	-0.346275
39	48	0.788945
39	130	-0.669093
39	7	-1.13114
39	4	-1.58614
39	2	-2.59101
39	4	-1.77442
39	16	-0.202875
39	397	0.446762
39	36	1.40479
39	25	-0.969551
39	9	-0.0793544
39	10	-0.778781
39	90	0.960775
40	107	0.908118
40	124	1.5672
40	13	0.698271
40	11	-0.00500916
40	1	0.994804
40	29	-0.36955
40	71	1.12734
40	452	-0.344459
40	68	0.587785
40	4	-0.0612669
41	1	-0.563334
41	9	-0.25808
41	8	0.285613
41	156	-0.8543
41	110	-0.267273
42	49	-0.548698
42	45	-0.175417
42	9	-0.00928432
42	18	-0.539988
42	13	-0.466885
42	942	-0.055437
42	58	-1.27145
43	429	-0.169731
43	11	-1.08703
43	189	0.200952
43	68	-0.704003
43	2	-0.665711
43	9	1.42332
43	15	0.424937
43	11	1.37435
43	62	-1.15253
43	107	-0.473302
43	246	0.475942
43	9	1.43744
43	16	1.19218
43	496	-0.795593
43	166	-0.827478
44	24	-0.544941
44	36	0.990263
44	26	-1.51951
45	35	1.0751
45	8	1.52626
45	151	0.512244
45	11	-0.38319
45	6	-0.255003
45	90	-0.673789
45	79	-0.142223
45	72	0.500717
45	220	0.071496
45	365	0.115529
46	30	1.72066
46	45	-0.927713
46	3	-0.824372
46	67	-1.43035
46	72	0.416841
46	706	0.304592
46	2	-0.0450606
46	171	0.299454
46	150	0.479422
46	91	-1.40624
47	7	0.430399
47	121	-0.511777
47	297	-0.28724
47	853	0.0430413
47	11	-0.288094
47	7	0.527011
47	12	0.58661
47	6	0.0576075
47	389	-0.492163
47	24	0.578369
47	424	-0.521009
47	1	-0.802802
47	382	0.546452
47	0	-0.787106
47	12	-0.297915
47	111	-0.94402
48	232	0.43836
48	239	-0.852366
48	74	-0.693953
48	18	-0.132226
48	57	1.7898
48	114	0.309674
48	216	-0.875039
49	1	0.183565
50	6	-0.666694
50	32	-0.160714
50	17	-0.0737575
50	31	1.19912
50	54	-0.675869
50	88	0.404624
50	57	0.414046
50	8	-0.0406691
50	1	-0.179323
50	48	0.127666
50	77	-0.294971
50	13	0.872946
50	40	-0.761975
50	62	1.19755
51	141	0.105472
51	25	-1.66793
51	309	-0.621901
51	1	-0.184266
51	18	0.374184
51	74	-0.260831
51	250	0.651393
52	17	0.358362
52	55	0.838321
52	1	0.66229
52	130	-0.341575
52	42	-0.929915
52	736	-0.276955
52	16	0.510129
52	47	-0.402302
52	290	0.567984
52	117	-0.468316
52	110	-0.0380971
52	117	0.455751
53	117	1.24366
53	5	1.02058
53	164	0.298248
53	16	0.720385
53	178	-0.963136
53	15	-0.168785
53	9	-0.440591
53	114	0.448092
53	217	0.00461303
53	169	0.427326
53	129	-0.790332
53	17	-1.59229
54	57	0.678127
54	55	0.218727
54	55	-0.568523
54	44	0.364786
54	4	-0.692998
54	202	0.450689
54	7	-0.888102
54	43	1.44723
54	65	0.110657
54	59	0.390536
54	41	-0.122029
55	76	-0.893594
55	26	1.00651
55	22	-0.541274
55	24	0.161866
55	193	-0.740117
55	16	-0.183181
56	51	-1.51892
56	7	-0.0440908
56	184	0.788293
56	19	-0.320083
56	6	-1.05925
56	34	2.00093
57	30	1.29136
57	3	0.293091
58	1	-0.738031
58	1	0.412827
58	16	-0.911745
58	14	0.842859
58	479	-0.156236
58	12	0.563687
58	12	-2.32737
58	17	1.05007
58	123	0.596513
58	336	-0.137891
58	8	0.47681
58	107	-0.181143
58	48	0.0994867
59	93	-0.572228
59	45	-0.379953
59	59	-0.93578
59	46	0.602014
59	20	-0.0388942
59	10	0.309449
59	8	-1.60073
60	8	-0.315023
60	22	-0.343206
60	26	0.129306
60	23	-2.27985
60	37	0.287216
60	88	0.656891
60	4	0.072225
60	116	0.642809
60	65	-0.439336
60	67	0.033858
60	20	-0.628048
61	1157	-0.0224163
61	79	-0.859322
61	38	-0.111421
61	6	0.513043
61	9	-2.42378
61	4	-0.163535
61	13	-1.13218
61	407	0.176371
61	47	0.0848804
61	22	0.480949
62	15	0.0808262
62	5	-0.192345
62	20	-0.0725357
62	200	-0.315826
62	113	-0.810522
63	272	-0.956173
63	0	0.214948
63	0	1.35528
63	1	0.787515
63	3	-0.314996
64	0	0.179889
64	11	1.22301
64	81	-0.918092
64	178	-0.6641
64	79	0.557364
64	174	-0.152066
64	352	-0.503719
64	5	1.37539
64	5	0.513582
64	13	-0.309331
65	54	-0.853019
65	20	1.93025
65	81	0.383758
65	22	-0.126746
65	41	-1.07629
65	1	0.690081
65	6	0.472444
65	22	1.43181
66	200	0.527917
66	95	0.358302
66	31	-0.479372
66	43	0.515406
66	1	-2.03239
66	121	0.197228
66	62	0.795481
66	83	0.588639
66	4	0.37851
66	30	-0.508634
66	25	-1.09346
66	25	0.491708
66	73	2.3892
66	7	-0.371171
66	25	0.534303
66	7	1.33684
66	64	-1.18445
67	0	-0.354543
67	21	-0.143033
67	32	-0.599467
68	0	2.5546
68	3	0.770901
68	1	-0.00019712
68	22	0.991801
68	8	-0.376371
68	3	0.861292
68	13	0.567838
68	13	0.330478
69	0	-0.381605
69	88	0.250688
69	346	-0.510171
69	3	-1.11822
69	8	-0.0738169
69	107	0.0872702
69	53	-0.376443
69	11	0.381925
69	499	0.239756
69	5	1.27962
69	49	-1.78952
70	15	0.226746
70	63	-0.344874
70	470	-0.0671379
70	77	-2.14473
70	57	1.13125
70	260	0.746331
70	28	0.02487
70	18	-0.398707
70	159	-0.680791
70	352	-0.122727
70	21	-1.2268
71	25	-0.414054
71	427	0.710312
71	14	0.342915
71	11	-1.1394
71	41	0.531199
71	45	-0.407205
71	4	1.3652
72	10	1.56554
72	17	-1.1222
72	654	-0.00238242
72	65	-0.527267
72	23	1.39956
72	20	-0.435909
72	16	-1.81716
72	28	0.140117
72	9	-0.247026
72	1	-0.297587
72	259	0.704832
72	70	0.972569
73	136	0.302043
73	35	0.158461
74	0	-0.277783
74	0	-1.243
74	16	-0.0332396
74	79	0.0974678
74	85	0.785589
74	133	-1.05981
74	187	-0.264255
74	38	-0.130407
74	2	-0.201156
74	39	-1.11121
74	58	0.0537458
74	11	-0.160713
74	19	0.282652
75	45	-0.965018
75	12	-0.662169
75	42	0.74737
75	32	0.488277
75	6	-0.291856
75	126	0.0482302
75	4	0.728325
75	18	1.46045
75	9	1.02251
75	41	-0.73435
76	4	0.157216
76	294	-0.0766485
76	11	-0.25515
76	59	0.539364
76	180	-0.261451
76	8	1.29409
76	233	-0.368216
76	21	0.242315
76	10	-0.212251
76	15	1.16404
76	112	0.0620581
76	26	-1.73528
76	23	-0.122418
76	9	-0.0535512
76	104	0.871725
76	15	0.534479
76	694	-0.0628335
76	15	-0.145526
76	636	-0.271826
77	82	-0.171058
77	86	-0.711843
77	23	0.68993
77	115	0.269007
77	74	-0.628348
77	2	-1.14649
77	57	0.686048
77	36	1.29791
78	85	-0.0658367
78	2	2.32265
78	1	0.250699
78	4	-0.0771281
78	9	1.41106
78	6	0.836812
78	4	-1.13567
78	338	0.501279
78	1420	-0.0682748
78	71	-0.796387
78	23	-1.70247
78	163	1.59326
78	219	-0.128772
78	23	0.317356
78	80	0.120984
79	35	-1.04411
79	115	-0.535613
79	10	0.420063
79	285	-0.0482888
79	66	-1.30988
79	48	-1.02607
79	13	0.145907
80	95	0.70069
80	1	1.36778
80	28	-0.571922
80	58	0.712309
80	9	-1.34009
81	60	-0.168208
81	114	1.22493
81	54	0.235827
81	0	0.586995
81	21	-0.490337
81	16	0.0334202
81	29	-0.174215
81	31	0.686742
81	22	0.522516
81	62	-0.66738
81	1224	0.0300224
81	1235	0.330808
81	35	0.793759
81	47	1.1716
81	258	-0.685706
81	48	-0.801725
81	32	-1.27708
81	8	0.936518
82	5	-1.68664
82	25	0.0850335
82	17	0.551459
82	9	0.384738
82	4	-0.942774
83	13	1.05481
83	123	0.165161
83	6	0.938411
83	342	0.064579
83	26	0.635579
83	0	0.583411
83	9	-0.0624845
83	74	0.478365
83	1	1.02031
83	22	0.155422
84	37	-0.415626
84	55	-0.571877
84	3	-1.4995
84	56	0.494641
84	41	0.488374
84	2	-0.260103
84	27	0.254389
84	110	-0.0773866
84	85	-0.67098
84	307	0.0911959
84	113	0.667676
85	226	0.612159
85	11	-0.247113
85	3	-1.64752
85	20	0.985913
85	33	-0.556423
85	44	0.263962
85	44	-0.211121
85	6	-0.272801
85	6	-0.598393
85	2	1.26159
85	62	-0.924334
85	220	-0.0358237
85	14	-0.09189
87	65	1.19916
87	7	1.92524
87	0	-0.791854
87	8	-0.938382
87	75	-1.36048
87	2	-1.16624
87	55	-0.0354305
87	10	-0.165671
88	42	0.318898
88	4	-0.537884
88	9	1.4108
88	27	0.687781
88	114	-0.872942
88	27	0.483662
89	118	-0.203881
89	4	-1.58584
89	14	1.41106
89	120	0.303378
89	10	-0.508908
89	18	0.365603
89	4	-0.0949826
89	33	0.700477
89	74	-0.833739
89	43	-0.680245
89	135	0.0515292
89	13	1.27992
90	360	-0.501674
90	55	0.0429839
90	13	0.291518
90	23	0.941196
90	1	1.43417
90	37	-0.541624
90	18	-0.339763
90	76	0.691661
90	57	-0.093907
90	35	-1.01559
91	135	0.606313
91	20	0.266254
91	24	-1.04896
91	20	0.300613
91	57	-0.295069
91	49	0.825863
91	26	-1.12065
91	50	0.841049
91	49	-0.434466
92	11	0.270429
92	11	0.153801
92	25	-1.48382
92	77	-0.0550156
92	23	0.0723739
92	12	-1.66433
92	28	1.14525
93	161	-0.853441
93	424	-0.178986
93	2	-1.00583
93	54	-0.85591
93	6	-0.0570182
93	4	-1.56952
93	1	-0.67352
93	62	-0.407874
93	89	0.453231
93	126	-1.34398
93	101	0.0960185
93	74	-1.46102
93	1067	-0.0922633
93	292	0.735635
93	187	0.401773
93	14	-0.296015
93	73	-0.0884993
93	0	-0.459847
93	5	0.243249
94	10	-1.53611
94	25	-0.968364
94	13	-0.306196
94	21	-0.866407
94	75	-0.352995
95	22	0.00469467
95	17	-0.814183
95	3	0.0517677
95	16	-0.807885
95	4	-0.200178
95	81	1.95362
95	40	0.0748216
95	43	0.518361
95	113	1.49256
96	124	0.263276
96	49	0.368481
96	17	-0.744958
96	19	-1.95185
96	26	1.15895
96	25	-1.72809
96	26	-0.012791
96	16	0.392253
97	11	-0.307748
97	70	-1.71475
97	35	-0.273577
97	25	0.674893
97	5	0.962183
97	3	0.0206455
97	0	0.188285
97	89	-0.148317
98	3	-0.0635569
98	13	-0.865788
98	16	-0.457858
98	10	-2.20882
98	18	1.1153
98	9	1.03313
98	56	-0.354083
98	2	-0.159536
98	11	-0.755148
98	2	0.423313
99	91	0.0858673
99	11	0.178886
99	29	-0.719562
99	411	-0.284635
99	35	0.693053
99	27	-0.942555
99	53	0.74349
99	13	-0.0707424
99	19	-0.275197
99	82	0.430824
99	21	1.87656
99	8	0.332645
99	7	-0.482328
99	31	-0.209514
99	101	0.0485155
100	3	0.958554
100	33	0.043037
100	6	1.07709
100	298	-0.0950661
100	51	0.37272
100	110	0.0198857
100	55	0.805433
100	201	-0.530496
100	250	-1.14128
100	126	-0.414726
100	19	-0.322293
100	140	-0.513993
100	97	1.17322
100	20	-1.77751
101	105	-1.32348
102	113	0.19106
102	40	0.580949
102	47	0.714735
102	53	-0.500011
102	61	-0.120122
102	6	1.11752
102	2	-0.75431
102	19	0.322113
102	7	-0.806982
102	105	0.820407
102	128	0.343672
103	37	-0.178856
103	25	-1.20704
103	11	-0.368297
103	8	0.858783
103	9	0.441919
103	234	-0.692817
103	7	0.82894
103	17	-0.49032
103	24	-1.97268
104	34	-0.413071
104	85	-1.04727
104	441	0.121198
104	194	0.188094
104	67	-0.872702
104	15	-2.18158
104	8	-1.11361
104	130	0.603578
104	2	-1.07458
104	33	-0.265506
105	196	0.45073
105	0	1.12144
105	4	1.54294
105	1	-0.778638
105	5	-0.0134505
105	1	1.34716
106	77	1.8115
106	5	-0.0776917
106	43	-0.881562
106	31	1.63656
106	11	0.48709
106	56	-1.44402
106	101	-0.248326
106	108	-0.713872
106	104	0.467715
106	254	-0.240202
106	9	-1.08852
106	26	-0.883226
106	27	-1.71258
106	427	0.304309
106	32	-0.932518
106	14	-0.0202503
107	18	0.404504
107	416	0.530526
107	11	0.467415
107	33	-0.615762
107	3	0.491658
107	16	-0.449409
107	18	0.175078
107	54	-0.119823
107	6	-0.508623
107	75	-1.11859
107	231	0.186912
108	23	-1.34475
108	36	1.61226
108	42	-0.266146
108	38	0.88804
108	228	-0.311106
108	50	-0.567361
108	19	0.649591
108	12	-0.476563
108	26	-0.749591
108	12	-0.201905
108	60	-0.378168
109	10	0.996708
109	4	1.20614
109	7	1.96519
109	1086	0.158974
109	273	0.331164
110	0	1.12045
110	73	0.375857
110	51	-0.489699
110	49	1.00011
110	51	0.359708
110	12	-0.588469
110	47	-0.260195
110	8	0.56498
110	15	0.937109
110	13	-1.11176
111	60	0.280454
111	43	-0.129147
111	27	-0.806027
111	1	-0.415051
111	205	0.574047
111	31	-0.839609
111	29	-0.820062
111	145	0.315188
111	35	0.747218
111	9	1.3056
112	583	-0.0956951
112	210	-0.558377
112	120	-0.0289052
112	16	0.627433
112	23	-0.789871
112	16	0.561711
112	22	-1.97111
112	14	1.07805
112	25	0.386167
112	41	-1.36875
112	28	-0.0711866
112	25	-1.62953
112	37	-0.138751
112	375	0.438925
112	31	0.440651
112	47	-0.132294
113	71	-0.116849
113	60	-0.616448
113	1157	0.0259864
113	6	1.92529
113	7	-1.37319
113	118	0.0242062
113	37	-0.167319
113	17	0.196526
114	45	0.460613
114	36	0.299242
114	185	0.669805
114	3	-0.765917
114	7	-0.914074
114	5	-0.434187
114	44	-0.386029
114	205	0.818288
114	10	0.416851
115	2	2.18047
115	16	0.560016
115	78	-1.05095
115	62	-1.26319
115	471	0.326024
115	13	-0.153277
115	99	0.466278
115	71	-1.24962
115	94	0.17543
116	62	1.18463
116	64	-0.462797
116	0	-1.32885
116	28	-0.108059
116	99	-0.0214912
116	11	0.447156
117	37	-1.83761
117	4	-0.267573
117	6	1.37847
117	6	0.477598
117	11	-0.13215
117	747	0.194382
117	62	0.765104
117	12	-0.89919
118	33	-0.755063
118	30	0.564834
118	48	0.446281
118	12	1.54127
118	6	-0.410032
118	38	0.224464
119	83	0.975183
119	263	0.106251
119	4	-0.790379
119	6	1.59406
119	43	-0.107905
119	12	0.582914
119	37	0.604236
119	7	1.05897
120	13	0.22492
120	100	0.763585
120	26	0.0120156
120	98	0.136765
120	24	-0.643716
120	26	0.972096
120	541	-0.0505022
120	425	-0.169012
120	1	-1.27
120	22	0.407015
120	46	0.314112
120	12	-0.570508
120	20	0.316611
120	8	-1.36311
120	27	-1.29438
121	21	-1.60727
121	11	0.0802107
121	130	2.15818
121	2	1.16724
121	12	1.66062
121	21	0.311106
121	5	-0.459012
121	44	-0.58777
121	0	0.140602
121	43	-0.0829991
121	0	-0.359096
122	1012	-0.0908065
122	50	-0.738572
122	10	-1.01052
122	107	-0.234722
122	8	-0.641979
122	6	1.65331
122	429	0.305581
122	7	-0.100155
122	16	1.56648
122	4	1.68067
122	83	0.712159
122	21	0.0777283
123	54	-0.848028
123	11	-0.779505
123	90	-1.46761
123	59	0.0517796
123	79	0.623732
123	32	-0.0362102
123	36	-0.336051
123	413	0.28424
123	5	0.428236
123	3	-0.726328
123	62	0.915447
124	264	0.0138933
124	65	0.180369
124	8	-1.82285
124	1	-2.07082
124	133	-0.750667
124	29	0.704745
124	79	0.456104
124	104	0.644814
125	64	-0.822479
125	25	0.209384
125	20	-1.29178
125	158	0.985286
125	61	0.206916
125	104	1.46453
125	0	-0.145564
125	34	-0.983655
125	18	0.642618
125	204	0.518369
125	244	0.0243277
125	16	1.37139
125	5	0.983621
125	15	-0.505074
125	23	-1.14559
125	46	-0.214346
125	35	-1.00367
125	18	-0.245198
126	2	-0.136045
126	13	0.639661
126	99	0.40704
127	280	0.454864
127	8	-2.66991
127	41	1.3924
127	21	0.70948
127	6	2.25792
127	2	0.360936
127	71	1.06913
127	0	0.585648
127	32	-0.508338
128	260	1.26656
128	3	0.0788511
128	18	-0.216036
128	58	-0.982179
128	11	0.796851
128	6	0.610739
128	35	0.491532
128	105	1.43105
128	1	1.0336
129	74	-0.285156
129	348	-0.772545
129	56	-0.11951
129	11	0.520195
129	101	0.207092
129	2	-0.161733
129	2	1.56709
129	5	-0.606822
129	11	0.553279
129	30	-0.941964
129	30	0.799172
129	66	-1.80088
129	2	-0.120676
129	164	-0.59761
129	130	-0.5667
130	1	1.35634
130	10	0.490692
130	80	-0.428565
130	164	0.141717
130	80	0.836572
130	15	-0.0778604
130	114	0.942168
130	23	2.17861
130	195	-0.40008
130	472	-0.0383068
130	18	0.358779
130	34	-0.593907
130	4	0.716676
130	14	0.896587
130	120	-0.146515
130	16	0.44733
131	27	-0.36767
131	24	-0.198363
132	490	0.183514
132	79	0.657927
132	43	0.426257
132	221	-0.772415
132	398	0.599916
132	1525	-0.362964
132	226	-0.915552
132	198	0.416998
132	155	-0.154923
132	1	0.33588
133	163	1.14362
133	101	-0.6007
133	22	-0.530325
133	342	0.717482
133	0	0.36092
133	2	1.00876
133	84	-0.21722
133	47	0.540709
133	194	0.910007
133	157	-0.346299
133	117	0.611075
133	92	0.00987928
133	8	-0.0462285
133	13	1.11347
133	0	-1.59479
133	1	-1.31461
133	8	1.46503
133	204	0.988473
134	53	-0.464475
134	247	0.248216
134	221	0.287908
134	213	0.165169
134	374	0.0121416
134	6	-0.299164
134	41	-0.738008
134	599	0.80907
134	11	-0.661778
134	1	-0.393591
134	19	0.228442
134	119	-0.0421013
134	114	-1.38078
134	40	-0.27663
134	3	0.260059
134	49	0.125253
134	222	0.305187
135	7	0.142296
135	1	-0.281783
135	1	0.483554
135	33	0.691126
135	7	1.34754
135	4	-0.463378
135	67	-0.888639
135	300	-0.472609
135	15	0.0658007
135	34	0.209496
135	493	-0.306051
135	0	0.216696
136	52	0.500023
136	0	0.0694247
136	5	0.797692
136	16	-1.17672
136	40	0.0575104
136	86	-0.731269
136	58	-1.28873
136	84	-0.0115574
136	4	-0.333085
136	34	-0.757716
136	2	2.20026
136	14	1.32732
136	23	-0.815122
136	23	-1.3693
136	9	0.594896
137	23	0.273202
137	98	1.02188
137	496	-0.276999
137	47	0.895275
137	43	-1.26594
138	234	0.00155806
138	62	-0.354696
138	1	0.149285
138	14	-1.09844
138	15	0.0872054
138	13	1.26139
138	81	-0.133531
138	45	-0.31158
138	722	-0.200676
139	56	1.02963
139	46	0.78759
139	183	-0.466851
139	6	0.858611
139	26	-0.718414
139	0	-0.402072
139	24	0.583747
139	15	1.16076
139	16	-0.189096
140	12	1.36401
140	4	-1.30205
140	1	-0.515025
140	59	0.341541
140	20	0.772001
141	29	1.37029
141	8	-1.85968
141	18	-0.562597
141	10	0.439498
141	8	-2.13873
141	8	0.370389
142	13	-0.424848
142	5	0.440877
143	10	-0.0181906
143	21	-0.778592
143	165	0.885676
143	0	0.982363
143	2	-0.630009
143	64	-0.516446
143	914	0.0718865
143	23	-0.152348
143	47	-1.15924
143	21	1.1858
143	3	-0.133533
143	31	0.969987
143	33	-0.225392
143	61	-0.122283
143	11	0.0987634
144	4	-0.611971
144	17	0.217941
144	9	0.619083
144	64	-0.437194
144	30	1.74907
144	6	0.0397069
144	197	0.595353
144	10	0.0188051
144	98	-0.103836
144	466	-0.472787
144	25	0.747388
144	49	0.364749
144	68	-0.0823527
145	2	-1.12807
145	315	-0.106922
145	3	0.630526
145	57	-0.839436
145	46	1.02853
145	23	-0.179553
145	12	1.38019
145	1	-1.21384
146	131	0.153902
146	364	0.0974731
146	6	-0.877992
146	5	-1.20004
146	28	-0.435464
146	36	-0.389261
146	177	0.39157
146	108	0.083704
146	16	-0.385659
146	30	0.444004
146	118	0.139554
146	69	0.279561
146	63	-0.0908382
146	5	-0.159627
146	59	0.766482
146	18	0.298123
146	21	-0.00476369
146	13	-1.0023
147	15	-1.32504
147	47	-0.24524
147	3	-0.235071
147	35	-0.0338845
147	32	-0.00483282
147	31	-1.20315
147	24	0.587561
147	1	0.332507
147	120	-0.169002
147	1411	-0.273158
147	65	-1.43471
147	186	0.162594
147	30	-1.27927
147	162	-0.0627044
148	117	0.111937
148	8	-0.548803
148	34	0.442867
148	46	-0.514764
148	15	1.87214
148	13	1.0781
148	10	-0.161383
148	150	-0.546114
148	486	0.112749
148	316	0.0243898
148	27	0.99655
149	103	0.491489
149	17	-1.39677
149	34	0.972881
149	9	0.766369
149	18	0.878385
149	1	-0.125768
149	0	0.168113
149	2	-2.55572
150	112	-1.13933
150	68	0.0637031
150	223	-1.1959
150	210	-0.38475
150	26	1.04702
150	5	-1.17874
150	5	0.113682
150	36	0.92193
150	2	-1.19892
150	35	-0.715693
150	244	-0.75468
150	37	-1.50699
150	68	0.44767
150	53	-0.980457
150	498	-0.361143
150	98	-0.506323
150	119	-0.0331396
151	6	0.960299
151	18	-0.552286
151	3	-0.135345
151	5	0.0213967
151	0	0.558269
151	26	-0.0102888
151	29	0.434919
151	136	0.179173
151	58	0.256968
151	20	0.0678475
152	286	0.354169
152	37	-0.275374
153	1	-0.0950298
153	419	0.757159
153	46	-1.40945
153	0	-1.10804
153	49	-0.00871324
153	51	1.17563
153	12	-0.827318
154	8	-0.897632
154	8	0.327107
154	12	-0.470377
154	12	0.120766
154	76	0.469857
154	1	0.0320317
154	37	0.814918
154	4	-2.08647
154	240	-0.104622
154	211	-0.859838
154	198	0.883356
155	73	0.383564
155	43	0.501986
155	11	-0.950391
155	9	2.12098
155	10	1.5472
155	11	-1.56658
155	57	1.13206
155	6	-0.599155
155	10	0.438267
155	199	-0.46106
155	21	-0.609847
155	4	1.3027
156	82	0.834115
156	14	0.231256
156	176	-0.413045
156	19	0.79679
156	88	0.832458
156	18	0.187097
156	3	1.2597
157	7	-0.613583
157	27	0.843609
157	4	-0.877313
157	6	-1.19719
157	5	-0.206375
157	136	-0.270458
157	43	0.913175
157	59	-1.47879
157	85	0.171821
158	71	-0.396483
158	0	0.200795
158	22	0.195577
158	19	0.397325
158	25	-0.294044
158	21	0.869818
159	67	-0.688286
159	243	0.0519618
159	84	-0.694386
159	36	-0.401602
159	45	0.308719
159	72	-0.685156
160	44	1.11368
160	4	0.421991
160	17	-1.7287
160	77	-0.841654
160	32	0.164793
160	41	0.758236
161	155	0.309651
161	36	0.103549
161	29	-0.555549
161	174	-0.197117
161	17	-0.299179
161	127	-1.06571
162	163	0.0479207
162	265	-0.307338
162	6	0.0489477
162	21	0.924746
162	317	0.0298869
162	23	0.162339
162	55	0.384294
162	141	-0.0886865
163	75	0.45097
163	70	-1.04454
163	460	-0.124509
163	1211	-0.421258
163	376	-0.257872
163	558	-0.148037
163	259	0.35421
163	237	-0.398614
163	76	0.464399
163	72	0.208663
163	30	-1.46085
163	9	-0.407751
164	0	-1.19707
164	30	1.09268
164	242	-0.0185085
164	11	1.16745
164	15	1.11419
164	6	0.0202055
164	0	0.287508
164	52	-0.0372009
164	52	0.733494
164	80	-0.457252
165	183	0.114443
165	1	1.9454
165	82	0.286196
165	1142	0.249179
165	16	1.56756
165	675	-0.206519
165	621	0.0680986
165	67	1.67421
165	6	-0.033365
165	165	0.131419
165	9	0.909355
166	3	-1.38339
166	7	0.523143
166	8	-0.506807
166	17	-0.0192345
166	91	0.322279
166	10	1.30188
166	10	-0.0877737
166	37	-0.329498
166	32	0.558812
166	19	0.155631
167	23	-0.880363
167	0	-0.440284
167	15	0.955989
167	90	-0.797134
167	128	-0.897082
167	42	-0.227576
167	84	0.650203
167	7	0.377845
167	139	0.0829571
167	11	-0.309008
168	285	0.508648
168	38	-1.7263
168	73	0.762962
168	268	-0.343221
168	83	-0.407654
168	24	-0.906322
168	93	-0.936319
169	38	0.687741
169	6	0.957536
169	110	-0.0263935
169	22	0.189648
169	45	-0.435469
170	647	-0.136384
170	541	-0.584312
170	24	-0.706281
170	226	0.891849
170	29	1.32659
170	439	-0.550567
170	1	0.273498
170	62	-0.604378
170	63	-0.0375819
170	22	-0.322755
170	3	-0.544954
170	24	-0.566986
171	0	-2.34809
171	2	0.818215
171	26	-0.378303
171	167	-0.409171
171	1385	0.019619
171	32	0.419613
172	7	1.68688
172	23	1.23772
172	22	0.328023
172	843	0.159654
172	1	0.619161
172	113	-1.07897
172	373	-0.312496
172	110	0.812056
172	61	-0.861324
172	19	-1.10396
173	85	-0.8948
173	366	-0.088315
173	28	0.611885
173	14	0.127813
173	131	-0.225109
173	73	-0.501163
174	4	-1.62401
174	1	-1.48777
174	154	0.101961
174	548	-0.258418
174	64	0.131019
174	35	0.656737
174	6	-0.132611
174	21	-0.710456
174	12	1.18897
174	182	-0.225081
174	20	0.495607
174	52	0.804103
174	19	-1.40006
174	161	-0.0795445
174	19	-1.04711
174	2	-0.371515
174	42	0.122267
174	80	-1.1634
174	25	-0.241641
174	5	-2.22371
175	41	0.0328396
175	320	0.271438
175	93	0.171564
175	129	0.689819
175	1	1.18231
175	12	0.34013
175	306	-0.498273
175	133	0.421342
175	147	0.316814
176	984	-0.208927
176	39	-0.445735
176	4	0.356787
177	39	-0.232828
177	43	-0.142944
177	679	0.358293
177	14	-1.38101
177	4	0.527689
177	21	0.278873
178	148	0.248453
178	41	0.530125
178	325	0.765071
178	171	0.861318
179	93	0.0763334
179	134	-0.854372
179	232	-0.800236
179	29	-0.363091
179	20	1.06527
179	6	-0.161287
179	77	-1.26887
179	18	-0.316513
180	189	-0.0844145
180	203	-0.570498
180	14	0.807887
180	38	-0.00723315
180	3	0.82904
180	18	1.30886
180	59	0.949196
180	21	0.269988
181	5	-0.394126
181	9	0.232975
181	1	-0.463514
181	116	-0.941548
181	17	-0.331998
181	59	-0.805352
181	46	-0.312543
181	2	0.967422
181	4	0.473394
181	52	-0.102369
181	27	0.427235
181	34	-2.23749
181	161	-0.188657
181	187	0.0765206
181	339	-0.317673
181	101	0.254971
181	38	0.472403
182	88	0.085568
182	418	0.318676
182	43	-0.611714
182	107	0.370773
182	74	-0.309959
182	120	0.537588
182	32	1.26516
182	2	0.859087
183	13	-0.033216
183	21	0.172817
183	45	0.134039
183	23	-1.53795
183	21	0.0704115
183	1	1.02892
183	358	-0.30195
183	30	-0.434358
183	25	-0.570062
183	12	0.347049
183	6	-0.546212
184	25	-0.334228
184	29	1.00729
184	561	0.0158849
184	12	0.265701
184	7	-0.567013
184	19	-1.42594
184	128	-1.13137
184	25	0.815629
184	31	-1.31145
184	120	0.93883
184	96	-0.813805
184	36	-0.31347
185	95	-0.744894
185	29	1.36596
185	82	0.670063
185	59	-0.690727
185	671	-0.716996
186	8	-1.16392
186	19	-1.73456
186	48	-0.501934
186	30	1.50813
186	122	-0.794603
186	8	0.425251
186	3	0.11846
186	426	0.234649
186	62	-0.080327
187	0	0.965576
187	13	0.27244
187	32	1.74203
187	93	0.462367
187	57	0.427805
187	6	1.0949
187	269	-0.330376
187	9	0.867526
187	56	-1.16298
187	38	0.216644
187	1	1.04467
187	4	0.0654018
187	62	-0.0503188
187	74	0.323845
187	59	0.859786
187	92	-0.165881
188	91	0.663833
188	43	-0.13281
188	232	0.236673
188	10	1.18789
188	2	-1.40672
188	3	-0.414044
188	124	0.018936
188	2	-0.276523
188	2	0.139889
188	1486	-0.205877
188	156	0.88431
188	41	-1.12783
189	75	1.02427
189	5	-0.476612
189	40	-0.0370508
189	53	1.71004
189	9	-0.287419
189	12	-0.638135
189	73	-0.265421
189	8	0.528867
189	29	0.208977
189	186	0.882328
189	11	0.421849
189	38	-0.505992
189	24	0.0515986
189	53	0.976719
189	195	-0.227618
189	20	0.180867
189	11	0.20904
190	90	-0.826141
190	159	-0.522696
190	35	-0.0270229
190	116	0.0650016
190	16	0.0785271
190	154	-0.0736836
190	41	-0.767166
190	2	1.61816
190	63	-0.693583
190	69	-0.0166283
191	24	-0.636914
191	19	1.79326
191	81	0.729673
191	16	1.66641
191	1	0.536761
191	8	-0.192661
191	0	0.336819
191	4	0.0844456
191	174	0.486416
191	33	0.653931
191	79	0.792256
192	14	-0.289425
192	531	0.272059
192	107	-0.260496
192	75	-0.568757
192	14	0.847569
192	17	0.389585
192	29	-0.242386
192	25	0.220736
192	95	0.195334
192	92	-0.647257
193	6	0.407684
193	1	-0.138901
193	48	-0.718656
193	22	0.151691
193	3	-0.512534
193	23	0.257127
193	8	-2.07151
193	3	0.962564
193	1	0.722282
193	126	-0.00389949
193	6	-1.56622
193	27	0.234922
193	3	0.0364685
193	7	-0.71673
193	46	0.530666
193	183	0.102783
194	26	0.354686
194	24	0.0174496
194	12	-1.00146
194	165	-0.166525
194	112	-0.843011
194	96	0.690319
194	16	0.00739551
194	21	-1.1196
194	112	0.493846
194	38	0.358519
194	847	-0.25031
194	121	-0.453986
194	6	-0.62059
195	0	-1.4812
195	73	-0.00946902
195	29	0.504472
195	98	0.801971
195	12	-0.369445
195	307	-0.420189
195	241	-0.723287
195	26	-1.10031
196	10	0.495277
196	20	0.169195
196	6	-1.16124
196	21	-1.41592
196	6	-0.868208
196	9	2.26779
196	19	1.9149
197	3	-0.452392
197	22	0.366712
197	1	1.50904
197	98	0.341995
197	11	-0.0962907
198	92	0.59479
198	0	-0.477484
198	6	0.964876
198	27	-0.0277173
198	46	0.454351
198	128	-0.926005
198	54	-0.120954
198	108	0.192701
198	4	-0.564293
198	36	0.347125
198	45	-0.270134
198	10	0.893033
198	60	0.829152
198	6	0.380272
198	47	-0.716518
199	4	0.909876
199	191	0.558952
199	72	-0.81383
199	224	-0.309405
199	81	-0.0907579
199	116	0.585148
199	19	-1.33955
200	20	1.5151
200	17	0.72028
200	31	-0.0104874
200	5	0.81836
200	242	-0.073967
200	29	-1.01625
200	21	0.104777
200	31	0.358291
200	429	-0.582522
200	175	0.108122
201	66	0.887518
201	9	0.947238
201	196	-0.283056
201	15	-0.882223
201	31	-0.655134
201	400	0.911663
201	172	0.223171
201	41	-0.22434
202	22	0.155102
202	16	0.565357
202	18	0.675437
202	4	1.2337
202	103	-1.09601
202	6	-0.749847
202	60	-0.0747626
202	92	-0.260429
203	33	0.0589654
203	128	0.381143
203	116	-0.641811
203	4	1.61689
203	30	-1.05967
203	49	-0.766021
203	9	-0.780329
203	59	-0.236776
203	95	0.678408
203	583	0.407346
203	4	1.53732
203	0	0.641622
203	0	0.536985
203	125	0.810104
203	115	-0.448387
203	433	-0.244657
203	8	0.0195664
203	9	-0.850873
203	1627	-0.271579
203	15	0.457323
204	49	0.296602
204	207	0.269555
204	218	0.213259
204	52	0.3945
204	68	0.309776
204	42	0.366785
204	79	-0.149131
204	79	0.875879
204	8	-0.750446
204	18	1.49216
205	659	-0.829568
205	10	0.951501
205	4	-1.03889
205	116	0.399415
205	138	-0.850853
205	3	0.805128
206	25	0.667727
206	75	0.286614
206	31	-1.48549
206	12	-0.961022
206	3	0.850714
206	33	-0.00658903
206	159	0.16983
206	234	0.867411
206	56	0.325204
206	68	0.33474
206	0	-1.36835
206	3	-0.43977
207	135	-0.265701
207	102	-1.18426
207	58	0.710509
207	92	0.110364
207	2	2.46585
207	131	0.605139
207	439	1.00982
207	21	1.10074
208	6	-0.783409
208	43	-0.368298
208	48	0.990972
208	14	-0.483078
208	10	0.913926
208	26	-0.567064
208	0	-0.300847
208	8	1.02859
208	33	0.149504
208	2	-0.869786
208	11	0.293533
208	38	2.22556
208	133	1.0253
208	6	1.64617
209	30	0.409073
209	233	-0.380653
209	27	0.882582
209	118	-0.798588
209	13	-0.907307
209	323	-0.264686
209	240	0.487163
209	190	0.0138282
209	489	0.245346
209	25	0.577128
210	122	0.703612
210	2	-2.97983
210	3	0.687476
210	80	-1.88117
210	5	-0.0200985
210	6	-0.637713
211	254	0.109939
211	17	0.489746
211	46	-0.845068
211	3	-0.285092
211	213	0.215133
211	44	-1.0944
211	130	0.0452239
211	19	0.532625
212	57	-1.32711
212	55	-0.349306
212	105	0.0344088
212	27	-0.384266
212	15	-0.0681008
212	26	-0.254452
212	40	-0.353543
212	116	-0.0391895
213	5	-0.611426
213	0	-0.838924
214	82	-0.94172
214	7	-1.02466
214	12	-0.78127
214	15	-1.45895
214	45	-0.1703
214	520	-0.725051
214	193	0.107439
214	66	0.0613753
214	20	-0.415503
214	62	-0.575492
214	113	-0.391583
214	37	-0.705343
215	23	-0.940214
215	206	-0.819564
215	18	0.319161
215	250	-1.10118
215	3	3.95554
215	2	-1.88482
215	50	-0.31733
215	44	-1.02309
215	70	-0.699713
215	18	-0.298619
216	40	0.203886
216	336	0.227937
216	98	-0.502949
216	11	-0.162501
217	41	2.04311
217	125	-0.151554
217	156	-0.271622
217	580	0.371038
217	441	0.206768
217	60	-0.233261
217	12	0.144232
217	49	0.313898
217	17	0.508558
217	21	0.51767
217	20	0.609684
218	3	0.501198
218	73	0.378137
218	257	0.136443
218	128	0.25867
218	140	0.631664
218	19	0.0263208
218	7	0.298564
218	47	0.90621
218	202	0.19687
218	140	0.048214
218	2	-1.8851
219	193	0.17897
219	224	0.641607
219	7	-2.56673
220	81	-0.00381379
220	28	-1.10756
220	83	0.716007
220	22	1.22971
220	86	-0.803666
220	31	-0.614724
220	46	0.52207
220	155	0.0716271
220	68	0.868517
220	99	1.22064
220	2	0.774235
220	9	1.47526
221	30	0.943052
221	4	-0.720883
221	41	0.0569986
221	17	0.861467
221	10	-0.674568
221	9	-0.300986
222	32	0.42383
222	96	0.47171
222	46	0.370094
222	10	-0.669948
222	2	0.266813
222	10	-0.556383
223	1	-1.31619
223	18	0.939334
223	17	0.7362
224	14	-0.702918
224	1	3.05183
224	1	0.592669
224	245	0.570591
224	129	-0.319101
224	164	0.789243
224	335	0.143901
224	154	-0.446869
224	213	0.821079
224	165	0.0984461
224	14	-0.228561
224	112	-0.74889
224	1	-0.45968
224	36	-0.349092
224	10	-1.36359
225	102	-0.28445
225	361	-0.446343
225	40	1.24385
225	14	-0.314873
225	9	-0.25971
225	40	-0.183727
225	13	0.729746
225	31	0.713376
225	6	0.794886
225	189	-0.298076
225	257	-0.526141
225	6	0.219696
225	3	-0.271314
226	32	0.775845
226	46	0.90851
227	12	-0.35332
227	88	-1.32943
227	31	1.23578
227	39	-0.50922
227	53	1.16204
227	24	0.679167
227	49	-0.221208
227	154	0.414592
227	26	1.69395
227	0	-1.36651
228	279	-0.149552
228	0	0.870351
228	14	0.610714
228	65	0.0813217
228	34	-0.445243
228	93	-0.238752
228	191	-0.900167
228	1	1.18445
228	72	-0.147339
229	13	0.256315
229	86	1.3114
229	62	-0.390144
229	132	-0.197325
229	47	0.700099
230	28	0.164384
230	75	-0.977562
230	23	0.432241
230	140	-0.981363
230	8	-0.0963799
230	42	-1.20356
231	34	0.165992
231	27	-0.567133
231	18	-0.4947
231	278	0.921105
231	106	-0.107179
232	2	-0.0616392
232	81	-0.530591
232	51	0.519234
233	12	0.240407
233	32	0.545192
233	16	0.285802
233	10	0.0856968
233	100	1.11328
233	66	0.773579
233	157	0.530427
233	5	-1.05795
233	3	-0.673613
233	9	0.205183
233	192	0.95317
233	37	-1.03998
233	20	0.732275
233	105	0.703321
234	3	-0.688008
234	64	0.697072
234	25	-1.00459
234	20	0.220903
234	5	0.912474
234	911	0.173272
234	222	0.0293456
235	30	-0.128739
235	2	-1.35708
235	83	-0.852248
235	54	-0.242649
235	108	0.369562
235	8	0.723335
235	215	-0.312576
235	15	1.31961
236	15	0.89505
236	23	-0.160978
236	30	-0.100753
236	15	-0.01396
236	24	0.245647
236	9	-0.414735
237	130	-0.128836
237	16	-0.873166
237	29	-0.78398
237	10	0.0409637
237	6	1.39901
237	20	0.175255
237	6	0.724201
237	165	0.525423
237	11	-0.483479
238	24	0.910784
238	15	-1.06914
238	12	-0.61452
238	27	0.0323417
238	73	-0.00946247
238	66	-1.19106
238	6	1.85231
238	68	-0.908548
238	185	-0.605027
238	113	0.104027
238	278	-0.214113
239	3	-0.0485212
239	66	0.637482
239	16	0.409818
239	169	1.03738
239	2	-0.0949232
239	2	-0.214407
240	31	0.836012
240	63	-0.0513016
240	9	0.100536
241	21	-1.48192
241	18	0.16361
241	58	0.285824
241	18	-1.55753
241	209	-0.994623
241	61	-0.173755
241	8	-0.647795
241	2	0.434984
241	60	-0.0151392
241	117	0.377405
241	43	-0.536495
242	6	-1.85247
242	16	1.1808
242	61	0.0560983
242	25	-0.230739
242	350	-0.408129
242	16	0.0968467
242	28	-0.330863
242	58	0.32697
242	349	0.741771
243	86	-0.95251
243	1246	0.253563
243	12	-0.784811
243	114	0.217997
243	4	0.154862
243	34	-1.02594
243	10	-1.91954
243	2	0.071061
244	17	-0.136287
244	80	-0.0653357
244	82	-0.538002
244	14	0.428381
244	67	0.226983
244	16	0.0714048
244	91	-0.307931
245	254	-0.12029
245	18	0.800103
245	31	1.20312
245	93	-0.260609
245	14	0.259703
245	0	-0.431686
245	172	0.458854
246	3	1.80689
246	56	-0.507837
246	19	0.862118
246	35	1.4419
246	20	0.1854
246	6	0.270101
246	3	0.246633
246	13	-0.316376
246	36	-1.45162
246	23	-0.142113
247	47	0.243348
247	139	-0.0206016
247	142	0.750385
247	5	-0.000887039
247	41	-0.103785
247	0	0.413442
248	1003	-0.427953
248	113	-0.546332
248	12	0.71764
248	44	0.123119
248	19	0.490051
248	8	-0.0714664
248	4	-0.179929
248	10	-0.435614
248	229	0.328051
248	15	0.199156
248	46	-0.0210483
249	0	-1.51019
249	11	-0.58314
249	88	1.19648
249	33	0.296779
249	51	-0.830949
249	12	-0.289658
250	83	-0.132011
250	166	0.859091
250	203	-0.085817
250	250	0.0301991
250	78	-0.82627
250	298	-0.0241145
250	233	0.552745
250	249	0.618579
250	25	-0.564305
250	5	0.263073
250	72	0.426517
250	61	0.916478
251	16	-1.67035
251	9	-0.328472
251	11	-0.515311
251	55	-0.253635
251	776	-0.284779
251	89	0.643477
251	194	-0.596001
251	35	-0.250684
251	17	-0.16592
251	27	1.07847
251	19	0.512303
251	52	-0.734427
251	155	0.0678497
251	215	0.0218373
251	12	0.50555
251	27	-0.259617
251	119	-0.793875
251	60	1.05238
251	102	0.318776
251	16	1.27179
251	813	-0.11293
251	8	1.27591
252	17	0.243904
252	5	-1.57798
252	333	-0.275796
252	254	-0.201391
252	0	-0.0011617
252	0	1.84721
252	20	1.25738
252	65	-0.605992
252	2	3.42103
252	23	0.349545
253	59	-0.435684
253	11	0.440621
253	7	0.199301
253	605	0.674983
253	123	-0.221155
253	6	0.873153
254	7	1.5395
254	31	0.364699
254	4	0.192253
254	40	-1.76366
254	0	-0.7551
254	45	0.750699
254	34	-0.80436
254	0	0.630326
254	34	-0.37134
254	34	-0.543158
255	0	-0.54241
255	119	0.467614
255	13	0.215716
255	25	1.40763
255	155	-0.157945
255	51	0.952742
255	66	0.414074
255	82	0.0408742
255	39	-1.91887
255	81	0.26477
255	29	-0.786594
255	2	-0.034834
256	17	-0.261436
256	8	-0.318507
256	12	-1.02205
256	97	0.174682
256	121	0.663265
256	12	1.10482
256	23	1.3558
256	4	0.13548
256	58	0.0659296
256	38	-0.31837
256	2	0.520658
256	2	0.156792
256	11	1.24281
256	50	0.191567
257	29	-0.683082
257	66	0.103581
257	50	0.476044
257	8	1.88048
257	23	0.499932
257	42	1.5832
257	108	-0.287708
257	127	-0.411941
258	1571	0.169693
258	7	0.848636
258	102	-1.00569
258	55	-1.25068
258	4	-0.323415
258	72	-0.152024
258	22	0.101953
258	124	0.424686
258	11	-0.705747
258	78	-0.363938
258	13	0.773045
258	0	-0.738717
258	17	-0.411858
258	48	0.230241
258	6	1.56645
258	91	-0.0296927
258	46	-0.137462
258	138	0.49641
258	306	0.280744
259	12	0.333144
260	59	-0.507283
260	276	0.129114
260	61	1.3287
260	197	-0.971822
260	1211	-0.0879689
260	123	-0.381831
260	78	0.467122
260	3	-0.960857
260	5	-0.539991
260	79	1.25063
260	14	-0.325167
260	22	-1.29191
260	77	-0.574877
261	13	1.35349
261	7	0.137254
261	54	-1.04317
261	377	-0.665128
261	39	-1.15315
261	1501	-0.163094
261	6	1.10096
261	52	-0.240489
261	25	-0.203435
262	19	0.970321
262	20	-0.328466
262	1244	-0.139085
262	363	-0.0758451
262	294	0.0601423
262	289	0.125958
262	254	1.24729
262	103	-1.28848
262	31	0.827811
262	32	0.189371
262	59	0.62388
262	216	-0.992989
262	3	0.528406
262	30	0.330481
262	44	0.158377
263	170	0.219281
263	7	-0.738003
263	20	-0.236098
263	2	1.41693
263	20	-0.119173
263	48	0.380142
263	38	0.705245
263	54	-0.563892
263	0	0.306314
263	33	1.81405
263	53	-0.354819
264	18	0.101327
264	10	-0.289022
264	390	-0.050926
264	12	1.24906
264	16	0.096705
264	37	1.3781
264	507	0.11892
264	34	1.43678
264	8	-0.619261
265	233	-0.681731
265	12	0.762139
265	50	1.90008
265	150	-0.822652
265	0	1.0232
265	10	-0.362815
265	18	-0.796088
265	37	0.587401
265	358	0.414983
265	122	0.383532
265	9	0.549432
266	46	-1.69004
266	1	-0.57216
266	13	-0.735121
266	10	-0.691938
267	5	0.915444
267	138	-0.532088
267	110	0.539156
267	11	-1.96873
267	5	-0.707049
267	84	-0.870901
267	80	-0.574623
267	81	-0.274104
267	51	-0.19467
267	59	-1.43811
267	126	-0.541989
267	18	0.545898
267	8	1.08365
268	2	-0.773672
268	2	-1.61297
268	72	-0.133504
268	84	-0.365204
268	2	-0.10791
268	1197	-0.475545
268	32	0.612012
268	33	0.17043
268	66	-0.138131
268	2	-0.169016
268	314	0.402206
268	219	0.582277
269	323	0.353818
269	17	0.0355472
269	0	-0.808057
269	15	-1.31305
269	19	-1.1397
269	55	0.0136072
269	35	0.8198
269	37	0.178226
269	0	-0.599445
269	45	0.763379
269	15	0.223339
269	32	0.493593
269	76	-0.715497
270	2	0.909132
270	97	0.880775
270	145	-0.608292
270	9	1.01945
270	91	-0.248278
270	231	-0.273297
270	5	-0.780113
270	0	-1.30304
270	111	-0.515028
270	11	1.39393
270	19	-1.11956
270	9	-0.441148
270	100	0.0387649
270	174	0.146024
270	6	-0.161331
270	143	1.11391
270	46	-1.85503
270	17	0.531932
271	2	-1.06902
271	5	0.574195
271	124	0.558169
271	12	0.343618
272	90	-0.878561
272	1	0.182207
272	22	-0.0501662
272	5	-0.198607
272	228	-0.200567
272	464	-0.370914
272	25	0.269845
272	46	1.38159
272	11	0.214622
272	53	-0.2533
272	23	0.118974
272	49	-0.918077
272	15	-0.511477
272	2	2.34756
273	33	0.974263
273	63	0.456324
273	10	0.456657
273	230	-0.229995
273	2	2.49072
273	124	0.930747
273	72	0.143002
273	34	-1.26841
274	40	0.600243
274	6	-0.891372
274	45	1.19011
274	18	-1.83427
274	78	-0.282594
274	2	-0.349982
274	19	0.173122
274	87	1.69489
274	52	-0.839328
274	295	0.402908
274	16	-0.243234
274	45	0.197916
274	20	0.225583
274	110	0.336661
274	33	0.649656
275	10	1.12367
275	12	-0.176775
275	47	-0.301151
275	26	0.818991
275	29	-0.300563
275	211	-0.162672
275	34	-1.01244
275	43	-1.11404
275	24	0.847004
275	101	-0.704349
276	1	0.0538285
276	128	0.649345
276	180	0.0349952
277	31	0.272715
277	1	-0.768185
277	28	-0.832749
277	99	-1.0191
277	63	0.192168
277	6	-0.563627
277	49	-1.83204
277	31	-0.452934
278	5	-0.143722
278	88	0.771622
278	75	-0.0242523
278	16	0.047049
278	14	-0.3029
278	5	-0.0102408
278	80	-1.2591
278	181	-0.333608
278	109	0.393515
278	5	0.0174487
278	39	0.136572
278	63	-0.370167
278	2	0.295234
279	0	-0.593155
279	92	0.622097
279	21	-0.336177
279	4	-1.57215
279	26	1.20324
279	2	-0.00269807
279	528	0.74529
279	6	0.742908
279	10	-0.601145
279	6	-0.121216
279	1474	0.191052
279	924	-0.279599
279	19	-1.71984
279	22	-0.492542
280	6	1.53637
280	20	-0.813859
280	2	0.38474
280	32	-0.27146
280	21	-0.429863
281	5	-0.761028
281	29	-0.485302
281	43	-0.368029
281	7	-0.468946
281	221	0.185461
281	16	-0.164087
281	33	-0.547082
281	33	1.34403
282	5	2.04008
282	2	2.49792
282	119	-0.611476
282	9	1.85701
282	116	-0.366879
282	594	0.214218
283	124	0.46664
283	86	-0.726095
283	38	1.33406
283	148	0.323746
284	3	1.48628
284	43	-0.52617
284	400	0.606558
284	286	-0.197714
285	117	0.926444
285	73	-0.463972
285	20	0.675639
285	63	0.220313
285	1	1.16767
285	0	0.269021
285	23	1.50074
285	5	0.173047
285	42	0.0997274
286	140	-0.345263
286	8	-0.873069
286	3	-1.37946
286	44	-0.120113
286	29	0.314345
286	1	-0.291919
286	16	0.0896444
286	50	0.642023
286	39	-1.34948
286	41	0.0647718
286	134	-0.546607
287	499	0.171529
287	12	2.83591
287	24	-0.184424
287	17	-0.911623
287	0	0.194059
287	83	-0.493791
288	6	-1.8974
288	210	-0.990556
288	198	-0.287607
288	75	-0.232748
288	68	-0.78786
288	9	1.09152
288	4	0.281067
288	468	0.113855
288	9	0.0194577
288	1	-0.65393
288	20	-2.13664
288	20	-0.626161
289	191	-0.700845
289	8	1.51299
289	2	-0.350672
289	3	0.913584
290	19	1.15015
290	28	-0.133848
290	8	0.408132
290	2	0.27873
291	0	-0.784975
291	113	-0.628779
291	19	-1.99964
291	18	-0.162786
291	23	0.310354
291	170	-1.05276
291	19	0.140773
291	4	2.49126
291	53	-0.69352
291	0	-1.03728
291	78	1.06444
291	355	-0.00251048
291	12	-0.772868
291	37	-1.30264
292	43	1.09946
292	24	0.994894
292	11	0.214171
292	302	-0.640598
292	80	-0.832406
292	22	1.21142
292	64	-0.47919
292	2	-0.640391
292	0	0.607264
292	472	0.660073
292	66	0.418181
292	80	-0.975171
292	84	1.24609
292	724	-0.516361
292	259	0.21841
292	744	0.515458
292	277	0.383791
292	88	-0.395707
292	56	0.223636
292	642	0.443579
292	9	0.184038
293	11	-1.12242
293	33	0.490357
293	27	0.03202
293	143	-0.738939
293	194	0.175254
293	7	-0.549437
293	21	0.285211
293	98	-1.49572
293	363	-0.0862607
293	121	-0.0335002
293	108	0.930992
293	265	0.279959
293	213	-0.486527
293	239	1.087
293	29	-0.740846
293	24	-0.0114301
293	54	0.0407729
294	13	-0.26515
294	36	1.43732
294	44	-0.397721
294	11	-1.66576
294	65	-0.423664
294	406	-0.520275
294	14	-0.313733
294	27	-0.26597
294	151	-0.367669
295	244	-0.846917
295	132	-0.105322
295	99	-0.3649
295	241	0.109283
295	30	-0.929636
295	81	-0.692498
295	164	-0.263302
295	29	-0.713465
296	1	-0.159317
296	8	0.921185
296	27	0.249532
296	202	1.13771
296	86	-0.161141
296	119	-1.16454
296	0	-0.453956
297	14	1.08566
297	33	0.0593335
297	42	0.583248
298	24	-0.477919
298	256	-0.998691
298	15	-0.500883
298	1016	0.020356
298	161	-0.665259
298	21	-0.314303
298	2	-0.49086
298	5	-0.227357
298	48	-0.420048
298	55	-0.508128
298	12	0.280849
299	8	-0.462789
299	6	-1.66877
299	359	0.0462228
299	6	-0.273161
299	1379	-0.363526
299	59	-1.30137
299	5	1.60067
299	34	-1.33151
300	18	1.20981
300	99	0.377928
300	32	0.3287
300	96	-0.511055
300	55	0.300469
300	25	-0.779143
300	55	-0.70237
300	24	-0.649207
300	152	0.359735
300	33	-0.555961
300	12	-0.031801
301	29	-1.38275
301	261	1.35051
301	23	1.6354
301	40	-1.979
301	201	-0.123915
301	235	-0.0627152
302	84	1.46963
302	6	1.12879
302	277	0.0357157
302	0	-0.0253546
302	7	1.35903
302	2	-0.62885
302	255	-0.34457
302	512	0.506242
302	86	0.756365
302	72	-0.102529
302	80	1.60775
303	91	0.273985
303	10	-0.585127
303	126	-1.00843
303	144	-0.469785
303	5	-1.02184
303	58	-0.0154885
303	75	0.149942
303	48	-1.53958
303	1	-0.264276
303	223	0.566398
303	14	0.349902
303	0	-0.0857372
303	121	-0.0778538
304	97	0.455476
304	32	0.5095
304	6	-0.21236
304	190	-0.712173
304	26	-0.121702
304	4	1.03576
304	52	0.946279
304	88	-0.557891
304	4	-0.481389
304	75	-0.363586
304	110	0.863817
304	198	-0.233154
304	8	-1.73553
304	6	0.00785561
304	95	-1.00123
304	32	-0.825052
305	28	-1.18029
305	55	1.23113
305	50	0.585783
305	21	-0.113807
305	2	0.00951577
305	1	0.180037
306	126	-0.365618
306	215	-0.282268
306	47	-1.43614
306	9	0.990119
306	105	-0.667457
306	30	0.547115
306	6	-0.675805
306	17	1.85075
306	61	0.47657
306	56	1.1008
306	1050	-0.104843
306	10	-0.396476
306	10	1.42889
307	50	-0.840892
307	0	-1.66764
307	12	1.7059
308	15	1.0362
308	83	0.0575226
308	92	-0.809598
308	5	1.78262
308	36	0.836456
308	99	-0.444289
308	152	1.12297
308	30	0.3326
309	74	0.468618
309	74	0.0325498
309	6	-0.435513
309	333	-0.0779459
309	13	-0.183996
309	144	-0.849327
309	161	0.569502
309	8	2.02995
310	104	0.140474
310	17	2.12348
310	219	-0.339628
310	7	-0.648214
310	8	-0.804282
310	27	-0.42207
310	322	0.0975286
310	260	0.600484
310	176	-0.927321
310	22	0.522788
310	119	-0.196777
311	85	0.226056
311	23	1.12102
311	9	1.15953
311	32	-0.449346
311	97	-0.72251
311	178	-0.818488
311	38	-0.0451161
311	147	0.452419
311	217	0.581274
311	198	-0.0833902
311	17	1.72319
313	18	-0.147286
313	46	-0.368045
313	74	0.745488
313	70	0.742953
313	3	0.128567
313	31	-0.26145
313	12	0.812255
313	12	0.799638
313	33	-2.323
313	8	0.247965
313	73	-0.0328105
313	111	0.194694
314	2	0.350255
314	25	-0.605981
314	15	-0.653428
314	216	-0.15847
314	166	0.910424
314	186	0.0999679
314	182	-0.386556
314	3	0.734795
314	14	-0.231884
314	55	-0.295527
315	89	0.355147
315	154	-0.0576956
315	73	0.870897
315	78	0.656697
315	48	-0.64042
315	45	-0.451404
315	83	-0.911125
315	76	-0.464925
316	16	0.73577
316	2	-2.70892
316	45	0.889454
316	17	0.094674
316	53	-0.105893
316	92	-0.0983855
316	0	-0.0915332
316	239	0.238925
316	1	-0.598719
316	18	0.766451
316	6	-0.797597
316	27	0.569035
316	2	0.932849
316	15	0.172836
317	76	0.429164
317	9	-0.680625
317	1	-2.76957
317	38	-0.514461
317	4	0.112292
317	50	-0.2402
318	15	1.41776
318	15	0.180379
318	18	0.398731
318	328	0.184702
318	2	-1.64895
318	52	-0.892865
318	31	-1.59268
318	16	0.112117
318	42	0.667432
318	278	-0.0627548
318	15	-0.0813351
319	16	0.936237
319	87	-0.68082
319	8	1.01298
319	8	2.75211
319	218	0.363375
319	31	-0.593751
319	41	0.313234
319	0	1.88902
320	34	-1.45945
320	116	0.415046
320	11	-0.00839093
320	162	1.25509
320	107	-0.127683
320	4	0.70216
320	372	0.732958
320	6	0.935535
320	94	0.604683
321	42	-1.35291
321	516	-0.0273755
321	3	0.301622
321	32	0.603575
321	5	0.90735
321	212	0.998119
321	35	0.14785
322	154	-0.176669
322	10	0.0397234
322	9	0.37489
322	642	-0.0154444
322	45	-1.7355
322	1	1.5989
322	81	0.952418
322	6	-0.327132
322	175	0.0273656
323	14	1.31321
323	23	-0.494492
323	25	1.80908
323	120	0.18922
323	72	-0.0674921
323	37	-0.517719
324	52	1.05977
324	58	0.940567
324	16	1.54673
324	57	-0.585479
324	26	-1.81555
324	154	0.66186
324	0	-1.46356
324	16	0.389692
324	21	0.189327
324	82	-0.151755
324	21	-1.05757
325	17	-0.168417
325	108	0.45426
325	53	-1.68753
325	451	-1.06404
325	237	-0.172407
325	2	1.09904
325	10	-0.854059
325	16	-0.130864
325	16	0.523132
325	33	0.147894
325	3	0.312615
326	126	0.434022
326	36	-0.0173202
326	281	-0.0512355
326	73	0.0671145
326	74	-0.54987
326	59	-0.390205
326	52	1.58711
326	37	-1.43347
326	67	0.862419
326	46	-0.145832
326	21	-0.368442
326	3	-0.334245
327	19	-0.709118
327	7	0.959167
327	3	-0.611784
327	14	-1.85336
327	223	-0.858161
327	148	-0.407139
327	168	0.707188
327	72	1.05485
327	52	-0.214004
327	7	1.02413
327	0	-0.229753
328	16	0.593469
328	8	1.07588
328	17	-0.641125
328	686	-0.269711
328	109	-1.46233
328	1136	-0.0142861
329	65	1.12849
329	742	0.117235
329	35	0.91394
329	15	-1.08481
329	164	-0.766827
329	16	0.885718
329	79	-0.153876
329	339	-0.0168547
329	5	0.767736
329	5	1.64245
329	22	1.60792
329	156	-0.386163
329	288	0.0784976
329	53	1.17664
330	7	-0.297772
330	45	0.491277
331	55	-0.161058
331	13	0.0433683
331	191	0.375198
331	211	0.0981499
331	58	0.0344866
331	6	-0.529589
331	1	0.806369
331	4	-0.90246
331	14	-0.765991
331	24	-0.282396
331	8	-0.879444
331	25	0.607943
332	21	0.681114
332	90	0.371871
332	20	0.582488
332	32	-0.596666
332	248	-0.00410491
332	206	0.483914
332	14	-0.996914
332	11	-0.548571
333	29	0.0714486
333	30	-0.725528
333	24	-0.393864
333	42	-0.711888
333	11	-0.797745
333	6	-1.02812
333	37	-0.548709
333	6	0.387948
333	76	0.659675
333	4	1.22897
333	75	0.0640376
333	96	0.451927
334	180	0.382163
335	16	-0.917155
335	0	-0.451173
335	106	-0.475111
335	59	-0.831305
335	2	1.23434
335	11	-1.56
335	7	-0.306835
336	0	0.992447
336	40	1.94562
336	10	-0.00791805
336	101	0.412621
336	178	1.29718
336	40	-0.667365
337	13	0.448923
337	44	0.219465
337	28	0.980514
337	20	-0.412182
337	11	1.79387
337	12	-0.168841
337	131	-1.44046
337	15	-0.509343
338	14	-2.39146
338	0	0.330645
338	26	0.670825
338	16	-0.495306
338	341	0.314025
338	64	-0.48578
338	551	0.206968
338	112	-0.954288
338	1	0.677119
338	59	0.0927747
339	89	-0.0220221
339	2	-0.534446
339	89	-0.155096
339	37	0.462274
339	55	0.901654
339	46	-0.405904
339	16	1.02748
339	18	-2.02142
339	41	0.588558
340	5	0.344516
340	6	0.13683
340	1	0.518849
340	2	-0.825396
340	2	-0.0940398
340	16	-1.03171
340	152	0.386469
341	284	0.150429
341	9	0.695645
341	61	-0.570977
341	2	0.0318727
341	6	-0.614781
341	71	-0.175734
341	23	-0.486133
341	8	-1.60844
341	20	0.200894
342	19	0.33168
342	12	-0.633808
342	102	-0.862204
342	6	-1.33669
342	8	-0.646197
342	0	-0.616214
343	23	-0.787738
343	3	-0.443401
343	624	0.0774951
343	437	0.766296
343	20	-0.0854882
343	102	0.647795
344	0	-0.779899
344	1158	-0.463471
344	1	0.796222
344	22	0.146963
344	4	1.15309
344	3	0.0404517
344	103	0.327168
344	93	-0.313403
344	6	-0.519611
345	18	-1.75015
345	40	-0.842423
345	102	0.146238
345	42	-0.0460378
345	90	0.437506
345	9	0.434174
345	40	1.55689
345	1	-1.03332
345	0	0.281002
345	28	0.672413
345	3	-0.981781
345	13	0.403089
346	334	0.236487
346	104	0.0266628
346	128	-0.682438
346	0	-0.00491588
346	361	0.748429
346	25	0.436741
346	119	0.220784
346	46	0.135506
346	1077	0.415696
347	60	0.41883
347	27	-0.336404
347	555	0.123768
347	8	0.38023
347	26	-0.11876
348	10	-0.51478
348	17	0.500285
348	22	0.585479
348	2	-1.56573
348	54	-1.18448
348	53	0.133531
348	62	-0.836107
348	20	0.984226
348	28	-0.309211
348	28	-0.862867
348	35	-0.0407141
348	10	0.0130923
348	171	0.206405
349	150	-0.174033
349	111	-0.921579
349	9	1.0883
349	19	0.713118
349	11	-0.705907
350	38	-0.98405
350	0	-1.54713
350	57	0.630424
350	72	0.509021
350	54	0.469624
350	83	-0.394457
350	41	-1.13112
350	4	2.13308
350	28	-1.4736
350	71	-1.46613
351	22	-0.889897
351	32	0.377499
351	13	-0.304541
351	51	-0.0830903
351	0	-0.22579
351	59	1.55191
351	33	-1.49108
351	13	-0.000166724
351	96	-0.680127
351	12	-0.0170529
352	8	0.328687
352	9	0.578759
352	13	1.44361
352	27	0.228949
352	98	-0.333212
352	13	-0.123047
352	19	-0.449802
353	0	-1.82835
353	44	-0.494471
353	97	-0.26121
353	46	0.254466
353	6	1.26881
353	13	0.00399453
353	0	1.30695
354	204	-0.657781
354	20	-0.336345
354	1318	0.0699393
354	41	0.442061
354	133	-1.3239
354	210	-0.588281
354	286	-0.234094
354	356	0.771588
354	221	0.162646
354	33	-0.350736
354	14	-0.838283
355	0	-1.61374
355	21	0.235616
355	340	-0.537005
355	313	0.352278
355	18	-0.0612298
355	31	-1.06744
355	57	0.468904
355	211	0.313567
355	7	0.387817
355	86	1.09525
355	12	-0.0726096
355	337	-0.829814
355	1026	0.214084
355	107	-0.482104
355	153	-1.0928
355	22	0.413104
355	22	-1.16805
356	4	0.539693
356	24	0.20805
356	54	-1.11643
356	48	0.389469
356	20	0.35794
356	2	-1.1411
356	227	0.659719
356	12	0.096084
356	63	-0.817137
356	53	1.44517
356	80	0.903751
356	158	0.41114
356	33	-1.36678
356	30	0.0813891
357	13	-0.0297181
357	2	-0.661709
357	2	-0.277925
357	86	0.744208
357	8	-0.213265
357	274	0.541142
358	90	-1.4698
358	533	0.670666
358	60	-0.199792
358	18	-0.110174
358	9	-0.134818
358	27	-1.54223
358	42	-0.476081
358	8	0.599637
358	14	0.0734014
358	188	0.357166
358	19	-0.643474
358	9	0.694383
358	215	0.770998
358	112	-0.416969
358	27	1.25026
358	306	0.834452
358	104	0.0443766
358	127	0.26583
359	12	-1.16074
359	201	0.190776
359	0	0.684043
359	139	-0.654804
359	18	-0.298584
359	24	-1.63376
360	435	-0.0908258
360	52	-0.388189
360	48	-0.450814
360	83	0.487376
360	3	0.0435863
360	29	1.09229
360	41	-0.577867
360	13	-0.399443
360	189	0.327641
360	12	2.40106
360	6	0.718084
360	7	0.48885
361	38	0.440608
361	17	0.804322
361	94	-0.165961
361	125	-0.291803
361	69	-0.447183
361	19	0.825941
361	0	-0.554643
361	1	1.21534
361	24	0.916136
361	71	-0.687742
361	43	0.530344
361	25	0.627177
362	30	0.1711
362	27	0.270939
362	342	0.515249
362	23	0.196756
362	102	-0.269788
362	0	-0.907646
362	104	0.68608
362	20	2.15724
363	12	2.03801
363	63	0.0391371
363	0	-0.848508
363	11	-1.0839
363	5	0.59462
363	56	0.479969
363	11	0.729692
363	1042	0.28288
363	216	-1.10602
363	11	0.786167
364	0	-2.75438
364	25	-0.599411
364	471	0.381774
364	2	-0.275502
364	23	0.647152
364	40	-1.61269
364	41	0.213692
364	100	-0.479632
364	15	1.0242
364	10	1.05243
364	17	1.09518
364	66	0.78545
364	62	-1.25672
364	136	-0.355078
365	3	1.15559
365	62	0.359867
365	29	0.688101
365	3	-0.183311
365	13	0.400486
365	45	0.685768
365	185	0.942465
365	24	0.146593
365	23	0.187274
365	20	0.0827232
365	12	-1.99959
365	1	0.000593709
366	39	0.0602261
366	3	-1.38049
366	13	0.41272
366	6	-0.814765
366	24	0.63204
366	33	-0.268371
366	28	-1.23526
366	19	0.383043
366	0	-1.7292
366	81	1.14092
366	19	-0.106643
367	27	0.605739
367	16	-0.542419
367	61	0.505676
367	168	0.0560122
367	9	1.23215
367	5	1.35241
367	18	-0.35465
367	170	0.536528
367	46	-0.0192176
367	318	-0.0193142
367	35	1.54758
367	67	-1.223
367	79	-0.2955
367	39	-0.471408
368	99	-0.00931349
368	41	0.737969
368	17	-0.721116
368	10	0.183599
368	10	-1.42891
368	112	-0.338811
368	25	0.266994
368	0	-1.71196
369	1	-1.93128
369	13	0.215724
369	38	0.731261
369	251	0.202939
369	8	-2.23985
369	4	0.424956
369	46	0.497999
369	276	-0.153892
369	633	0.423571
369	128	0.959199
369	524	0.117291
370	106	0.278139
370	71	1.25926
370	110	-0.437473
370	5	0.587104
370	9	0.739755
370	0	0.647432
370	27	-1.42844
370	6	-0.327289
370	9	-0.767571
370	887	-0.126811
371	3	1.39786
371	11	0.783321
371	3	-0.990353
371	48	0.84048
371	161	-0.0862288
371	43	0.765274
371	81	-0.149988
372	195	0.129907
372	14	0.0994993
372	6	0.175177
372	9	0.436467
373	56	-0.412629
373	1	-0.197413
373	48	-0.125381
373	9	0.525791
373	26	0.394561
373	15	-1.14337
373	94	-0.054315
373	8	-0.7739
373	16	-0.308166
374	0	-0.828498
374	5	0.827402
374	113	-0.508101
374	11	0.124019
374	51	0.956813
374	2	0.697913
374	24	-0.590132
374	22	0.287478
374	55	0.659914
374	6	-0.120571
374	16	0.377173
375	16	1.57216
375	19	-1.16997
375	326	0.274767
375	2	0.354208
375	18	-0.307222
376	17	-0.151948
376	87	0.676057
376	6	1.5138
376	4	-2.20707
376	56	-0.789398
376	5	1.59009
376	76	0.857003
376	61	-0.122731
376	176	0.0830573
376	10	-1.84956
376	1	-0.305828
376	6	-0.699324
376	6	0.921204
376	41	0.177543
376	348	-0.417749
377	99	0.960823
377	15	-0.567998
377	141	0.435447
377	7	0.197745
377	21	-1.11529
378	2	-0.857822
378	55	0.246743
378	6	0.912655
379	68	0.39711
379	33	-0.629091
379	0	-0.966038
379	5	1.05592
379	168	0.103242
379	76	-0.0859315
379	22	0.186005
379	17	1.27183
379	20	0.137982
379	198	0.416687
379	54	-0.402781
379	183	0.0584895
379	62	-0.215581
380	42	0.385537
380	458	-0.266546
380	27	0.288703
380	195	0.104938
380	55	-0.3991
380	429	0.169037
380	834	0.049433
380	1	-2.55556
380	4	1.83423
380	8	-0.555947
381	14	-0.136443
381	33	-1.03665
381	3	-0.575914
381	18	-0.130236
381	37	-1.16847
381	101	0.291729
381	18	1.44839
381	47	-0.461568
381	346	0.279751
381	21	1.17873
382	0	0.269596
382	31	-0.0494894
382	25	0.804824
382	324	-0.0519103
382	20	0.263133
382	20	0.642004
383	53	0.0564929
383	153	0.103506
383	304	0.322466
383	15	0.375445
383	18	-0.0983625
383	8	-1.00419
385	57	-0.314258
385	90	-0.0237174
385	142	-0.348403
385	102	-0.0103153
385	97	-0.410112
385	2	0.306331
386	20	0.71872
386	55	-0.173948
386	68	-0.172217
386	536	0.563645
386	149	0.0291397
386	19	-0.347965
386	98	0.806822
386	3	0.657361
387	25	-0.644529
387	33	0.295805
387	144	0.390859
387	127	-0.842449
387	64	0.661206
387	33	-0.770568
387	44	-0.909682
387	31	-0.259889
387	148	-0.0879082
388	26	0.351215
388	13	0.437863
389	10	0.390203
389	74	0.329852
389	147	-0.964608
389	6	1.31961
389	308	-0.284986
389	6	-0.0450804
389	17	-0.722304
389	12	0.0859265
389	42	1.20346
389	339	-0.446666
389	13	-0.417684
389	3	1.12743
390	11	-0.873341
390	8	0.44479
390	29	-3.02948
390	49	-0.0318838
390	7	0.113455
390	6	-0.234667
390	57	-0.649098
390	46	0.999207
390	155	-0.0843112
390	202	-0.148333
390	67	-0.804519
391	9	-1.22655
391	5	-0.0872293
391	119	-0.528471
391	378	-0.143851
391	644	0.505653
391	15	-0.947453
391	9	-0.00243423
391	17	1.24206
392	150	0.483477
392	50	0.783335
392	720	0.348414
392	1	-1.07666
392	63	0.241901
392	31	-1.00313
392	142	-0.1781
392	545	0.0246619
393	23	-0.556438
393	295	0.19488
393	9	-0.63267
393	340	0.313069
393	90	0.549395
394	53	-1.29831
394	1	-0.475845
394	4	1.38544
394	26	0.726181
394	443	0.626871
394	38	-1.88387
394	11	0.74254
395	4	1.79423
396	12	-1.24469
396	20	0.425536
396	7	0.5641
396	96	1.57097
396	22	0.794632
397	6	-0.127463
397	216	0.481133
397	4	0.388532
398	30	-0.15091
398	42	0.176203
398	19	0.471624
398	55	-0.393186
398	95	1.35944
398	17	-0.220067
398	124	0.619323
398	116	-1.36071
398	61	-1.46487
398	27	0.0587812
398	45	0.567112
399	360	-0.0464493
399	134	0.200308
399	78	-0.0550797
399	57	0.383071
399	24	-0.663307
399	24	-0.44505
399	15	-0.898755
399	567	-0.0493739
399	23	-0.515893
399	30	1.44466
399	93	-0.215116
400	68	-0.119811
400	12	-0.303172
400	6	0.452726
400	21	0.0710331
400	69	0.229211
400	27	0.291396
400	59	0.389602
400	9	-2.54554
400	9	0.747137
400	9	-1.34109
401	19	-0.119507
401	175	1.01021
401	237	-0.727392
401	90	-0.157335
401	52	0.43329
401	118	-0.093585
401	98	-0.649818
401	25	0.185668
401	15	0.226788
401	3	-1.11962
401	36	0.253205
402	252	0.51174
402	132	0.219653
402	47	0.449809
402	0	-0.2559
402	18	-0.708051
402	186	-0.652572
402	135	0.29395
402	154	0.0404615
402	287	-0.456245
402	124	0.207003
402	84	1.22639
402	28	0.00441608
402	31	-0.0376422
402	83	0.443601
402	165	-0.594007
402	1	-0.708046
403	141	-0.0261225
403	45	1.00409
403	76	-0.124059
403	0	-1.13956
403	352	5.43868e-05
403	25	0.15618
403	19	0.527503
403	62	0.61385
403	20	-1.93427
403	47	-0.273336
403	4	-1.08769
403	10	-0.747938
403	21	-1.12173
403	8	-1.12586
403	422	0.72328
403	3	-1.41559
403	25	-0.704698
403	41	1.54492
403	4	-0.399695
404	62	-0.337536
404	387	-0.294764
404	116	0.00215844
404	32	-0.540067
404	529	0.624267
404	69	-0.169895
404	59	0.049258
404	18	-0.798383
404	24	1.04244
405	46	0.456017
405	17	-1.00583
405	13	-0.320149
405	1	-0.651712
405	40	-0.676409
406	57	-0.555163
406	299	-0.699856
406	33	0.318183
406	7	-0.750027
406	108	0.568888
406	203	-0.0120672
406	86	-0.302024
406	206	-0.234449
406	24	0.938543
406	6	-0.0129708
406	45	0.208718
407	4	0.842923
407	13	-0.0209102
407	24	0.904162
407	72	1.43046
407	8	1.39151
407	62	0.470188
408	154	0.154422
408	9	0.589469
408	20	-0.2123
408	22	0.724802
408	12	-0.187508
408	200	-0.796807
408	18	-0.217252
408	13	-0.0425199
408	12	-0.600479
408	63	-0.651987
408	6	0.189481
408	83	-0.337888
408	423	0.0513184
409	136	0.92336
409	42	-0.649301
409	136	-0.518383
409	24	0.908771
409	73	-0.125257
409	161	-0.825393
409	4	-1.08136
409	6	-0.133826
409	3	-1.0065
409	61	-0.457764
409	2	-0.79285
409	565	0.35096
410	267	-0.420019
410	47	0.697186
410	36	0.960475
410	359	0.0300905
410	37	-1.09938
410	171	0.831916
410	29	1.77753
410	68	1.4126
410	1	-0.029404
411	8	0.490839
411	8	-1.06689
411	17	-0.384445
411	6	-0.729544
411	3	0.054803
411	8	1.07787
411	24	1.03862
411	31	-0.148934
411	0	0.387505
411	25	0.0303548
411	410	0.156388
411	42	-0.659871
411	79	-0.634222
411	46	-0.603123
411	82	-0.0227741
412	0	1.70576
412	9	-1.86362
412	25	-0.40252
412	75	1.16201
412	19	0.306471
412	117	-0.309731
412	43	0.0112718
412	37	0.104385
413	61	2.03009
413	8	-0.0748168
413	32	-0.0817455
413	71	-0.376106
413	339	0.657689
413	109	0.0278798
413	178	-0.41469
413	74	-0.878364
413	12	0.582714
413	56	-0.637855
414	4	-0.539356
414	82	0.805889
414	8	0.296075
414	100	0.470883
414	122	0.216731
414	19	-0.843328
414	6	0.253637
415	41	-2.33847
415	5	0.0613254
415	20	-0.256953
415	5	-0.752017
416	135	-0.810783
416	33	0.697287
416	9	-0.0447947
417	18	0.111522
417	81	-0.125183
417	601	-0.376263
417	406	-0.415184
417	176	1.11008
417	52	1.21007
417	154	-0.275797
417	29	0.700209
418	15	0.737413
418	854	-0.0855587
418	251	-0.170902
418	319	0.841111
418	20	-1.35361
419	17	-0.168142
419	2	0.0138438
419	103	0.439885
419	19	-0.0666259
419	3	-0.834383
419	79	-0.523993
419	16	-0.0684565
419	25	-0.404254
420	648	0.512527
420	38	0.0427409
420	31	-0.102116
421	1	1.5667
421	662	-0.422164
421	34	-0.274734
421	98	0.552832
421	205	0.859817
421	5	-0.804789
421	35	0.421833
421	5	-1.26792
421	38	-1.1515
421	2	-0.052223
422	27	-0.531067
422	3	-0.667346
422	51	1.0892
422	7	-0.596597
422	220	-0.96045
422	14	0.542702
422	69	0.696039
422	45	0.428844
422	206	0.430838
422	206	-0.147793
422	230	-0.612478
422	9	-1.0941
423	90	0.810432
423	5	0.603647
423	1	0.448224
423	50	-0.332969
423	55	0.0599744
423	42	-0.0177677
423	6	0.423579
423	3	-1.55702
424	76	0.0697064
424	4	-0.132932
424	45	-0.510204
424	72	-0.57259
424	11	-0.593571
424	271	0.12453
424	34	-0.994591
424	19	-1.66261
424	52	-0.91618
425	45	0.0232911
425	76	-0.581507
425	16	-0.374082
425	43	-1.0295
425	45	1.15029
425	385	0.0135522
425	904	0.0773977
426	90	0.287937
426	2	-0.244573
426	59	-0.910368
426	16	-0.839646
426	65	1.24646
426	85	0.827163
426	70	0.592745
426	1	0.362912
426	27	-0.637022
426	40	-0.431864
426	2	-1.7343
426	42	0.653973
427	211	-0.42701
427	22	0.096543
427	60	0.183829
427	7	0.271926
427	24	1.20058
427	8	1.0061
427	28	-0.665515
428	21	1.0495
428	1	-0.204325
428	120	0.260364
428	13	0.748192
428	6	-1.31186
428	9	-0.197915
429	0	0.122345
429	3	0.525175
429	1	-1.40807
429	8	0.407699
429	11	-1.63152
429	304	0.322024
430	48	0.716175
430	27	0.386342
430	67	-0.155476
430	20	-0.00910312
430	0	-0.891956
430	43	0.709622
430	91	0.452436
430	58	-1.52652
430	21	0.726395
430	47	0.946396
431	294	-0.135242
431	0	-1.3987
431	31	0.77577
431	92	0.96983
431	62	-0.238571
431	14	0.204161
431	51	0.20681
432	16	-0.0992794
432	200	-1.02613
432	23	-0.268974
432	30	0.828136
432	21	-0.684914
432	16	-0.0357066
432	39	0.458115
432	94	-0.258083
432	565	0.473232
432	231	-0.368957
433	5	-0.287021
433	8	-1.25262
433	10	0.464753
433	140	0.960275
433	8	0.589469
433	2	0.615894
433	438	0.232453
433	291	0.140247
433	124	-0.161226
434	12	-0.0269016
434	300	-0.0647076
434	35	0.912102
434	10	0.504552
434	0	1.77213
434	0	0.705663
434	24	-0.787808
435	11	-0.749947
435	32	-1.46148
435	25	-0.320621
435	1	-0.614234
435	324	0.496241
435	22	-0.0944028
435	51	0.0174505
435	30	0.48114
435	141	-1.27506
435	78	0.839095
435	72	-0.805249
436	27	-0.455375
436	19	-1.56429
436	4	0.819745
436	0	-0.586154
436	116	0.328932
436	11	0.382984
436	25	-0.295641
436	12	0.817052
436	87	-1.27678
436	49	0.144291
436	19	0.599757
436	11	0.192362
436	6	-0.488185
437	182	-0.0653291
437	8	1.39277
437	51	-0.767937
437	56	-0.583931
437	43	-0.642416
437	38	1.61294
437	53	0.97441
437	531	0.292763
438	73	0.839692
438	1	0.47611
438	14	0.102772
438	549	0.907442
438	6	-1.51806
438	13	0.857845
438	43	-0.398502
438	204	0.416625
438	54	0.301164
438	1088	-0.477712
438	4	-0.850511
438	0	-0.700288
438	65	-0.52073
438	648	-0.451249
438	6	-1.16996
438	108	1.28103
439	12	0.342709
439	0	0.372219
439	1	0.680862
439	5	0.668717
439	68	-0.0783256
439	29	1.02073
440	194	0.541471
440	85	-0.466338
440	1	-0.0794284
440	298	0.439053
440	58	-0.0818983
440	74	-0.161863
440	1	1.21668
440	62	-0.693337
440	45	-0.660863
440	154	-0.379522
440	60	-0.249865
440	53	-1.54082
440	69	-0.303564
440	8	-0.617531
440	3	0.20135
441	247	-0.112111
441	164	0.583919
441	9	0.6905
441	2	-1.33379
441	5	0.280877
441	14	-0.217887
441	68	0.326647
441	1	-0.487124
441	3	1.42889
442	255	0.355244
442	144	-0.813628
442	16	1.24743
442	31	0.743284
442	37	-1.26393
442	9	-0.285247
443	9	-0.491732
443	55	-0.841639
443	24	-0.449853
443	31	1.82104
443	394	-0.0960807
443	42	0.412244
443	18	-0.404866
443	246	0.565898
443	138	0.801859
443	9	-0.47058
444	19	0.237261
444	33	-0.288449
444	12	-0.195708
444	1022	-0.0330101
444	87	-0.548664
444	37	-0.346017
444	150	-0.206469
444	47	0.0831351
444	30	0.52498
444	0	0.116138
444	33	-0.151867
445	2	1.2353
445	8	0.341834
445	1	-1.76454
445	53	0.312499
445	77	-0.208075
445	33	-0.4598
445	43	-0.910514
445	13	-0.885663
445	18	-1.33067
446	30	1.05326
446	378	0.492677
446	155	0.661422
446	580	-0.209124
446	639	0.212505
446	54	0.969167
446	79	-0.617203
446	125	0.692922
446	155	1.14468
446	656	-0.542938
446	0	-0.656584
447	95	0.33165
447	17	-2.09873
447	50	-0.713238
447	0	1.0314
447	56	-0.172513
447	347	0.421915
447	12	0.155369
447	688	0.646134
447	150	1.10148
448	364	0.302928
448	91	-0.139324
448	15	-0.772479
448	55	1.04865
448	30	-0.514584
448	1	0.351703
448	6	1.45244
448	6	0.224669
448	350	0.0476113
448	67	-1.06802
448	42	1.02699
448	45	-0.57562
448	29	-0.471499
448	55	0.526519
449	19	0.840976
449	11	1.04745
449	80	-1.2015
449	1475	-0.210492
449	206	0.418337
449	15	-0.26872
449	13	-0.0269083
449	444	-0.834473
449	205	0.45752
449	325	-0.453397
450	157	-0.739815
450	39	-1.43371
450	74	0.342055
450	13	-0.04927
450	6	1.4059
450	11	-0.147204
450	9	-1.28515
451	13	-0.680342
451	5	-0.416241
451	987	-0.515855
451	67	0.364241
451	10	-0.107427
451	16	1.27673
451	60	-1.19081
451	215	-0.265672
451	22	0.142893
451	49	-1.17411
452	89	-1.12533
452	16	1.29145
452	15	-0.185743
452	292	-0.597857
452	116	-0.51757
452	13	0.0199552
452	111	1.64581
452	46	-0.0761087
453	82	-0.362332
453	62	0.377673
453	19	-0.95259
453	18	-0.543306
453	43	0.312551
453	154	-0.578088
453	174	0.223987
453	26	-1.7254
453	48	0.491274
453	74	-0.484591
454	145	-0.939745
454	165	-0.339086
454	4	-0.504305
454	0	-0.801713
454	18	-0.337376
454	2	-1.52819
454	112	-0.441838
454	1071	-0.0623879
454	101	0.653039
454	21	-0.608986
455	4	1.18182
455	11	1.36887
455	2	-1.65105
455	13	1.70283
456	8	1.22594
456	73	0.257369
456	138	-0.56727
456	36	-0.951724
456	6	-0.770302
456	62	0.349973
456	47	0.523707
456	147	-0.212806
456	200	-1.00454
456	228	0.472321
457	1170	0.00667191
457	12	-0.00549458
457	47	1.29235
457	71	-2.49339e-05
457	127	-0.000555378
457	138	-0.313254
457	129	-0.426863
457	0	0.648186
457	40	-1.1812
457	5	-0.906325
457	88	0.458633
457	271	0.46601
458	36	1.46824
458	61	-0.288278
458	10	-0.396035
458	61	0.240171
458	270	0.291852
458	8	-0.616766
458	166	0.266213
458	49	-0.114839
458	28	-0.16176
458	13	0.159514
458	168	1.28365
458	14	0.182893
458	32	-0.849475
458	107	-0.712364
459	11	0.283166
459	14	-0.141607
459	75	0.323298
459	15	1.02969
459	31	1.99919
459	21	0.530707
459	107	0.235696
459	13	0.725989
459	37	-0.721925
459	19	-1.03607
460	57	-0.680532
460	89	0.0335481
460	50	-0.172525
460	1604	0.222214
460	76	0.828101
460	50	0.803263
460	66	0.532057
460	257	-0.491229
460	213	0.723664
460	13	-0.321283
461	8	-0.379186
461	10	0.274784
461	51	-1.24599
461	13	0.207118
461	29	-0.168537
461	207	0.234963
461	79	-0.188569
461	511	-0.421433
461	2	0.629353
461	17	1.29853
462	93	0.381472
462	14	0.360161
462	64	-1.71312
462	209	-1.40865
462	41	0.559793
462	104	0.776332
462	29	1.2752
463	80	-1.61528
463	187	-0.5748
463	1012	-0.341902
463	286	-0.365645
463	816	0.285141
464	54	0.749477
464	2	0.0791868
464	132	0.913681
464	34	0.610154
464	231	0.675437
464	692	-0.286795
464	33	-0.833533
464	20	-0.740661
464	24	0.187628
464	31	0.552595
464	6	0.360156
464	90	-0.896597
464	24	-0.148588
464	15	-0.709952
464	6	0.264766
465	18	0.975244
465	26	-1.36521
465	174	0.304603
465	10	1.05442
465	41	0.231502
465	84	0.170497
466	125	-1.25732
466	33	-0.00353187
466	81	-0.399846
466	185	-0.566285
466	62	-1.6272
466	10	0.148092
467	1	0.70816
467	16	-0.805435
467	59	0.953239
467	712	0.281115
467	9	-0.658997
467	14	-0.160319
467	36	-1.07754
467	32	-0.727514
467	8	0.237966
467	21	0.332746
467	32	0.251891
467	0	2.09291
468	62	0.38883
468	23	0.162085
468	20	0.0798677
468	310	-0.0666872
468	242	-0.503505
468	53	-0.477681
468	44	-1.13834
468	27	-1.49723
469	106	0.358112
469	7	-1.71921
469	59	0.132116
469	1	1.31035
469	47	0.0789335
469	66	-0.194211
469	107	-0.895152
470	1	-1.30489
470	0	-1.15477
470	18	0.127604
470	123	-0.277622
470	126	-1.54939
470	19	0.483122
470	25	-1.63024
470	33	-0.64103
470	91	-0.323377
470	62	0.59041
470	8	0.41551
471	3	0.522481
471	13	1.19855
471	28	0.130894
471	283	0.171559
471	75	-0.667056
471	30	0.197121
471	1430	-0.109064
471	177	-0.247997
471	65	0.707709
471	0	-1.33384
471	1	1.06015
472	131	-0.292196
472	54	-0.491798
472	68	1.16382
472	115	2.08274
472	3	1.89481
472	692	-0.876623
472	3	1.32609
472	15	-0.383012
472	58	1.07422
473	32	-0.845109
473	13	-0.56322
473	11	0.2212
473	214	-0.32342
473	558	-0.220041
473	9	-0.250928
474	105	-1.11186
474	13	1.69935
474	137	-0.62689
474	53	-0.738308
474	8	-0.53167
474	7	-2.26841
475	27	0.17963
475	41	0.30401
475	36	0.64723
475	55	-1.32699
475	4	1.41847
475	3	-1.08327
475	16	0.778187
475	46	0.627061
475	2	1.15794
476	21	-0.968591
476	98	0.655572
476	396	-0.388036
476	6	-0.331547
476	7	0.789538
477	72	0.629766
477	15	-1.29515
477	26	0.583381
477	6	-1.07228
477	7	0.247407
477	6	-0.864625
477	70	1.29233
477	150	0.111029
477	16	1.01626
477	27	0.0918419
478	42	1.17921
478	236	-0.1351
478	40	-0.75739
478	645	0.0143097
478	49	-0.633693
478	19	1.05934
478	438	-0.168864
478	0	-0.491089
478	9	-1.06882
479	70	-0.514145
479	733	0.643814
479	17	0.555031
479	82	-1.1548
479	82	-1.38454
479	33	-0.986826
479	5	1.61834
480	50	-0.524366
480	260	-0.226368
480	83	-0.217484
480	8	-1.08315
480	3	0.870921
480	7	0.4843
480	18	1.38431
481	15	0.130824
481	44	-0.48096
481	42	0.776446
481	38	-1.28331
481	85	0.364557
481	34	1.75373
481	28	1.49817
481	74	-0.243675
481	178	-0.165869
481	49	-0.368499
481	0	-0.0492951
481	97	-0.136836
481	124	-0.0165746
482	28	-0.297509
482	3	0.465819
482	118	0.229036
482	174	-0.322679
482	7	0.418255
482	4	0.729135
483	0	-1.74558
483	6	-0.864997
483	80	0.797713
483	22	-0.736758
483	2	-0.0334873
483	76	-0.235369
483	9	-0.0612777
483	0	0.188159
483	131	-0.804742
483	42	0.374982
483	26	0.66483
483	153	0.214763
484	104	0.969753
484	1	0.253918
484	230	0.760767
484	69	-1.20609
484	1	-0.82269
484	120	0.210914
484	11	-1.37696
484	12	-0.414529
484	910	0.192304
484	53	0.883375
484	77	0.752402
485	8	-1.52626
485	10	-0.794461
485	39	0.243364
485	10	-0.703279
485	53	-0.90108
485	1	-1.84606
485	8	-0.325097
485	38	0.804685
486	15	0.563172
486	85	-0.802916
486	4	-0.110681
486	37	-0.148429
486	4	-1.43324
486	243	-0.338368
486	168	0.402758
486	6	-1.00226
486	4	-0.43471
486	12	-0.178179
486	29	-1.32045
487	28	0.672624
487	11	0.0542412
487	324	0.0557166
487	323	0.623701
487	14	-0.459301
487	306	0.402199
487	21	0.282102
487	117	-0.59033
487	7	1.65549
487	49	1.77122
487	1	-1.53198
487	23	-0.934597
487	47	0.743953
488	19	-0.391441
488	19	-0.910374
488	63	-0.495471
488	470	-0.271564
488	68	-0.374752
488	125	-0.0405857
488	20	-0.133998
488	33	-0.293034
488	8	0.208451
488	9	1.62611
489	113	0.308386
489	23	-0.641496
489	848	-0.147389
489	48	1.44283
489	23	-0.112521
489	121	0.292152
489	111	-0.93802
489	0	1.51657
490	70	0.337323
490	39	-0.231907
490	17	-0.0049971
490	22	-0.2274
490	217	-1.03331
490	5	2.43754
491	42	-0.541557
491	126	-0.751507
491	137	1.5491
491	21	-0.397638
491	11	-0.990707
491	231	-0.598056
492	3	0.0499771
492	82	-0.812979
492	8	0.165715
492	6	0.540978
492	28	-0.864952
492	705	-0.308833
492	56	-0.0239396
492	5	0.0389176
492	13	1.81341
492	87	0.655186
493	116	0.033517
493	119	-0.0699618
493	1066	0.247915
493	26	0.761191
493	33	0.766887
493	71	0.441989
493	53	0.113388
493	243	0.497947
493	235	0.190424
493	375	-0.493229
493	278	0.341702
493	662	0.475524
493	61	0.446228
493	217	0.269808
493	27	0.255726
493	91	0.375528
494	17	-1.52041
494	76	-0.741524
494	860	0.0115669
494	3	-1.16597
494	15	0.347481
494	15	-0.285262
494	627	-0.297894
494	13	-0.725256
495	1290	0.151346
495	505	-0.560376
495	256	0.481043
495	30	0.672727
495	147	0.768817
495	0	-0.5665
495	3	-0.854417
495	4	-0.569487
495	10	-0.65095
495	229	-0.511059
495	47	0.238542
495	326	-0.413189
495	145	-0.833782
495	70	0.831198
495	97	0.00798678
495	0	0.692919
495	86	0.47676
495	11	0.209317
495	334	-0.45114
495	152	0.473649
496	19	0.678427
496	49	1.0944
496	259	-0.29346
496	142	1.20936
496	42	-0.477959
496	239	0.160857
496	41	-0.0256205
496	55	-0.593082
496	76	-0.486018
496	15	0.597947
496	1574	0.393091
496	52	-0.672871
496	49	0.154286
496	8	1.53357
497	17	-0.922342
497	8	0.462029
497	58	-0.409907
497	102	0.212895
497	9	-0.110867
497	24	1.20105
497	208	-0.460511
497	1	0.790766
497	5	0.38355
497	2	-0.432832
498	219	-0.129742
498	50	-0.555747
498	38	-0.344878
498	154	1.04219
498	42	-0.450152
498	4	1.30343
499	33	0.681776
499	39	0.958252
499	152	-0.10602
499	233	0.772679
499	62	0.844209
499	43	-0.187962
499	12	-0.734697
499	4	1.08686
500	19	0.141108
500	63	-1.32252
500	494	-0.331372
500	5	0.661786
501	5	-1.51065
501	30	-0.0734088
501	11	1.43507
501	10	0.867408
501	62	-0.212542
502	6	-0.33238
502	8	-0.410524
502	19	0.836669
502	4	1.57912
502	76	-0.236249
502	10	-0.266941
502	22	0.159972
502	468	0.125542
502	6	0.143056
502	222	-0.623537
502	60	-1.23652
502	43	-1.72971
503	2	0.111605
503	14	-0.291206
503	8	-0.383381
503	30	0.537314
503	8	0.493471
503	12	0.083656
503	25	0.304429
503	25	-0.0493308
503	51	0.719033
503	29	0.860347
503	20	1.17765
503	902	-0.238744
503	429	-0.34803
504	32	0.0634265
504	3	-0.0194019
504	5	0.871802
504	0	0.204655
504	33	-0.857594
504	19	-0.140504
505	22	-0.00619007
505	3	-1.53686
505	97	-0.5525
505	7	-0.518518
506	9	-0.800376
506	42	-0.268958
506	12	0.259194
506	1	0.595449
506	160	0.655803
507	14	0.125025
507	18	0.595397
507	10	0.558203
507	1	1.90076
507	107	0.338034
507	9	-1.48582
507	397	-0.032839
507	13	-0.46205
507	15	-0.616608
508	174	-0.316304
508	462	0.252027
508	23	-0.834197
508	28	0.523815
508	9	0.015253
509	116	-0.027897
509	75	0.624417
509	117	-0.739455
509	35	-1.46256
509	35	0.407746
509	72	-0.392208
509	7	-3.23637
509	15	-0.474827
510	3	0.660243
510	208	-0.86264
510	52	0.171991
510	0	0.942525
510	30	-0.148316
510	4	0.696105
510	2	0.479623
510	5	0.32001
510	34	1.1174
510	17	1.2841
510	17	-0.629335
511	239	-0.458235
511	68	-0.134782
511	361	0.799739
511	11	0.226724
511	1	-2.50559
511	389	-0.614213
511	29	0.0529617
511	163	-1.00823
511	107	0.731956
511	67	0.301338
511	51	0.850568
512	31	0.60401
512	0	-0.0924224
512	91	1.03221
512	46	-1.39146
512	31	0.827813
512	6	0.670813
512	22	-0.597173
512	24	-1.06591
512	134	0.1097
512	95	-0.611388
512	17	1.03165
512	233	0.806515
512	20	1.61831
512	0	-0.207177
513	5	1.76309
513	29	1.68974
513	21	-0.803907
514	13	-0.860784
514	9	-0.450883
514	16	-0.736903
514	49	-0.501196
514	6	0.618311
514	6	0.225695
515	309	0.352447
515	124	0.618389
515	66	0.390473
515	287	-0.196681
516	22	0.642193
516	145	-0.197942
516	12	-1.30273
516	7	-0.748466
516	12	0.810632
516	17	1.56345
516	31	-0.559903
517	90	-0.731258
517	49	0.695135
517	45	-1.39018
517	86	0.0295071
517	3	0.0323537
517	0	0.506545
517	1	-1.30937
517	61	-0.0327902
517	38	-1.31817
517	1	-0.550528
517	26	1.20699
517	1	-0.70941
517	46	-1.20344
518	59	-0.417425
518	177	-0.0246362
518	9	-0.181991
518	15	-0.704522
518	15	0.552656
518	11	0.772258
518	6	0.166722
518	295	0.623295
518	44	-0.510778
518	124	0.0891757
518	2	1.53155
518	141	0.0773185
519	30	-0.136254
519	5	0.193852
519	2	0.276534
519	163	0.429362
519	40	-0.390104
519	0	-2.08155
519	174	0.383251
520	21	1.79669
520	34	0.276352
520	98	0.143627
520	18	-1.34558
520	15	-0.874721
520	73	-0.259117
520	1	-1.02179
520	1	0.782347
521	29	0.430432
521	12	0.279806
521	34	-0.405727
521	34	0.463343
521	54	1.15561
521	1	0.837351
521	80	-0.0646967
521	16	-1.13029
522	73	0.592347
522	78	0.154105
522	82	0.577532
522	15	0.904013
522	63	0.0548524
522	23	0.453786
522	48	0.700335
522	256	0.501281
522	31	-1.32191
522	172	-0.505258
522	120	1.4541
523	18	0.517555
523	28	0.238726
523	38	-1.58797
523	124	-0.807467
523	66	-0.134763
523	388	1.23619
523	53	-0.542329
523	5	-0.646758
523	24	-0.0322509
523	26	-1.29513
523	113	-0.273352
523	2	-0.469111
523	8	1.32878
523	424	-0.0706592
524	53	-0.210008
524	5	-0.570908
524	62	-0.891651
524	641	0.310789
524	18	0.0634689
524	25	0.321516
525	173	0.409888
525	106	0.827855
525	26	0.00507301
525	22	-0.422136
525	32	-0.492374
525	17	-1.38485
525	47	0.445498
525	26	-0.736208
525	22	0.5236
525	1	-1.47084
526	255	0.198874
526	26	-1.027
526	24	-1.06761
526	0	-1.83127
526	1	0.125649
526	14	-0.0528675
526	3	-1.83573
526	20	-0.646701
527	57	0.758037
527	13	-1.50156
527	3	0.0130074
527	21	0.800356
527	129	-0.197089
527	78	-0.0913898
527	171	-1.02323
527	16	-0.00467026
527	273	-0.293651
527	353	0.012017
527	2	-1.10511
528	11	-0.170344
528	26	0.257727
528	7	0.201369
528	332	0.636709
528	34	-0.136404
528	13	2.13919
528	366	0.0651508
529	19	0.787323
529	40	0.657361
529	141	-0.309584
529	18	0.606856
529	8	0.657423
529	43	1.20701
529	14	0.469241
529	1	-0.711536
529	129	-0.417037
529	108	0.516769
529	116	-1.28801
529	2	-0.515904
529	27	0.823817
530	59	0.293202
530	3	0.869419
530	3	1.04395
530	6	-0.875886
530	375	-0.627707
530	420	-0.0148863
530	34	0.808372
530	6	-0.475432
530	0	-0.64034
531	56	0.110911
531	23	-0.0661021
531	31	-0.723089
531	137	-0.227036
531	19	0.573287
531	17	-0.651061
531	180	0.281196
531	98	0.399215
531	20	0.0723674
531	83	1.01576
531	237	0.237086
531	14	-0.104763
531	37	0.0978974
531	15	1.44109
531	10	1.68681
531	11	-0.374715
531	21	1.09463
532	6	-0.462846
532	6	0.827622
532	561	-0.162658
532	857	0.322678
532	52	0.241648
533	36	0.618622
533	10	0.685162
533	39	0.800822
533	15	0.602234
533	5	0.249885
534	0	-0.30037
534	2	1.36258
534	16	-0.0401527
534	29	1.69358
534	2	0.166201
534	40	0.168414
534	431	0.517082
534	73	0.112612
535	51	-0.345626
535	144	-0.093177
535	2	-1.68143
535	26	0.750075
535	885	-0.115663
535	61	-0.0078952
535	9	-0.320039
535	39	0.568271
535	7	-0.624545
535	0	-1.14302
536	66	-0.252786
536	121	-0.458698
536	75	-0.370814
536	37	0.756127
536	150	0.65148
536	11	-0.772642
536	1	2.05464
536	45	0.856364
536	756	0.548591
537	1	-0.45498
537	130	-0.753625
537	51	0.0501949
537	24	0.121156
537	822	0.216633
537	71	-0.690774
537	35	0.724269
538	2	-2.05712
538	42	0.800702
538	35	-0.851525
538	79	-0.966197
538	19	1.02099
538	46	-0.602601
538	65	0.0406391
538	8	0.389359
538	12	0.919676
538	18	0.351012
538	7	-2.91392
538	111	0.964257
539	9	-1.3937
539	144	0.158323
539	3	1.09624
539	175	-0.145709
539	97	-1.28771
539	8	0.975477
539	79	1.02627
539	261	-0.0215013
539	49	0.356654
539	31	-0.375714
540	186	-0.860268
540	112	0.518063
540	583	-0.0657609
540	262	0.24663
540	19	-0.34822
540	10	-2.29507
540	20	-0.662329
540	9	0.81652
541	114	-0.0891506
541	46	1.2507
541	61	0.440931
541	181	0.0110042
541	44	0.69069
541	66	-0.699942
542	297	0.281869
542	70	0.989258
542	26	-0.00164034
542	3	-0.0275
542	0	1.6304
542	15	0.649586
542	32	0.539152
543	26	0.014836
543	1	2.40295
543	11	-0.670918
543	1574	-0.0134569
543	22	-0.661927
543	328	-0.487958
543	315	0.661661
543	256	-0.0194513
543	65	0.291366
544	6	0.0933642
544	2	0.0302624
544	56	-1.82542
544	38	0.05966
544	17	0.794754
544	22	0.65736
544	28	-0.0815416
544	3	0.738245
544	35	1.17302
544	21	-0.254159
545	110	0.438393
545	10	0.0659289
545	13	-0.747634
545	16	1.83592
545	10	-1.76778
545	16	0.241603
545	149	-0.124042
545	32	-0.32909
545	17	0.455288
546	263	0.485623
546	128	0.614301
546	17	1.90172
546	17	0.194221
546	11	-0.747445
546	8	-0.123033
546	3	0.467031
546	108	-0.0498275
547	3	0.0455929
547	5	0.313596
547	41	-0.879369
547	23	0.229235
547	13	0.725129
547	359	-0.849143
547	118	0.777448
547	237	-0.599243
547	63	0.498052
547	384	-0.956198
547	13	-0.734434
547	151	0.227367
548	45	0.670909
548	19	-1.28365
549	5	0.998839
549	33	-1.63382
549	7	0.696599
549	19	-0.39046
549	0	-0.1961
549	5	-0.500857
549	301	-0.359323
549	18	-1.70356
549	7	-0.714485
549	7	-0.811082
549	7	-0.469011
550	17	0.984606
550	14	-1.89766
550	48	0.473095
550	23	-1.27497
550	2	-1.13208
550	21	0.783404
551	7	0.170475
551	274	0.0498067
551	9	-0.60037
552	430	0.4553
552	26	-0.273403
552	21	0.518409
552	30	0.435849
553	31	-1.83765
553	4	0.760902
553	18	-1.5924
553	2	0.1732
553	6	-0.978746
553	41	-0.346796
553	128	0.00468433
553	241	-0.208016
554	84	-0.324967
554	9	-0.709076
554	3	-1.80205
554	7	-0.874266
554	84	0.639669
554	89	0.131409
554	13	0.0208472
554	129	-0.739946
554	202	0.929513
554	47	1.36679
554	156	0.613729
554	102	-0.377897
554	170	-0.620444
554	158	-0.775755
555	34	0.000939999
555	84	0.50846
555	23	-1.83536
555	48	0.606373
555	0	-0.407198
555	4	-0.646867
555	13	0.0621746
555	23	0.905945
555	235	-0.115754
555	89	0.135862
555	41	-1.89897
555	11	-0.263553
555	29	0.0607929
555	14	-1.05769
555	184	-0.478634
556	68	1.10195
556	400	-0.00667097
556	32	0.29904
556	106	0.542798
556	117	0.361222
556	12	-0.414919
556	86	-0.0358831
556	16	-1.48145
556	9	0.514179
556	75	0.880038
556	755	0.46191
556	1	-1.27359
556	18	0.71846
556	3	-0.434932
556	47	-1.02958
557	11	-1.19747
557	303	0.102069
557	9	-0.24585
557	126	0.352887
557	49	-0.671701
557	36	0.747535
557	5	0.0971821
557	21	0.317917
557	35	0.592625
558	62	0.626284
558	53	0.267754
558	2	0.102027
558	20	-0.367425
558	431	-0.461393
558	38	0.298155
558	298	0.614755
558	5	0.395135
559	8	0.598246
559	21	1.45336
559	146	-0.51754
559	182	-0.471986
559	21	1.29312
559	25	-1.11566
559	23	-0.298557
559	84	-0.427242
559	25	-0.776419
559	7	0.242079
559	57	0.17391
560	1	0.620979
560	114	-1.03333
560	137	0.20405
560	148	-0.660452
560	266	0.964953
560	112	0.165056
560	69	-0.928184
560	161	1.30648
560	0	0.884698
561	99	-0.318854
561	17	0.219556
561	25	0.0600257
561	15	-0.258094
561	128	0.644234
561	38	-0.938851
561	12	-1.39442
561	18	0.0208031
561	100	0.254623
562	50	-0.177465
562	126	-0.297214
562	74	0.39495
562	39	0.574271
562	1	0.357542
562	108	0.409324
562	9	-0.0320024
562	60	1.2151
562	191	-0.550184
562	277	0.364635
562	0	1.36014
563	73	0.859455
563	45	0.647059
563	35	0.103381
564	312	0.00632097
564	15	-1.43724
564	8	0.110143
564	94	0.239817
564	41	0.216577
564	19	0.340781
564	299	-0.420268
564	142	-0.378481
564	59	1.15603
564	109	-0.972544
565	17	-0.58802
565	22	-0.758671
565	36	-0.33541
565	254	0.892948
565	264	0.265438
565	3	-0.298641
565	30	-1.22011
565	8	-0.946711
565	4	0.0918913
565	39	-0.0661062
565	12	-2.40621
565	87	0.479782
565	18	-0.120316
565	579	0.556349
565	3	-0.584783
566	57	-0.171834
566	5	-0.0262517
566	12	-0.0261722
566	107	-0.0844692
566	178	-0.515052
566	46	-0.110059
566	5	-1.60118
566	170	0.0221013
567	23	-0.402173
567	38	-1.01965
567	16	1.37066
567	30	0.343171
567	158	-1.40546
567	398	0.113993
567	0	0.14237
567	11	-0.269575
567	36	1.60893
567	26	0.171353
568	106	-0.278143
568	42	-1.12348
568	8	0.053447
568	132	0.492272
568	23	0.376269
568	5	-1.551
568	82	0.954031
568	0	0.620402
568	8	2.1202
569	65	-0.828877
569	583	-0.394656
569	88	-0.506896
569	9	-0.0214999
569	8	0.95484
569	104	-0.778327
569	2	1.6233
569	19	0.0170513
569	5	0.0255648
569	3	-0.0478982
570	10	-0.0532228
570	8	0.972376
570	11	-0.227342
570	18	-0.62304
570	9	0.894534
570	44	0.558749
570	69	-0.977095
570	34	-0.191368
570	384	0.206618
570	13	-1.47496
570	193	0.0877113
570	191	-0.123109
570	158	0.881767
570	281	-0.412339
571	13	-0.35979
571	84	0.349887
571	77	0.451988
571	352	-0.0852972
571	104	-0.308856
571	2	1.52744
571	435	-0.321401
571	2	-0.686148
571	7	-2.44825
571	20	0.508599
571	41	0.306561
572	29	0.410891
572	6	0.530728
572	29	-0.307645
572	162	-1.05113
572	135	0.0293
572	282	0.969572
572	72	-0.313701
572	2	1.76093
572	1	0.300517
573	34	-0.444928
573	22	-0.269268
573	208	0.771258
573	6	0.118
573	1	1.58628
573	73	0.710101
573	20	-0.433118
573	76	-1.09724
574	438	-0.292352
574	108	-0.176224
574	49	-1.03048
574	18	-0.290615
574	47	-0.397069
574	67	1.36705
574	58	0.203477
574	22	-0.864669
574	807	0.133188
574	152	0.575257
574	1	-0.635579
574	7	-1.06355
574	41	-0.485442
574	457	0.104359
574	17	-1.56896
575	3	0.130626
575	15	-0.788622
575	10	0.200041
575	36	-0.135127
575	3	-0.0528637
575	38	0.648128
575	4	-0.115884
575	111	-1.06535
575	50	0.0995393
575	11	0.171558
575	121	-0.405558
575	65	0.85788
576	6	-0.363887
576	526	-0.316889
576	289	0.525757
576	19	0.452722
576	86	-0.364411
576	86	-1.12463
576	14	-0.0572434
576	27	-1.61768
576	9	-1.10686
577	2	1.4297
577	42	0.673664
577	14	0.806653
577	18	0.216167
577	6	2.18863
577	148	-0.321009
578	10	-0.175811
578	4	-1.17842
578	155	-1.01155
578	17	-0.838677
578	18	0.620117
578	104	0.302109
579	18	-1.12667
579	80	0.683084
579	46	0.920845
579	5	-0.96124
580	5	1.80001
580	211	0.0691719
580	40	0.0161392
580	7	0.878829
580	0	1.68804
580	7	0.880322
581	77	-0.58436
581	21	0.104172
581	13	0.943014
581	106	0.0652296
581	190	-0.812055
581	10	-0.487471
581	51	0.106395
581	242	-1.28642
581	56	1.28633
581	12	0.52157
582	24	0.76864
582	165	-0.284186
582	635	-0.325861
582	64	0.837728
582	22	-0.151416
582	7	0.404481
582	1213	-0.194193
582	340	-0.378751
582	45	-1.38845
582	1287	-0.1657
583	1	-2.08774
583	26	-0.0726154
583	24	-0.629622
583	67	-0.16139
583	94	-0.298094
583	26	-0.869862
584	21	-0.32884
584	53	-0.49617
584	54	-0.078967
584	35	-0.81857
584	809	-0.634946
584	28	0.167916
584	34	0.672442
584	17	0.304021
584	13	0.771544
584	54	0.316021
585	42	-0.372745
585	41	-1.47148
585	14	-0.918177
585	38	1.17226
585	43	-2.33889
585	12	0.919872
585	203	-0.0720923
586	111	0.816875
586	36	-0.122709
586	7	0.136234
586	35	0.313625
586	1	0.389031
586	59	-0.273852
587	23	0.765016
587	54	0.40707
587	9	-0.479087
587	22	-0.609004
587	3	2.50212
587	61	-0.52689
587	63	-0.481104
587	50	-0.479284
587	162	-0.562816
588	133	-0.58211
588	95	1.09788
588	68	-0.310231
588	0	-0.653204
588	927	0.086514
588	72	-0.90328
588	68	0.670912
588	108	0.510541
588	4	0.399402
588	3	0.818971
589	246	-0.20463
589	58	0.474391
589	5	-0.498333
589	12	0.0137015
589	17	1.78128
590	70	0.644003
590	0	-1.17319
590	8	-1.07551
590	477	-0.462923
590	14	1.26042
590	16	-0.142917
590	38	1.55212
590	36	0.647794
590	7	-1.26107
590	411	0.480259
591	437	-0.494444
591	108	-0.0864408
591	5	-0.290962
591	1011	0.622002
591	4	0.16471
592	148	0.543641
592	4	-0.133597
592	62	0.650049
592	20	-0.473234
592	9	0.970833
592	3	-1.17848
592	3	-1.31093
592	38	-0.676104
592	81	0.011597
592	92	0.190963
592	109	0.251305
592	20	-0.374756
592	175	0.663723
592	23	-0.422007
593	18	-0.0711184
593	4	-0.944533
593	20	0.119477
593	16	-0.00577585
593	24	0.561509
593	46	0.411807
593	859	0.41629
593	16	-0.333308
593	235	0.16984
593	18	1.81276
593	4	-0.332401
593	34	-0.349187
593	74	0.723686
594	1879	0.109226
594	781	0.289821
594	514	0.551763
594	173	-0.139932
594	108	0.969766
594	6	0.41652
594	788	0.490047
594	197	-0.121131
595	39	0.358508
595	262	-0.917744
595	10	1.29238
595	12	-0.0358432
595	158	0.0438841
595	17	0.0324267
596	9	0.179091
596	32	-0.932921
596	44	-1.09675
596	78	0.897345
596	119	-1.09299
596	1	1.66614
596	16	1.01871
596	0	-2.53247
597	22	0.146806
597	6	0.198063
597	40	0.446511
597	5	1.1185
597	75	-0.640555
597	4	-0.338874
597	9	-0.79589
597	22	0.0817394
597	79	-0.339015
597	45	-1.06387
597	10	-0.489704
598	232	1.00294
598	97	0.214308
598	21	-1.32373
598	35	1.71535
598	10	1.34169
598	622	-0.180824
598	15	-0.865924
598	179	-0.164186
598	0	-0.798251
598	36	0.72113
598	6	-1.13213
599	109	0.523246
599	321	-0.225792
599	88	0.71087
599	26	0.207889
599	39	-0.899015
599	160	-0.427333
599	21	0.107987
600	7	-0.513369
600	16	1.13336
600	246	0.890407
600	8	2.07548
600	151	-0.232911
600	293	-0.101207
600	92	-0.194108
600	153	0.84967
600	99	0.79781
600	103	0.663084
600	7	1.14407
600	226	0.811718
600	68	-0.689578
600	27	-0.684637
600	59	-0.195324
600	26	0.484581
600	171	-0.169234
600	21	1.11746
601	27	0.648631
601	4	-1.26452
601	92	0.180076
601	458	-0.0820077
601	8	-0.729808
601	11	0.0645023
601	12	0.827344
601	36	1.19803
601	7	-0.656082
601	214	0.612816
601	27	-0.530337
601	140	0.532108
601	17	-0.417752
601	14	0.374451
601	168	-0.992114
601	27	-0.310226
601	23	0.0202207
601	27	-1.22328
602	17	-0.618311
602	15	0.717773
602	139	0.105299
602	43	-0.112937
602	56	0.805056
602	652	-0.386663
602	62	0.476695
602	27	-0.952001
602	4	0.639878
602	23	0.507343
603	1	1.14183
603	24	-0.444314
603	77	-0.20587
603	2	0.638433
603	26	-0.841089
603	141	0.619596
603	15	-0.405966
603	10	-0.721388
604	14	-2.37428
604	155	0.427064
604	0	-0.347588
604	658	0.495078
604	22	0.904259
604	137	0.916875
604	4	0.236529
604	2	-0.676775
604	134	1.21924
604	15	1.09043
605	137	0.0524314
605	88	-0.599698
605	91	-1.05627
605	16	0.434185
605	154	-0.813648
605	47	0.515828
605	12	0.417019
605	21	1.82603
605	327	0.145532
605	9	0.106779
605	24	0.41983
606	248	0.350954
606	20	-0.994773
606	334	-0.0110303
606	13	-0.569998
606	3	-0.890946
606	51	-0.941863
606	35	0.535341
606	45	1.63822
606	28	-0.117827
607	191	-0.429381
607	332	-0.0164954
607	191	0.150417
607	58	0.83275
607	19	-1.66127
607	5	1.14984
607	52	1.02136
607	150	-0.26566
607	0	-0.56141
607	33	1.61603
607	38	1.01599
607	76	0.415673
607	280	-0.346459
607	52	-0.0365015
607	35	-1.33431
607	38	0.826278
607	25	0.017204
608	134	-0.410167
608	432	-0.984839
608	236	-0.657968
608	9	0.844882
608	176	-0.65035
608	123	1.18553
608	138	0.144996
608	54	0.67462
609	30	-1.79192
609	18	0.683567
609	17	-0.0632511
609	8	-0.161037
609	10	-0.125423
609	50	0.222529
609	34	0.30147
610	28	-0.0746735
610	52	0.900583
610	31	-1.38237
610	24	1.39581
610	34	1.0842
610	0	0.409235
610	119	-0.174454
610	190	-0.428747
610	130	0.0463921
610	178	0.349789
610	15	0.126779
610	17	-1.00317
610	62	0.739091
610	89	-1.18615
610	25	0.474424
610	39	0.249392
610	81	-0.616046
610	15	-0.470795
610	13	-1.37839
610	87	-1.28358
610	40	-0.774416
610	660	0.461433
610	62	0.214719
611	353	-0.606883
611	30	-0.734098
611	62	-1.51243
611	12	-0.214915
611	214	0.248667
611	78	-0.476197
611	6	1.45692
611	81	-0.0225274
611	61	-1.20934
612	70	-0.618701
612	246	0.015763
612	58	-0.87291
612	12	0.492442
612	23	-1.43779
612	58	-0.317723
612	41	1.49209
613	5	0.698826
613	118	-0.355902
613	1	-0.349311
613	15	0.589603
613	32	1.11776
613	20	0.333572
614	10	-1.36488
614	10	1.74115
614	441	0.2209
614	10	-1.0715
614	793	-0.468099
615	461	0.866368
615	499	-0.304368
615	23	-0.0367409
615	50	0.872603
615	28	-0.0458842
616	108	0.762506
616	3	-0.786931
616	40	-0.917395
616	158	-0.357203
616	65	0.934506
616	1	0.990098
616	11	0.276407
616	82	-0.421525
616	10	1.08303
616	36	0.46887
616	26	1.63091
616	0	0.984462
616	15	1.35854
616	9	-0.325308
616	309	0.684118
616	343	-0.103564
616	17	-0.477806
616	11	-1.1387
617	185	0.520513
617	163	0.864
617	2	-1.62864
618	18	0.554833
618	7	-1.02268
618	62	-0.0416765
618	211	0.25223
618	388	0.0844781
618	4	1.19101
618	85	-1.27163
618	90	0.373194
619	202	-0.889651
619	16	1.14445
619	44	1.10123
619	52	0.0681509
619	41	-0.225963
619	3	-1.35588
619	36	-0.370134
619	7	-0.436474
620	35	-0.530688
620	26	-0.369333
620	92	0.523038
620	11	-0.385833
620	3	1.07515
620	75	-1.51599
620	126	0.603151
620	75	0.493762
620	10	0.590808
621	26	-1.2024
621	2	-0.0858655
621	72	-0.516865
621	73	-0.476499
621	31	-1.17287
621	54	0.0763638
621	51	0.579986
621	10	-0.54376
621	0	-1.40063
621	223	0.379467
621	91	0.164445
621	453	-0.600805
622	2	1.1349
622	4	0.921363
622	234	0.7396
622	175	-0.941486
622	7	0.779764
622	1	0.446257
622	5	0.342507
622	141	0.212307
622	4	-0.753761
622	42	-1.34222
622	22	1.34741
622	11	-0.184821
622	10	-1.26499
623	10	-0.40794
623	35	-0.17465
623	459	-0.805253
623	49	-0.184559
623	1	0.908181
623	27	-0.108218
623	39	-0.796101
624	18	1.52208
624	189	0.670068
624	26	-0.608539
624	6	1.05245
624	64	1.11229
624	16	-1.90149
624	9	0.252601
624	34	-0.0294619
625	23	-0.471342
625	46	-0.273379
625	12	0.865413
626	446	0.589354
626	30	0.00998409
626	48	-0.0567807
626	25	0.426965
627	82	0.938162
627	180	-0.642324
627	86	-1.44238
627	12	0.559011
627	102	-0.955231
627	140	-0.449857
627	248	0.00545352
627	38	-0.188112
627	71	0.0347999
627	64	-0.208463
627	24	0.207107
627	19	1.49181
627	17	-1.31884
627	148	-0.29319
627	111	-0.880224
629	210	-0.00797123
629	46	-0.0966335
629	26	-1.69283
629	301	-0.133603
629	31	0.056054
629	42	0.0501337
629	30	-1.28377
629	2	-0.0364916
629	11	0.707261
629	50	-2.212
630	46	-1.31498
630	167	0.443559
630	147	0.826562
630	26	0.0346316
630	315	-0.060734
630	56	0.443603
630	1502	0.435215
630	14	-0.842522
631	12	0.439062
631	8	0.0925383
631	0	-1.21459
631	8	0.556085
631	3	0.955629
631	29	-1.28088
631	30	-0.54142
631	148	-0.160884
631	212	-1.03871
631	103	-0.766497
631	36	0.612337
631	31	-2.19756
632	75	-0.729343
632	1	0.292768
632	27	-1.27838
632	4	-0.760112
632	15	0.206233
632	4	-0.375937
632	52	0.297884
632	16	-0.560481
632	88	-0.700585
633	63	1.25562
633	6	-0.356552
633	14	1.02824
633	5	-0.776515
633	53	-0.13029
633	63	-1.05952
634	15	-2.15365
634	81	0.615439
634	126	-0.170328
634	17	0.877937
634	6	0.634548
634	51	0.637412
634	27	-0.299457
634	207	0.047048
634	16	-0.126702
634	93	-0.00903095
635	69	-0.0928775
635	0	0.664938
635	2	-1.0649
635	7	-0.577725
635	18	1.48448
636	26	0.0867406
636	121	0.0162171
636	130	-0.063446
636	16	-1.18632
636	83	0.558504
636	12	0.350685
636	492	-0.116057
636	1534	0.336223
636	160	0.0739421
636	56	-0.852534
636	66	-0.166767
636	0	-0.976686
637	57	-0.426847
637	0	0.154572
637	7	-0.319623
637	1	-0.602506
637	65	-1.51266
637	4	-0.119416
637	3	-1.78801
637	3	-1.36895
637	555	0.357004
638	38	-0.889127
638	90	-0.778241
639	129	-0.455493
639	25	0.806548
639	17	-0.0895418
639	3	-0.90834
639	26	-0.512959
639	32	-0.563705
639	2	-0.602005
639	23	0.0738027
639	15	1.47009
640	24	0.644703
640	489	-0.122815
640	11	-0.193853
640	170	-0.141086
640	42	1.45974
640	65	-0.0830748
640	48	-0.554747
640	21	-0.572835
640	128	0.240334
640	68	1.77655
640	24	0.593835
641	537	-0.717371
641	530	-0.500496
641	7	1.15079
641	6	-0.823601
641	5	0.417383
641	27	0.00648235
641	37	-1.46952
641	701	0.569689
641	27	0.994017
641	21	0.283507
642	12	0.338919
642	52	0.228434
642	2	-0.11394
642	54	0.495966
642	35	1.58809
642	122	0.169327
642	10	0.967753
642	21	0.873366
642	1024	-0.338749
642	59	-0.0194223
642	17	1.92098
642	41	-1.89583
642	27	-1.24451
642	79	-0.0625669
643	62	0.819791
643	78	-0.227175
643	41	-1.31649
643	23	-0.14962
643	74	-0.727639
643	15	0.292234
643	229	0.240027
643	103	0.497457
643	56	1.48902
643	44	0.516079
643	13	0.534339
643	21	2.36765
644	21	1.47112
644	2	-1.33966
644	251	0.0542421
644	159	0.882457
644	12	-0.376298
644	170	0.052572
644	9	-1.04702
644	3	-0.0472294
644	13	-0.425859
644	19	-0.980681
644	150	0.754815
644	30	1.45132
644	4	-0.0225508
644	59	-1.09122
644	44	0.00473754
644	76	0.717216
644	860	-0.440295
645	3	1.53825
645	9	-0.60701
645	61	-0.831352
645	79	0.41401
645	32	0.0617627
645	52	-0.0173382
645	229	0.0191766
645	336	-0.810774
645	89	0.567319
645	17	-0.219273
645	10	0.0879268
646	102	0.42847
646	295	0.47908
646	6	-0.299114
646	50	0.739892
646	1	0.0149178
647	2	-0.937711
647	4	0.250074
647	1	-0.495324
647	29	-0.941404
647	4	-0.839311
647	23	0.285209
647	24	-0.127676
647	0	-0.629808
647	30	-0.721055
647	74	0.295762
647	150	0.431057
648	47	0.339138
648	24	1.39317
648	9	0.580732
648	28	0.160665
648	12	1.00685
648	8	-1.38287
648	391	-0.108432
648	72	-0.0646586
648	163	-0.179031
648	133	0.935505
648	2	-0.93424
649	456	0.0489119
649	6	-0.746901
649	66	-0.300242
649	200	0.0904158
649	259	0.384378
649	139	0.543812
649	29	-0.144054
649	47	-0.419447
650	11	-1.64027
650	2	-1.5908
650	16	0.505068
650	27	0.375718
650	56	-1.38543
650	32	1.39991
650	52	0.944414
651	4	-0.554161
651	1	0.236013
651	76	-1.40656
651	35	-1.02043
652	71	0.0634616
652	23	0.0538237
652	673	-1.07036
652	3	-0.521045
652	5	0.852077
652	0	0.924992
653	23	-0.303774
653	33	0.725064
653	9	-0.502204
653	17	-0.417498
653	11	-1.40439
653	52	1.40222
653	39	-0.8724
653	166	-0.524873
653	49	0.746913
653	36	-0.935904
653	14	-1.31657
653	38	0.22486
654	1	-0.226143
654	87	-0.565541
654	6	0.135779
655	62	1.16209
655	128	0.925937
655	1054	0.323799
655	77	0.357631
655	6	-0.208268
655	32	-0.50012
655	53	-0.478948
655	250	0.113299
655	120	-1.24065
655	22	-1.32688
655	69	-1.30693
655	82	-0.837352
656	145	1.02295
656	28	-0.498313
656	1	0.378803
656	14	0.699141
656	4	0.878834
656	36	0.220834
656	51	1.26295
657	1	1.48002
657	197	-1.00058
657	9	0.496772
657	62	1.0183
657	48	-1.22839
657	27	2.05787
657	107	-0.379495
657	104	1.07763
657	35	-0.346095
657	91	0.526274
658	46	-1.1983
658	16	-0.219358
658	39	-0.541072
658	8	0.504584
658	321	-0.398515
658	6	-0.389256
658	4	0.503778
658	41	0.238292
658	10	-1.16839
658	8	-0.423057
658	33	0.591105
658	4	-1.55902
658	164	0.00324186
658	21	0.0409363
658	12	-3.17668
658	100	-0.729711
658	59	-0.170876
658	4	0.384798
659	92	-0.10549
659	79	0.177745
659	1	1.63698
659	150	-0.676538
659	172	-0.734843
659	112	0.464481
659	54	0.247268
660	379	-0.652201
660	36	-0.00259796
660	575	-0.275694
660	10	0.846903
660	5	0.16426
660	18	-1.2045
661	38	1.68758
661	66	0.973649
661	77	1.32587
661	6	-1.93308
661	123	-0.00251718
661	177	0.595963
661	1	0.908836
662	349	0.158617
662	74	-0.696564
662	61	0.328782
662	15	0.70182
662	11	0.93706
662	13	0.266212
663	47	1.00951
663	164	0.576862
663	686	0.112641
663	6	-0.521381
663	34	0.0712146
663	1	0.722809
663	2	-1.42513
663	8	0.802473
663	6	0.522701
664	82	0.871487
664	62	0.72305
664	273	-0.471635
664	68	0.357961
664	211	1.16676
664	224	-0.689787
664	108	0.489725
664	88	1.55884
664	0	-1.29463
664	216	0.663097
664	7	0.290987
664	6	-0.0299434
664	5	0.683897
664	20	0.154418
664	68	0.103301
664	56	0.517951
664	64	0.204074
665	30	-0.257523
665	6	0.697894
666	66	1.50161
666	59	0.300881
666	10	-0.0686665
666	58	-1.28865
666	21	-0.311199
666	39	-1.35034
666	360	-0.312377
666	17	0.314757
666	27	-0.352437
666	577	0.329448
666	93	-0.248286
666	17	1.53638
666	21	-1.11863
666	3	1.10708
666	48	0.370402
666	1	1.25959
666	3	1.01175
666	10	-0.408591
666	14	-0.431352
666	21	-0.683206
666	54	0.184238
666	9	-0.884455
667	62	-1.05901
667	12	0.424271
667	27	0.322982
667	43	-0.166817
667	41	2.19561
667	41	0.751289
667	6	1.05547
667	333	0.524794
668	5	0.927237
668	578	0.403274
668	8	-0.247912
668	11	1.28977
668	58	-0.152019
668	8	0.47423
668	72	0.850156
668	14	-0.289392
668	486	-0.0956862
669	13	-1.0453
669	17	1.48766
669	21	-0.252091
669	2	-0.659735
669	80	-0.000378327
669	36	0.173135
669	10	-1.20421
670	30	-1.91051
670	1	0.0217643
670	248	-0.862902
670	22	-0.398013
670	58	1.61963
670	559	0.406691
670	2	0.941343
670	9	-0.28636
670	230	0.495507
670	66	0.0668903
670	129	0.276899
670	167	-0.124103
671	26	-1.40316
671	73	-0.576251
671	16	0.146923
671	78	-1.19612
671	60	0.556552
671	132	0.0634802
671	2	0.0887676
671	121	0.0640646
671	31	0.597404
671	68	-0.154691
671	75	0.169932
671	67	0.174087
671	23	-0.237447
671	30	0.873347
671	48	-0.1615
671	4	0.343222
672	5	-0.344533
672	218	-0.952877
672	24	0.487306
672	730	-0.271668
672	302	0.300059
672	219	0.350995
672	117	0.350403
672	6	0.0476186
672	195	-0.408283
672	96	0.875169
672	171	-0.434681
672	4	-1.35289
672	12	-1.03441
672	17	1.19313
672	9	0.0535152
673	7	-0.272226
673	231	-0.707374
673	70	-0.234238
673	127	0.569785
673	238	-0.262301
673	16	-0.331
673	7	0.309843
673	25	-0.219287
673	34	0.108732
673	28	0.870929
674	931	-0.290453
674	47	0.846485
674	7	1.24171
674	31	0.554036
674	427	-0.625882
674	2	-0.632292
674	146	-1.09877
674	351	0.0698603
674	75	-0.323021
674	82	-0.88682
674	98	0.998692
674	5	1.25466
674	16	1.526
674	13	1.39911
675	25	0.779652
675	65	0.541569
675	13	-0.40456
675	7	-0.876547
675	3	0.336994
675	11	0.96229
675	82	1.52133
675	4	0.184143
675	52	1.26311
675	19	1.27051
675	47	0.641622
675	47	-0.299271
675	20	-0.241187
676	10	1.14484
676	90	0.802777
676	33	-0.858133
676	8	-0.300744
676	98	-0.418488
676	3	1.0662
677	21	-0.0152768
677	33	-0.202817
677	11	-0.789156
677	45	0.287558
677	68	0.413876
677	32	1.59741
677	34	-0.0550979
678	124	-0.056823
678	55	0.447309
678	4	-1.08471
678	54	0.381312
678	161	-0.655902
678	9	-1.04886
678	140	0.896572
678	16	0.0654426
678	47	0.15105
678	105	0.518614
678	275	0.881529
679	12	-1.9601
679	1	-0.265918
679	16	0.126043
679	28	1.18967
679	22	0.715982
679	38	-0.256008
679	22	-0.516514
679	0	0.923163
679	12	0.481202
680	137	-0.102441
680	64	0.268376
680	26	0.604061
680	4	1.44998
680	16	-0.143139
680	8	-0.697406
681	6	-0.647936
681	107	1.12518
681	69	0.495764
681	8	1.8522
681	19	0.0808726
681	39	0.144116
681	7	-0.0259693
681	13	-0.27844
681	19	1.42914
682	169	0.125719
682	0	1.08927
682	16	-1.33942
682	762	0.206253
682	18	0.0728846
682	2	0.331885
682	0	1.01793
682	18	-0.493879
682	30	-0.762476
682	72	0.0503155
682	32	-0.699384
683	133	0.964213
683	1	0.115713
683	83	-0.627279
683	38	-1.12827
683	54	0.091398
683	197	-0.780446
683	483	-0.0631923
683	1	-0.149579
683	7	0.718382
683	5	-0.492441
683	26	1.62064
683	3	-1.54426
683	360	-0.259564
684	127	-0.554592
684	95	-0.789812
684	13	0.290623
684	250	-0.174806
684	21	-0.219165
684	388	0.869835
684	329	-0.298375
684	72	0.214868
684	130	-0.529676
684	6	-1.399
684	7	-1.079
685	1201	-0.558072
685	212	-0.633573
685	0	-1.21877
685	65	-0.504331
685	35	0.665931
685	96	-0.0305764
685	120	-0.142159
685	0	1.19834
685	149	0.322727
685	56	-0.0535023
685	39	0.594087
685	89	-0.759714
686	9	-0.321046
686	297	0.189839
686	47	1.08397
686	49	-1.19106
686	20	1.04464
686	12	-0.754774
686	7	0.683976
686	152	-0.105444
686	20	-1.71914
686	93	0.343586
686	9	-0.333514
687	3	0.280265
687	161	-1.16972
687	48	-0.898259
687	0	-0.497763
687	49	1.04539
687	358	-0.0801277
687	57	0.0642114
687	252	0.461083
687	174	0.470391
687	128	0.594269
688	11	0.710304
688	20	-0.596323
688	9	-1.53573
688	4	-0.102711
688	89	-0.768299
688	30	0.461448
688	118	-0.219074
689	0	-0.732952
689	0	-1.02742
689	303	0.131734
689	216	-0.0238148
689	32	0.602099
689	67	-0.434957
689	85	-0.770645
690	5	-0.109667
690	708	0.513101
690	35	-0.85391
690	533	-0.438528
690	241	-0.633935
690	50	-0.686459
690	16	0.877426
690	2	-0.403982
690	56	-0.545542
690	150	-0.233983
690	62	0.518648
690	17	1.25576
690	136	-0.14211
691	3	0.25367
691	11	0.823418
692	15	1.24181
692	13	-0.739512
692	179	-1.22596
692	6	-1.29229
692	8	-1.12088
692	85	-0.279893
692	48	0.36372
692	13	1.13528
692	131	-0.412938
692	19	-0.41791
692	182	0.0891553
692	2	0.364508
693	78	0.498809
693	14	-0.21855
693	632	-0.156022
693	43	-0.169238
693	2	-0.43503
693	52	0.240105
694	11	-0.224218
694	14	-1.18672
694	18	0.31492
694	3	0.440253
694	108	-0.713156
694	46	0.081604
694	113	-0.188995
694	5	-0.275138
694	15	-1.89221
694	21	-0.241342
694	13	2.18723
694	52	-0.197378
694	203	-0.537517
694	2	0.507967
694	288	0.209477
695	30	0.490538
695	174	-0.846201
695	72	0.870742
695	81	0.664756
696	96	-0.561551
696	107	0.451466
696	46	1.03875
696	51	-0.574302
696	19	-0.34072
696	298	-0.371931
697	15	0.22094
697	15	1.0922
697	57	-0.311525
697	17	0.688383
697	16	0.336619
697	63	-0.71942
697	10	-0.103283
697	18	0.819441
698	71	-0.330339
698	57	0.423043
698	30	-0.464765
698	1418	0.431798
698	12	1.90655
698	37	0.304207
698	17	0.207296
698	190	-0.338147
698	48	-0.262373
698	0	0.622425
699	91	-0.182822
699	9	0.890006
699	152	1.21972
699	658	-0.128544
700	48	1.19815
700	1	-0.58626
700	14	1.10169
700	42	-0.985815
700	108	0.434603
700	19	-0.452587
700	32	-1.14791
701	9	-0.845313
701	503	-0.186725
701	3	-0.292421
701	115	0.893065
701	5	-0.277472
701	10	-0.953523
701	0	0.0378681
702	180	-0.134542
702	37	-0.16473
702	101	0.554863
702	89	-0.142342
702	21	-0.0564108
702	585	-0.171578
702	21	-1.23998
702	237	1.29456
702	19	-1.28614
702	26	1.2192
702	31	-0.611713
702	2	-0.177443
702	99	-0.0802118
702	75	0.243919
702	5	-1.97502
703	98	0.34903
703	36	-0.956561
703	2	-0.590054
703	37	-0.886164
703	14	0.150812
703	111	0.669603
704	48	1.59126
704	4	-0.460349
704	34	-0.240203
704	16	0.957351
705	17	0.829007
705	120	0.775997
705	396	0.802691
705	24	1.15338
705	36	0.0397112
706	156	0.0442774
706	14	-0.332129
706	98	0.349955
706	127	0.507167
706	89	0.93204
706	22	0.284718
706	9	0.0728448
706	202	0.242273
706	6	0.432037
706	17	0.478249
706	6	-0.969841
706	2	0.441161
706	239	-0.000623179
706	13	-0.125324
707	0	-0.454224
707	10	-0.830137
707	35	-1.26273
707	209	-0.526391
707	1	0.607043
707	2	0.892715
708	7	-0.107351
708	29	-0.385971
708	28	-0.0199979
708	36	-0.276259
708	145	-0.491327
708	34	-0.568503
708	20	0.199954
708	159	-0.322717
708	12	0.184338
708	100	-1.24233
709	5	-0.0520227
709	24	2.60056
709	12	-0.45239
709	15	-1.46901
709	171	-0.330967
709	11	-0.843046
710	1	-0.0257041
710	48	0.772639
710	18	0.95231
710	25	1.5658
710	42	0.25475
710	5	-0.309832
710	12	-0.00980844
710	10	0.609385
711	19	0.272004
711	22	-0.00346596
711	79	0.656538
711	22	-0.201069
711	43	-1.08141
711	4	-1.12021
711	297	-0.764346
711	9	0.906289
711	32	-0.0579822
711	102	0.653115
711	0	0.684234
712	1	1.18243
712	86	0.0187057
712	142	-0.728447
712	47	0.565884
712	27	-0.600364
712	67	0.251163
712	15	-0.586684
712	170	-0.229034
712	57	0.142693
712	37	0.524147
712	67	0.914882
712	25	-0.844616
712	50	0.796326
712	28	0.302796
713	34	0.337285
713	80	-0.818833
713	61	0.457867
713	29	-0.355997
713	2	-0.305524
713	94	-0.22084
713	59	-0.633357
713	56	-1.681
713	139	0.302325
713	0	0.169534
713	354	-0.597716
713	0	-0.427601
713	0	0.520653
713	38	-0.973218
714	124	0.927126
714	22	0.690115
714	68	0.765387
714	17	-0.234867
714	10	0.351118
714	31	-0.0256188
714	55	-0.00355514
714	11	0.0161867
714	36	1.53729
714	2	0.0607888
715	56	-0.291469
715	17	0.224559
715	27	-0.759589
715	44	0.0906286
715	78	-0.608775
715	13	0.00670934
715	309	-0.674749
715	111	0.80319
715	401	0.768681
715	116	0.313156
715	56	-1.68067
715	67	0.524148
715	31	-0.422959
715	29	0.54812
715	194	0.457149
715	140	-0.344027
716	3	-0.465322
716	20	0.00048377
716	54	0.0632964
716	9	-0.418437
717	3	0.343884
717	238	-0.812123
718	5	-0.106834
718	48	0.763745
718	6	-1.06838
718	12	1.03567
718	13	-1.10484
718	5	1.10031
718	96	-0.226907
718	12	1.76975
718	9	-2.43753
718	221	-0.0376184
718	494	0.0903807
718	6	0.0635045
718	28	-1.72087
718	19	-0.972462
718	521	0.363679
718	15	0.161378
719	86	-0.910268
719	394	-0.5577
719	153	-1.03613
719	16	0.0322777
719	12	-0.169877
719	364	-0.446323
719	24	-0.96791
719	22	1.05989
719	22	0.971954
719	7	-0.628078
720	12	-2.11204
720	3	-0.239031
720	0	-1.74136
720	27	0.374361
720	19	0.27049
720	247	-0.314866
720	384	-0.320741
720	82	-1.1481
720	52	-0.461756
720	69	-0.143866
720	174	-0.564086
720	28	0.0937035
720	33	0.279766
721	11	0.171284
721	221	-0.114204
721	104	-0.230627
721	340	-0.467515
721	10	1.48303
721	199	-0.648322
721	31	-0.169429
721	37	0.386588
721	280	0.430572
721	33	-1.93035
722	55	-0.71796
722	11	-0.904471
722	116	0.18247
722	14	-0.488815
722	42	1.39779
722	41	0.392568
722	55	2.12951
722	118	0.171504
722	19	-0.913783
722	17	1.07464
723	5	-0.233132
723	0	0.673375
723	178	0.379976
723	15	-0.79051
723	0	0.21952
723	6	-0.28769
723	1148	0.31002
723	42	0.51998
723	127	-0.801446
723	5	-0.847926
723	76	-0.163759
723	78	0.731566
723	290	-0.123455
723	138	-0.49896
723	10	-0.566707
724	13	-1.51679
724	5	-1.32776
724	406	0.227971
724	3	-0.411304
724	9	-0.199043
724	9	0.796245
724	11	-0.486562
724	152	0.632844
724	7	0.227832
724	9	1.1402
724	12	0.735359
725	72	0.547063
725	57	-0.285396
725	57	0.348857
725	22	0.140209
725	54	1.20068
725	1	0.494825
725	2	1.87832
726	0	0.552788
726	4	-0.211125
726	350	0.390883
726	171	0.821078
726	42	-1.52256
726	16	2.17527
726	391	0.655352
726	26	0.069795
726	41	1.21553
726	35	-0.738233
726	15	0.971159
726	188	-0.437661
726	11	1.02679
726	95	-0.783991
726	21	0.547857
726	1	0.498614
726	24	0.0806792
726	6	0.685579
726	4	0.057153
726	56	0.593462
726	78	-0.00292261
726	101	0.0342244
726	278	0.829228
726	266	-0.911357
726	7	0.572167
727	1	-0.530024
727	70	0.196604
727	64	0.199336
727	0	1.70978
727	35	-0.0121384
727	46	1.2146
727	47	-1.09753
728	31	0.770148
728	2	1.58499
728	242	-0.502187
728	80	0.380571
728	133	0.417469
728	10	0.325918
728	33	-0.81845
728	43	0.285657
728	39	0.225831
728	2	-0.452129
728	8	0.462834
728	19	0.153699
728	0	0.627341
729	15	0.94716
729	19	-0.488655
729	60	-1.29688
729	3	0.102568
729	18	-0.862022
729	274	-0.976653
730	5	-1.13127
730	8	-0.826841
730	51	-0.790237
730	259	0.384104
730	1064	0.426028
730	38	0.148709
730	168	0.0511407
730	1070	-0.341243
730	306	0.591823
730	25	0.0783317
730	5	0.375953
730	99	0.556843
730	1	0.697022
730	32	0.852309
730	109	-0.254409
730	3	-2.22914
730	40	0.0151406
730	43	1.012
730	7	-0.990606
731	196	-0.234077
731	215	0.0632665
731	58	-0.331791
731	68	-0.38933
731	407	-0.192756
732	58	1.00997
732	176	0.799784
732	89	-0.0560888
732	97	-0.622247
732	71	-0.189805
732	28	0.109956
732	88	0.48115
732	59	-0.489448
732	23	0.394714
732	11	0.540947
732	46	0.212882
733	12	-0.341162
733	0	-1.28073
733	146	-0.492918
733	48	0.601485
733	17	0.801599
733	6	0.435134
733	12	0.996002
733	52	0.842658
733	97	-1.09343
733	100	0.489224
733	126	-0.0721689
733	46	0.449645
733	19	0.300054
733	151	-0.306227
733	65	0.262245
733	3	1.92308
733	37	-1.0402
734	6	-0.916674
734	35	-1.25048
734	72	-0.178203
734	9	0.751103
734	60	0.844284
734	37	0.028204
734	0	-0.494636
734	88	1.33829
735	76	-1.44352
735	4	-0.368879
735	72	-0.0707772
735	5	1.00621
735	679	-0.355781
735	92	0.556291
735	0	-0.684557
736	268	0.185653
736	12	0.118804
737	0	0.380205
737	33	-0.448701
737	3	0.61
737	61	-0.240631
737	2	-1.18935
738	11	-2.78591
738	17	-0.120509
738	12	-0.263641
738	7	0.143477
738	4	0.40465
738	21	0.488345
738	20	-0.570478
738	86	-0.435894
738	68	0.626958
738	3	1.12611
738	40	-0.649053
739	11	-0.358142
739	47	0.664747
739	16	0.677383
739	40	-0.452712
739	33	-0.743942
739	37	0.92095
739	38	-1.38093
739	0	-0.907305
739	10	0.11097
740	25	0.70374
740	45	0.255694
740	31	-0.812601
740	1	1.12484
740	12	0.16257
740	9	-1.21076
740	11	0.0757012
740	12	-0.0347695
740	58	0.146218
740	32	0.0885731
740	72	-0.918628
740	227	-0.443233
740	69	0.682307
740	150	-0.351241
740	235	0.0578677
741	135	1.49924
741	127	-0.421678
741	78	-0.58679
741	32	1.43635
741	63	-0.0578178
742	57	-0.757344
742	4	-0.323141
742	76	0.813343
742	24	-0.541066
742	254	-0.227734
742	67	-0.2086
742	8	0.0725524
742	13	-0.719074
743	10	-0.263201
743	22	0.754237
743	35	0.299548
743	4	-0.393461
743	13	0.0849074
743	14	0.454604
743	50	0.680214
743	24	0.56815
743	292	-0.546866
743	15	0.585273
743	159	0.0985325
743	739	-0.128266
743	44	0.047448
743	67	-0.76344
743	0	-0.653387
744	27	-0.437219
744	34	-0.25267
744	1	0.61162
744	265	-0.572104
744	87	-0.515832
744	126	0.105693
744	80	0.883944
744	20	0.283389
744	3	1.67738
744	7	-0.242698
744	17	-0.894339
744	15	-0.218553
744	37	0.267223
744	4	-0.531523
745	11	-0.61356
745	12	0.197832
745	50	0.245503
745	88	0.229252
745	167	0.405966
745	2	-1.20891
745	5	-0.229975
745	254	-0.673913
745	571	0.566267
746	13	-1.43224
746	67	-1.36564
746	3	-1.68919
746	54	-0.630823
746	13	1.09939
747	101	0.618436
747	0	0.201179
747	77	-0.145713
747	5	0.487428
747	51	0.428357
747	61	-0.22077
747	79	-0.252774
748	1	0.450443
748	17	-0.492315
748	5	-0.541832
748	58	0.0423797
748	47	-1.90818
748	821	-0.388758
748	40	-0.558905
748	177	0.528507
748	82	-0.0176565
748	118	-0.519429
748	43	0.430774
748	29	-0.18775
749	14	0.220335
749	6	0.986729
749	48	-0.683204
749	52	-0.0167855
749	95	-0.532415
749	171	0.978754
749	11	-0.251019
749	26	0.964927
749	41	0.0649909
749	16	0.667194
749	3	-0.422736
749	37	-0.0216152
749	11	-1.41449
749	3	1.08642
750	19	-1.11473
750	30	0.242218
750	53	-0.344689
751	178	0.365658
751	11	-0.711071
751	38	0.755679
751	48	-0.530956
751	4	0.965196
751	0	1.65354
751	5	-0.566913
751	81	-0.340225
752	16	0.255069
752	3	0.406739
752	84	-0.119727
752	2	0.379271
752	14	-0.0698041
752	5	-0.948059
752	88	-0.504839
752	23	0.131298
752	82	-0.487942
752	99	-0.758813
752	635	0.361018
752	114	0.702196
752	79	0.1643
752	36	-0.0737742
753	10	1.27382
753	8	0.174178
753	364	0.198597
753	144	-0.224988
753	121	-0.657494
753	23	-0.272733
753	56	0.739727
753	168	-0.222858
753	1377	0.463022
753	39	-0.288754
753	13	0.262911
753	8	-0.097264
753	51	0.504661
753	67	-0.819441
753	139	-0.0478064
754	25	0.163172
754	25	-0.175363
754	41	0.750365
754	13	1.44334
754	77	-0.350098
754	8	-0.332045
754	8	-0.0278745
754	48	-0.00150086
754	75	-0.348706
754	26	0.0473131
754	29	0.442765
754	11	1.22029
755	26	0.133164
755	160	0.478536
755	811	-0.320586
755	4	-0.0176064
755	2	0.77154
755	1	-0.549215
755	0	-1.46635
756	6	-3.07787
756	59	0.873468
756	24	0.821985
756	4	-0.0608313
756	45	0.868478
756	17	1.40674
756	2	-1.39477
757	9	-0.865016
757	62	1.19588
757	117	-0.395688
757	9	0.294346
757	6	2.11972
758	74	-0.075733
758	93	0.641841
758	30	-0.927204
758	25	-0.300741
758	34	0.116522
758	228	0.426821
758	417	0.0749115
758	7	-0.0405011
758	18	-0.420263
758	8	0.641769
758	5	0.308959
759	13	0.842625
759	6	-0.139368
759	1	-0.454863
759	16	1.56599
759	20	1.06888
759	19	-1.4317
760	17	0.0711325
760	156	0.0755535
760	25	0.214293
760	16	-0.803275
760	56	-0.243646
760	64	0.733348
760	399	-0.400359
760	215	0.528695
760	76	-1.64036
760	140	-0.434526
761	10	-0.698197
761	9	-0.217197
761	18	-0.453325
761	51	-0.695568
761	4	0.147414
761	8	-1.42849
761	29	0.620468
761	6	-0.526375
761	4	0.688444
761	190	-0.428817
762	130	0.122605
762	23	-0.278008
762	4	-0.469032
762	29	-0.864067
762	24	0.755082
762	74	-1.46101
763	39	0.243402
763	1	0.345686
763	1046	0.14652
763	2	-1.21419
763	114	-0.415043
763	88	0.916199
763	103	0.374227
763	41	-0.0505125
763	75	0.676321
763	5	-0.409916
763	96	0.320997
763	32	0.14472
764	14	-0.614001
764	1	0.280683
764	68	-0.450697
764	93	-0.613169
764	170	0.107087
764	165	1.24098
764	77	0.599443
764	24	0.867424
764	16	0.396691
764	13	0.930091
764	11	-0.951585
764	2	-0.632047
764	9	-0.195949
765	41	0.286193
765	90	-0.375175
765	10	-0.146645
765	6	-0.166551
765	16	-0.162262
765	5	1.64174
765	54	-0.503444
765	5	0.238717
765	2	-0.446883
765	54	-0.2147
765	36	-0.180919
765	3	0.221584
765	62	0.109165
766	40	0.80494
766	20	-0.0496396
766	245	-0.51929
766	105	-0.14368
766	39	0.430275
766	57	0.330526
766	26	0.412115
766	88	0.0215418
766	25	0.38123
766	9	0.673395
766	60	-0.315066
766	2	-1.39153
766	327	-0.187305
766	21	0.466196
767	146	-0.814997
767	297	-0.289068
767	41	-0.341918
767	2	0.0942388
767	20	1.1943
767	25	0.58502
767	33	-0.442984
767	635	-0.0628885
767	33	0.750717
767	11	-1.11963
768	238	-0.725106
768	32	-0.574512
768	17	0.164575
768	30	0.537853
768	18	2.55923
768	64	-0.141961
769	0	0.189944
769	117	-0.164586
769	9	2.55862
769	205	0.991093
769	10	-2.04083
769	28	-0.081714
770	75	1.36987
770	59	-0.334282
770	3	1.43044
770	76	-0.05166
770	171	0.0079023
770	63	1.92422
770	30	1.55681
770	232	0.457866
770	66	0.626027
770	15	-0.21975
770	85	-0.29793
771	1098	0.461047
771	64	-0.434763
771	7	0.0735566
771	137	0.339459
771	436	-0.343087
771	201	-0.298387
771	41	-0.454218
771	11	0.758114
771	12	0.0807944
772	38	-0.172117
772	119	0.820022
772	319	-0.866938
772	229	0.127611
772	158	-0.444665
772	11	0.219815
772	1275	-0.121324
773	15	0.881863
773	41	-1.62167
773	110	0.0354206
773	6	-0.470137
773	17	1.48767
773	70	-0.392612
773	1	0.332449
773	11	1.39865
774	2	0.90357
774	28	-0.49775
774	8	-0.553905
774	60	1.66121
774	53	0.384998
774	14	0.715466
774	15	0.864164
774	19	-0.102934
774	179	-0.256572
774	287	1.04508
774	105	-0.381957
774	86	0.926665
774	1	-0.43748
775	55	-0.741423
775	30	0.94278
775	68	0.656317
776	0	-0.43248
776	7	0.39036
776	54	0.503695
776	63	0.523576
776	20	0.267361
776	25	0.298818
776	77	-0.114497
777	15	-0.0461658
777	43	-0.758591
777	128	0.159661
777	147	0.318955
777	3	-0.0486142
777	7	0.467417
777	26	0.249944
777	0	-1.20378
777	131	0.789999
777	136	-0.559468
778	0	-1.56659
778	195	-0.0854598
778	10	0.988132
778	11	-0.618801
778	4	0.396999
778	34	0.441457
778	2	0.212423
778	63	-0.281444
778	129	-0.93633
778	5	-0.739621
778	4	0.225866
778	625	0.0560286
778	34	0.105236
779	48	-0.247138
779	135	-0.288343
779	119	0.878372
779	134	0.332027
779	66	0.452467
779	255	0.330917
779	1	0.971091
779	8	1.45034
779	435	-0.636278
779	33	0.292235
779	56	0.380471
779	495	-0.288604
780	8	0.0222513
780	44	-0.952266
780	55	-0.543523
780	544	0.0104356
780	356	0.894199
780	66	-0.329159
780	3	-0.668135
780	11	-0.11749
780	72	-1.89584
780	61	1.21873
781	2	-2.30148
781	46	0.636201
781	57	0.811947
781	75	0.247906
781	22	1.86885
781	0	-0.531759
781	16	-0.112993
781	155	0.509197
781	23	0.598731
781	1594	0.158306
782	55	-0.702948
782	1	1.34763
782	70	-0.87524
783	14	0.286735
783	1573	-0.155884
783	3	-0.756746
783	1	0.22923
783	15	0.478541
783	50	0.886253
783	109	-0.0851391
783	581	0.693808
783	8	-0.59252
784	37	0.407762
784	1	1.20829
784	7	0.0280459
784	4	-0.298376
784	129	0.239975
784	46	1.43243
784	9	-0.150436
784	32	0.0460619
784	27	-1.44709
784	16	-0.8501
784	196	0.205981
785	39	-0.541547
785	189	-0.552332
785	61	-0.787587
785	4	0.352735
785	3	-0.580144
785	136	-0.370821
785	142	0.959466
785	260	0.279929
785	20	-0.326751
786	0	-1.81024
786	2	-0.705912
786	29	-1.24546
787	94	-0.706241
787	14	0.0392897
787	2	0.3725
787	7	-0.630666
788	20	0.657837
788	11	2.00333
788	29	0.444769
788	57	0.202347
788	7	0.179787
788	91	0.753438
788	83	-0.462877
788	83	-0.00607158
788	81	1.00143
789	3	-0.998216
789	0	0.848522
789	315	-0.367257
789	59	-0.613069
789	69	-1.01149
789	9	1.59736
789	4	-1.89727
789	32	0.0806792
789	8	0.665306
790	34	0.173924
790	190	0.951946
790	101	-0.308747
790	5	-0.119201
790	47	-0.512485
790	29	-1.36447
790	57	-1.99847
790	15	1.31204
790	8	-1.05143
790	18	0.0989186
791	4	1.58901
791	30	-0.257566
791	69	0.0957483
791	2	0.289243
791	29	-0.247796
791	12	1.74045
791	67	1.12261
791	5	-0.850677
791	59	-0.248614
791	1	1.07468
791	37	-0.196169
791	175	1.32073
792	53	-0.967739
792	0	-0.503354
792	34	0.0765298
792	7	-1.08454
792	302	0.00434093
792	53	-0.781153
792	21	-0.38683
792	75	0.187811
792	109	1.17301
792	10	0.420709
792	21	0.539424
792	12	-0.307779
792	48	-0.149247
792	3	-0.696861
792	69	-0.486907
792	32	0.872481
792	192	0.266773
792	133	-0.114805
793	16	0.605473
793	160	0.465381
793	268	-0.78371
793	36	-0.415578
793	0	1.77978
794	3	-0.555965
794	789	0.148984
794	9	1.54773
794	10	1.13834
794	120	1.23565
794	3	-0.134636
794	1	-1.04622
794	21	-0.804231
794	53	-0.0675141
794	82	0.0392638
794	20	0.114754
794	93	-0.432515
794	5	-1.00279
795	0	0.412211
795	46	0.724268
795	360	-0.0834099
795	8	-1.00256
795	6	-0.755135
795	8	-0.574304
795	66	-0.842614
796	6	1.1771
796	159	-0.789195
796	13	-0.465941
796	12	-0.540673
796	53	-0.445264
796	1	1.15821
796	95	0.617459
796	16	0.280695
796	17	0.716416
797	29	-1.83213
797	4	-0.475246
797	3	0.752748
797	30	-1.07843
797	17	-0.433273
797	59	-0.47313
797	84	-0.484745
798	129	-0.24696
798	104	-0.143694
798	398	0.423069
798	56	0.995426
798	212	0.347091
798	18	0.321663
799	13	-0.142197
799	144	-0.0250116
799	26	0.331534
799	7	-0.96886
799	64	-0.203236
799	6	0.531417
799	24	-0.31206
799	21	0.697592
799	9	-0.20968
800	139	-0.355973
800	256	-0.0364283
801	46	0.292225
801	6	-0.864513
801	119	-0.0927252
801	81	-0.714766
801	13	-0.106262
801	13	-0.611257
801	33	-2.68716
801	141	-0.962511
801	3	-0.621752
801	9	0.0869515
802	28	0.890294
802	213	0.0925987
802	33	0.179263
802	8	0.314861
802	64	-0.149472
802	11	0.109716
804	72	-0.382287
804	62	1.06189
804	11	-0.388463
804	17	-0.440767
804	8	1.35202
804	9	0.556666
804	6	-0.0533824
805	535	-0.405334
805	26	0.235304
805	2	-0.240681
805	1	-0.682473
806	485	0.44672
806	28	0.245085
806	95	0.121578
806	73	0.1511
806	19	0.627183
806	11	1.84012
806	1	0.402032
806	4	-1.49519
806	388	-0.655248
806	66	0.556515
806	337	-0.331265
806	124	0.371435
807	174	0.479106
807	17	-0.801816
807	7	0.853492
807	297	-0.320649
807	38	0.9224
807	9	1.12926
807	2	0.112767
807	12	2.0578
807	60	-0.30292
807	26	1.31514
807	93	-1.42019
807	61	-0.902914
807	33	-0.0273447
807	26	-0.562698
807	25	0.110479
807	88	0.0425717
808	33	0.556977
808	27	0.380572
808	7	-0.993539
808	6	0.849612
808	36	-0.202337
809	10	-0.876274
809	61	0.142322
809	85	0.597477
809	63	-0.00811882
809	6	-1.82989
809	41	-0.947303
809	71	0.271259
809	104	-0.825866
809	26	-0.104359
809	5	-0.690134
809	24	0.365034
810	22	0.638434
810	26	-0.121772
810	2	2.50958
810	102	0.471339
810	55	0.305271
810	71	0.120423
810	72	-1.88034
810	186	0.29456
810	143	0.550565
810	57	0.576195
810	51	0.22912
810	33	0.424113
810	9	1.43013
811	27	-0.925782
811	16	-0.776983
811	70	-0.666734
811	5	-1.94578
811	37	0.255937
811	3	-0.876715
811	5	-0.203025
811	46	-0.439453
811	83	0.812137
811	0	-0.752267
812	8	-1.36188
812	167	0.413918
812	17	-0.497762
812	74	-0.6263
812	20	-0.592023
812	19	-0.258705
812	66	-0.542651
812	100	-0.581092
812	28	-0.142279
812	67	-0.909334
812	103	1.16026
812	173	-0.0383631
812	25	0.626169
812	39	0.183278
812	815	0.254482
813	1	-0.8097
813	28	-0.0660844
813	27	0.149927
813	22	-0.109096
813	1230	-0.165052
813	32	0.316592
813	42	-0.618249
814	57	-0.350303
814	9	0.906552
814	25	-0.289473
814	258	0.153046
814	1494	-0.10873
814	82	0.930623
814	159	-0.801943
814	30	-1.09974
814	127	0.475373
814	100	-0.514453
814	23	-0.509813
814	13	1.09525
814	76	-0.326663
814	10	0.580004
814	101	-0.465485
815	40	0.111503
815	1	0.446271
815	0	1.20209
816	17	-0.272557
816	530	0.148559
816	16	-1.88903
816	30	-0.572242
816	70	-0.0536916
816	31	-0.894667
816	4	1.46951
816	16	0.413843
816	193	0.625221
816	28	-0.0493758
817	6	1.17277
817	2	-1.53357
817	20	2.02277
818	2	1.12662
818	227	0.936771
818	25	-0.0939719
818	31	-1.0092
819	56	1.02915
819	19	-0.288343
819	24	-0.92002
819	115	-1.016
819	46	-0.448301
819	388	-0.48261
819	22	0.507407
819	17	-0.163996
819	46	2.06442
819	6	0.885724
819	36	-0.976168
820	28	-0.646985
820	64	0.293577
820	58	0.351145
820	71	-0.0790363
820	37	0.118836
820	0	-0.50158
820	4	1.68895
820	44	0.778858
820	766	0.211103
820	74	-0.333558
820	29	1.11527
820	195	-0.85564
820	235	-0.104142
820	39	-0.434686
820	1144	0.321124
821	22	1.97635
821	399	-0.1528
821	15	0.829622
821	34	0.112841
821	17	-0.501199
821	24	1.00842
821	31	0.357333
822	71	0.893394
822	75	-1.06068
822	134	-0.219476
822	61	-0.563949
822	40	0.82291
822	36	-0.661907
822	261	-0.618553
822	3	-1.48446
822	63	-0.444517
822	68	-1.5221
822	10	0.321496
823	131	-0.411401
823	22	0.110586
823	326	0.0638139
823	30	-0.561198
823	52	0.290017
823	309	0.0513011
823	32	1.13478
823	62	-0.771346
823	142	-0.0422814
823	109	0.442084
823	66	0.805389
823	42	-0.159303
823	15	-1.21151
823	219	0.406112
823	365	0.2866
823	5	1.87768
824	17	0.462862
824	23	1.06803
824	46	-0.322857
824	58	0.0904757
824	94	0.437674
824	57	0.456389
824	6	-1.36797
825	405	-0.529029
825	0	-0.550955
825	4	1.30198
825	49	-0.78879
825	72	-0.597575
825	152	-0.49115
825	13	-1.6407
825	122	-0.823852
825	181	-0.264362
826	40	-0.086426
826	45	-0.110061
826	24	-0.13958
826	34	-1.284
826	0	0.828423
826	74	-0.388831
826	437	0.451536
826	5	0.833088
827	4	1.37526
827	10	0.0477227
827	475	-0.667781
827	22	-0.411158
827	76	1.27882
827	14	-0.572842
828	6	-1.05273
828	44	0.200739
828	40	-0.214677
828	28	-1.14022
828	115	-0.103458
828	9	-0.433738
828	285	0.0656008
828	63	0.424105
828	25	1.26531
828	218	0.0180906
828	1	-0.826286
829	49	-0.0701917
829	86	-0.379724
829	670	-0.664136
829	695	-0.669678
829	657	0.343276
829	629	0.21855
830	77	0.156273
830	87	-0.319323
830	25	-1.19513
830	48	0.196667
830	32	1.04733
830	9	-1.14964
830	77	0.226594
830	5	0.510698
830	331	-0.030531
830	58	-0.866721
830	553	0.0467559
831	4	0.986731
831	6	-0.590628
831	12	-0.446329
831	60	0.123478
831	40	0.611073
831	16	-1.54208
831	61	-0.931221
831	104	0.248748
832	13	0.146435
832	21	-1.90099
832	327	-0.667641
832	14	0.996291
832	12	0.0473125
832	19	-1.97744
832	232	-0.525669
832	292	0.710141
832	40	1.58397
832	192	-1.02118
832	404	-0.074193
832	30	0.116672
832	21	-0.831394
833	37	-0.273468
833	116	0.48179
833	94	-0.306248
833	15	-0.281011
833	9	0.852468
833	11	0.232933
833	10	0.948658
833	127	-0.843588
833	78	-0.0859168
833	85	-0.786338
834	10	-0.521366
834	37	0.0520843
834	6	-1.09863
834	26	-1.10099
834	13	-0.549305
835	65	1.07352
835	15	0.905067
835	33	-0.495293
835	18	-1.15147
835	125	0.848071
835	8	0.181287
835	66	1.70339
835	53	0.45416
835	0	-1.2145
835	12	-0.588371
835	2	1.27196
836	19	-0.0278991
836	28	0.825637
836	52	0.0479001
836	30	-1.09041
836	23	-0.166506
836	18	0.169736
836	8	-0.841666
836	15	-0.119333
836	37	-0.255139
836	1	0.317492
837	1	-0.29643
837	6	-1.03499
837	21	0.2888
837	36	0.325485
837	50	-0.686825
837	119	-1.34793
837	40	0.740166
837	11	-0.45012
837	18	-0.63441
837	370	-0.18623
838	22	1.66905
838	55	0.654238
838	71	0.649874
838	16	-0.459381
838	27	0.962292
838	59	-0.436983
838	224	-0.330804
838	5	0.260384
838	0	-0.70969
839	52	1.24583
839	33	1.58991
839	30	-0.963236
839	80	0.120477
839	15	0.554645
839	14	0.204242
840	11	-0.731169
840	8	0.0648883
840	152	0.552091
840	91	0.727141
840	86	-0.236734
840	148	-0.511829
840	43	-0.364417
840	13	-1.56807
841	89	0.39154
841	32	0.880385
841	3	-0.458064
841	207	-0.190913
841	52	0.545314
841	292	0.671429
841	3	-0.982972
841	13	0.814074
841	20	-0.784012
841	88	0.665886
841	48	0.651572
842	28	-0.431552
842	17	-0.392997
842	8	1.16491
842	64	0.799265
842	19	0.0366371
842	11	-0.0884122
843	9	-1.96527
843	1089	-0.56642
843	88	0.856695
843	440	-0.98316
843	216	-0.3095
843	10	-1.17125
843	16	0.556806
843	78	-1.21731
843	60	-0.516258
843	4	-1.16521
843	7	-0.361914
844	82	0.0882563
844	26	0.130431
844	0	-1.20226
844	45	-0.161101
844	23	0.622086
844	193	-0.169295
844	41	-0.826718
845	114	-0.144689
845	22	0.584037
845	3	-1.01033
845	7	0.145979
845	312	0.394888
845	35	-1.14834
845	42	0.127101
845	1	-1.22562
845	209	-0.347282
846	74	0.386061
846	190	-0.372907
846	5	1.3227
846	857	-0.0206086
846	30	-1.13517
846	43	0.159859
846	145	1.00734
846	91	0.15342
846	3	-1.55467
846	136	-0.479506
846	91	0.458818
846	89	-1.13278
847	213	0.554048
847	20	-1.47241
847	14	0.395125
847	34	0.666595
847	43	-0.312956
847	49	0.504098
847	13	0.428215
847	17	0.189422
847	55	0.74017
847	55	0.253154
847	62	0.557375
847	1	1.18965
847	515	-0.431687
847	16	-0.927039
847	19	-0.243311
848	56	-1.71212
848	336	0.926708
848	40	-0.75023
848	10	-0.275087
848	11	-0.155612
848	8	1.20903
849	321	-0.412988
849	38	0.291907
849	16	-0.223011
849	9	-0.594702
849	21	0.432413
849	20	-0.229263
849	435	-0.641704
849	59	-0.0638844
849	8	-1.95533
849	28	1.38871
849	48	0.697598
849	682	0.598232
850	34	-0.0167843
850	23	1.19628
850	16	1.1047
850	145	0.407855
850	94	-1.46517
850	86	0.440827
850	79	-1.26578
850	13	0.598696
850	70	0.310233
850	15	-0.123642
850	6	1.70848
851	20	0.273742
851	52	0.211809
851	18	-1.17499
851	1594	0.415255
851	8	1.10663
851	6	2.10038
851	61	-1.1038
851	56	0.176022
851	62	-0.18099
851	8	1.73925
851	12	-1.2876
852	14	-1.12866
852	5	1.31828
852	22	-0.456317
852	46	1.16051
852	200	0.0356498
852	119	-1.31942
852	0	-1.16726
852	7	1.44418
853	111	0.960964
853	12	1.84621
853	28	0.161824
853	6	-0.267998
853	65	-0.770046
853	14	0.640872
853	3	-1.05874
853	16	1.32579
853	12	-0.428578
854	37	-0.297509
854	14	-1.08612
854	10	0.647795
855	6	1.14537
855	53	-0.610741
855	16	-1.56475
855	1	0.891738
855	226	-1.05181
855	5	0.27921
855	148	-0.238071
855	36	-0.156508
855	25	-0.807917
855	199	-0.657391
855	57	0.074161
855	31	-1.36528
855	41	-0.55768
855	21	0.703447
855	23	-0.226145
856	22	0.264279
856	23	-0.611272
856	38	-0.979255
856	37	0.388394
856	3	0.7685
856	2	0.323489
857	43	0.425407
857	226	0.449152
857	128	0.745731
857	5	0.408047
857	16	-0.761214
857	33	-0.67733
857	207	0.302707
857	445	0.747853
857	81	0.0571267
857	361	0.541294
858	13	0.10831
858	28	-0.0794697
858	7	-1.66144
858	46	-0.577032
858	11	1.87005
858	58	0.951133
858	49	0.381292
859	130	1.31008
859	4	0.0655925
859	29	0.513332
859	0	-0.193117
859	118	0.574398
859	20	1.11468
859	4	1.20964
859	1778	0.0935525
859	529	0.616207
859	20	0.0870914
859	3	0.273038
859	1	-0.13232
859	37	-0.220692
859	119	0.055516
859	197	-0.145191
859	0	-0.00686931
859	38	-0.762748
860	1	-0.393989
860	32	1.18921
860	1	-1.08442
861	74	0.293666
861	40	-0.331368
861	87	0.112876
861	77	-0.48195
861	30	0.324535
862	151	-0.857159
862	82	-0.371139
862	162	-0.454038
862	6	-1.07691
862	55	1.56232
862	181	-0.489997
862	2	-1.40267
862	54	-0.634272
863	169	0.0418435
863	109	0.367871
863	157	0.371229
863	2	0.0353952
863	12	-1.44876
863	23	0.443843
863	72	1.34874
863	8	-0.487648
863	21	-0.839622
863	19	0.499475
863	43	0.770801
863	264	0.578746
863	8	0.399941
864	16	1.10704
864	111	-0.401018
865	330	0.536851
865	26	-1.36553
865	6	-0.47916
865	17	-0.125063
865	17	-0.0360119
865	6	1.34873
865	32	-0.770522
865	257	-0.139993
865	5	0.390676
865	30	-0.64583
865	9	-1.31487
865	118	-0.528392
866	59	-0.0859315
866	8	-1.30347
866	24	-0.385362
866	1	-0.242789
866	55	-0.905887
866	176	0.370466
866	202	0.113123
866	260	-0.0120609
866	2	0.816394
867	66	-0.931119
867	91	-0.837442
867	94	-0.109973
867	412	-0.177864
868	7	-0.439895
868	0	-0.190095
868	60	-2.14125
868	0	0.417638
868	37	-0.827228
868	33	-0.226784
868	54	0.600261
868	88	0.239479
868	4	1.20672
868	2	1.83983
868	43	-0.439559
868	62	0.299323
869	12	-0.509721
869	9	-0.54356
869	11	0.203287
869	868	-0.24866
869	78	0.501345
869	112	1.08304
869	76	-1.31016
869	208	-0.00801835
869	189	-0.412076
869	108	0.269401
869	35	-0.623722
869	3	1.03797
869	16	-1.46456
870	22	0.878455
870	15	2.24655
870	11	1.04647
870	5	0.811552
870	45	-0.589977
870	2	1.03474
870	14	-0.602016
870	1326	0.131362
870	93	0.113386
870	49	-0.529532
870	93	1.96288
870	22	0.258787
870	195	-0.0162262
870	65	-1.46219
870	67	0.71655
870	53	0.268134
871	17	0.382877
871	19	-0.668362
871	3	-0.523051
871	8	0.430282
871	40	-0.929241
871	34	1.73842
871	20	-1.20002
871	21	0.645459
871	0	0.211619
871	108	-0.145724
871	57	-0.476761
871	65	0.156037
872	33	-0.0791209
872	126	-0.197294
872	82	-0.387867
872	4	0.631569
872	60	0.0762617
872	23	-0.244141
873	21	-0.253831
873	81	-0.574931
873	169	0.261971
873	125	-0.121372
873	229	-0.314793
873	25	0.852771
873	7	-0.822029
873	734	0.0668053
874	164	-0.833687
874	18	0.420666
874	19	0.402253
874	37	-0.831675
874	1	-0.946233
874	125	-0.337029
874	0	1.50552
874	0	-1.18231
875	45	0.119858
875	69	-1.85667
876	12	-0.261355
876	18	0.716504
876	273	0.545373
876	3	-1.05986
876	145	0.206936
876	91	0.680913
876	3	0.516726
876	2	1.13062
876	90	0.414278
876	330	-0.564802
877	235	0.764852
877	34	1.12446
877	82	0.583114
877	91	-0.107682
877	2	-0.594561
877	37	0.665089
878	336	0.498993
878	1	-0.620477
878	12	0.306927
878	245	0.558289
878	25	-0.00463598
878	36	0.175847
878	3	0.86548
878	7	0.258982
878	81	0.613441
879	20	-1.04082
879	8	0.367561
879	41	-0.54267
879	50	1.01174
879	51	0.058669
879	105	-0.663913
879	18	0.600515
879	23	0.934988
880	16	-0.687821
880	5	-1.50098
880	9	-0.00974604
881	5	0.114172
881	11	-0.877307
881	78	0.576159
881	10	-1.59847
881	7	0.0811401
881	0	1.28846
881	3	1.28282
881	16	0.979048
882	1	0.418455
882	66	1.01844
882	7	-1.49815
882	4	-0.430876
882	1	0.470423
882	129	0.375613
882	99	-1.55426
882	7	0.301608
882	10	1.52703
882	35	0.133434
882	96	-0.355058
883	137	0.801655
883	98	-0.606151
883	39	-1.71738
883	13	0.165169
883	41	-0.931653
883	15	-2.41796
883	6	0.504089
883	39	-0.0128797
883	17	-1.72551
883	5	0.222448
884	96	1.63971
884	61	-0.69844
884	191	0.0383292
884	24	0.28655
884	101	-0.495689
884	149	-0.643584
884	214	-0.226305
884	4	1.09747
884	5	-1.53474
884	135	-0.0674967
884	97	0.301769
884	17	-1.02
884	11	-1.39025
884	24	-0.393963
884	31	0.179515
884	7	-1.21963
885	1	-0.322694
885	1	-0.00970034
885	104	-0.651985
885	108	0.120441
885	77	0.256137
885	0	0.762116
885	0	-0.996471
885	1	-0.202991
885	599	-0.453521
885	19	-0.850893
885	9	-0.0979921
885	147	-0.231031
885	55	0.514651
885	18	0.902881
886	13	-0.977432
887	55	-0.882999
887	58	-0.0283473
887	41	-0.387231
887	4	-0.234347
887	5	0.250319
887	1	-1.03631
887	9	0.681868
887	547	0.241546
887	341	0.416098
888	15	0.973833
888	3	1.25669
888	83	0.842649
888	48	1.40746
888	12	-0.155532
888	124	-1.55304
888	53	0.840437
889	24	0.566083
889	211	-0.035597
889	309	-0.00756386
889	35	-0.224698
889	59	0.0147474
889	40	-0.788574
889	15	-0.605903
890	0	0.968132
890	16	0.36351
890	50	-1.49442
890	19	0.412446
890	20	-0.613638
890	23	-1.15818
890	5	0.419634
890	12	-1.77704
890	4	-1.3084
890	74	-1.34446
891	0	0.441144
891	15	-0.371361
891	4	-1.42443
891	19	0.887541
891	110	-0.0263888
892	19	0.268974
892	28	-1.0013
892	52	0.554782
892	114	0.457757
892	1	0.415225
892	128	-0.299586
892	144	-0.789722
892	209	0.52667
892	0	-0.221838
892	7	-0.393898
893	166	0.46956
893	0	1.51351
893	20	-0.408457
893	181	-0.447758
893	96	-0.264026
893	75	-0.134681
893	49	-0.774324
893	339	-0.00409416
893	130	-0.158591
894	81	-0.00997812
894	3	0.0344831
894	11	1.3728
894	234	0.665532
894	70	-0.791102
895	22	-0.617864
895	5	0.381997
895	46	-0.49143
895	2	1.71254
895	28	-0.587167
895	59	1.15045
895	517	0.503381
895	111	-0.520256
895	22	1.76815
895	84	0.954594
895	2	0.896037
895	2	-0.468367
895	7	0.373121
895	28	0.197542
895	27	-0.427296
896	383	-0.550454
896	2	0.549024
896	78	-0.887277
896	28	1.93009
896	29	-0.225859
896	8	0.419569
896	100	-0.438597
896	74	1.05911
896	6	-1.70853
896	6	0.58533
896	4	-1.44965
896	50	0.604908
896	53	0.104826
896	48	-0.130651
896	22	-0.295444
897	0	0.256323
897	45	1.62901
897	450	-0.539788
897	4	-0.871826
897	7	0.247268
897	8	0.939508
897	8	-0.747511
897	71	0.692726
897	24	1.39832
898	60	0.680068
898	84	1.30482
898	30	-0.172897
898	107	-0.29866
898	8	-1.23053
898	26	0.195928
898	11	0.562677
898	20	-0.87221
898	34	-0.827558
898	48	-0.497277
898	62	-0.820607
898	244	-0.36607
898	46	0.990155
899	6	0.818763
899	61	1.19391
899	60	-1.43493
899	159	-0.362983
899	51	0.358071
899	0	0.22043
899	4	-0.284216
900	5	1.60927
900	192	-0.492023
900	103	0.44155
900	7	-0.730376
900	5	1.02208
900	472	-0.0803645
900	2	-0.395734
900	91	0.454275
900	6	-0.629561
900	3	-0.136312
900	30	0.179681
900	3	1.05732
901	163	0.795319
901	93	0.128283
901	10	-1.01871
901	3	0.167813
901	18	0.933237
901	90	0.187722
901	3	0.340573
901	46	-0.0102872
901	90	0.829146
901	137	0.366412
901	30	0.66826
901	76	0.387255
901	4	-0.579
901	26	-0.144848
902	2	-0.216464
902	21	0.352626
902	62	0.876015
902	11	0.076206
903	653	0.261002
903	35	-0.0442593
903	50	-0.383542
904	12	-1.01903
904	105	-0.691319
904	42	-0.60234
904	45	-0.0357479
904	0	-1.28201
904	7	-1.75585
904	7	-0.746436
904	37	-0.0445481
904	366	0.32695
904	2	-0.519387
904	10	0.583782
905	114	-0.662019
905	7	0.0866913
905	29	-0.902893
905	180	-0.385254
905	18	-0.188882
905	8	-0.366174
905	32	-0.0601822
905	5	0.141016
905	8	-1.60201
906	6	0.0338027
906	40	-0.00509266
906	15	0.997533
906	47	-1.00158
906	53	1.44015
906	70	-0.193334
906	25	-0.0548759
906	53	1.07469
907	25	0.827055
907	27	0.738034
907	7	0.498043
907	3	1.44491
907	19	-0.0956152
907	8	-1.84254
907	84	-0.692655
908	36	0.512908
908	640	-0.583127
908	96	-0.430529
908	10	-0.141916
908	35	0.45676
908	24	-0.137125
908	215	0.730867
908	30	0.754992
908	58	-0.495689
909	1	0.0259188
909	84	-0.587123
909	187	-0.447621
909	270	0.396299
909	23	-0.482823
909	30	0.693731
909	178	-1.24492
909	88	-1.31242
909	36	0.564312
909	2	-0.477586
909	11	-0.478369
909	18	0.832922
909	11	0.913757
909	27	0.492193
910	24	0.612897
910	8	-0.0580948
910	54	-0.776845
910	4	-1.21442
910	8	-0.84201
910	22	0.238689
910	3	-1.58435
910	2	-1.57001
910	14	1.55784
910	41	0.938153
910	23	-1.31079
910	7	-0.173319
911	406	-0.301198
911	7	-0.77184
911	9	-1.81122
911	40	-0.112467
911	0	-0.688067
912	193	0.0239218
912	12	0.20798
912	965	0.282051
912	72	-1.19241
912	563	0.0620358
912	151	-0.553093
912	2	-0.454429
912	10	1.75557
912	14	-1.4168
912	20	-0.433414
912	29	-0.141937
912	40	-0.218961
912	1	1.69258
912	19	0.669901
913	1	-0.182945
913	13	-1.14284
913	387	0.389292
913	0	0.558665
914	13	-0.223779
914	2	-0.847
914	11	1.19003
914	16	-0.74232
914	11	-0.216167
914	6	0.147729
914	9	1.22859
914	1	0.364875
915	12	-1.04473
916	38	-0.701207
916	2	-2.63069
916	92	1.00459
916	6	-0.168117
916	17	-0.741205
916	27	-0.370432
916	34	0.541338
916	57	0.160542
916	7	1.07844
917	171	-0.447649
917	3	-0.938152
917	166	0.900904
917	14	-0.297915
917	17	-1.05408
917	38	0.616167
918	34	0.488842
918	10	-1.66249
918	12	-0.749133
918	13	-0.767524
918	35	0.083738
918	35	-1.02968
918	14	0.787942
918	666	-0.473105
918	10	1.49295
918	1	-0.966833
918	36	0.178275
918	11	-0.510027
919	65	-0.328018
920	26	-1.74285
920	61	-1.19173
920	19	1.54155
920	54	-0.540417
920	148	-0.452108
920	96	1.45145
920	373	0.0942399
920	121	-0.314189
921	36	-1.06164
922	94	0.479905
922	7	1.10564
922	58	1.19303
922	0	1.11659
922	1	0.769942
922	4	-0.257739
922	0	1.26308
922	566	0.253492
922	8	0.15922
922	12	1.40033
922	19	-1.97142
922	2	0.617704
922	14	0.31446
923	50	-1.29253
923	21	-0.815351
923	149	-0.16113
923	4	0.978615
923	55	0.622039
923	1	-0.492992
923	23	-1.07293
923	151	-0.578956
924	3	0.896985
924	56	-1.28218
924	29	0.214905
924	78	0.449519
924	6	1.23216
924	241	-0.112529
924	18	0.213402
924	69	-1.0855
924	69	0.319923
924	30	-0.145839
924	36	-1.72013
924	5	-0.844469
924	45	-0.112899
924	64	-0.747748
924	183	-0.765829
924	2	-1.80973
924	8	-0.706375
925	0	0.0671004
925	16	-0.62241
925	516	0.382099
925	39	-0.329995
925	21	-0.0350388
925	61	0.00826658
925	130	-0.48202
925	7	0.788241
926	10	0.850698
926	227	1.27706
926	0	-0.612479
926	40	-0.146649
926	5	-0.16984
926	2	2.00812
926	21	-0.40265
926	16	1.94523
926	17	0.386982
926	45	1.11969
926	102	0.199741
926	99	-1.5497
927	67	1.0922
927	37	-0.166643
927	307	-0.884917
927	0	0.448146
927	69	-1.44203
927	7	-1.39807
927	105	0.348745
927	4	-0.752192
928	56	-0.173133
928	35	-0.349555
929	102	-0.36717
929	39	1.20581
929	7	0.383264
929	3	0.325239
929	64	-0.390573
929	79	0.237614
929	37	-0.302444
929	37	1.34039
929	9	0.580318
929	7	-0.795746
929	134	0.416547
929	19	-1.12319
929	9	0.0465972
929	12	-1.36918
929	6	0.081494
929	31	-0.77737
929	121	-0.267366
929	363	-0.248589
930	18	-0.403242
930	21	-0.959548
930	197	0.45591
930	221	-0.551427
930	31	-0.235207
930	149	-0.165739
930	86	-0.223212
930	76	-1.00823
930	1	0.838922
931	31	-0.594329
931	48	-0.959696
931	42	-0.750444
931	55	1.02257
931	46	-0.280252
931	54	-0.686035
931	12	0.466068
931	107	-0.383413
932	45	0.485089
932	16	3.0531
932	23	-0.554811
932	23	-0.445693
933	334	-0.20547
933	275	0.152215
933	16	0.535383
933	20	-0.684055
933	181	0.301225
933	21	-1.30823
933	21	0.181515
933	10	-0.636618
934	45	0.45725
934	56	-0.75942
935	20	-0.0502912
935	30	0.609658
935	58	0.350155
935	280	0.281878
935	418	0.222445
935	16	-0.955603
935	4	-0.30339
935	16	0.0293833
935	15	-0.735175
935	90	-0.203738
935	66	1.02167
936	22	-1.92009
936	90	-0.0615567
936	12	-0.64714
936	32	-0.642399
936	27	-1.49538
936	8	0.979895
937	27	0.115339
937	23	-1.03074
937	36	0.772276
937	10	1.23398
937	3	-1.12054
937	15	-0.543339
937	17	-0.0727756
937	13	-0.136326
938	73	0.224841
938	61	-0.380388
938	18	1.13043
938	149	-0.00434727
938	16	0.75888
938	2	0.686921
938	2	-0.306936
938	20	0.513085
938	24	-0.106797
939	9	-0.775938
939	79	1.29125
939	15	0.654447
939	3	-0.993478
939	0	-1.88414
940	49	-0.774643
940	27	-1.02664
940	59	-0.831066
940	24	-0.476528
940	32	1.39432
940	19	-0.00759184
940	201	0.380623
940	26	-0.306325
941	1	0.753617
941	88	0.368969
941	7	-0.651669
941	5	1.11387
941	4	0.066298
941	6	-0.493593
941	42	-0.602293
942	116	-0.0221049
942	213	0.229476
942	7	-0.256524
942	39	1.20175
942	7	-0.0354504
942	5	0.162147
942	15	1.28492
942	18	0.986534
942	120	0.594202
942	2	-1.20576
942	130	0.130314
942	62	0.673384
942	447	-0.0663564
942	26	0.32806
942	1705	-0.233034
942	39	0.879481
942	12	1.70149
942	18	-2.51976
943	127	-1.35985
943	196	-0.131149
943	1	0.556522
944	259	0.337742
944	192	-0.310331
944	280	0.583666
944	247	0.381464
944	88	-0.737435
944	35	1.01021
944	5	0.345076
944	20	0.842619
944	188	0.271579
944	52	-1.33637
944	39	-0.827732
944	142	0.0369448
944	6	2.03742
945	5	-1.08928
945	31	0.248365
945	925	0.311131
946	2	0.512113
946	273	-0.203896
947	10	0.288709
947	7	-1.11904
947	27	0.0908744
947	78	0.0179459
947	14	-1.49963
947	9	0.479209
947	25	0.620851
947	67	0.25475
947	15	-0.325183
947	261	-0.360361
947	0	0.0819075
947	20	-1.7339
947	30	-0.423508
947	45	-0.959878
947	83	-0.42213
947	53	-0.347182
947	362	-0.0308967
947	9	0.0555712
947	313	0.566323
948	61	0.649852
948	29	1.11369
948	17	-0.127485
948	7	1.93296
948	210	-0.946354
948	36	0.0704742
948	699	0.242236
948	79	1.13661
948	25	-0.131147
948	30	-0.210258
948	50	-0.130314
948	98	-0.578468
948	15	0.0756185
949	8	-1.33426
949	12	0.740457
949	6	0.258227
949	6	1.12318
949	16	0.668723
949	23	0.00845936
949	1	-2.70883
949	4	-1.7904
949	4	0.462885
949	59	-1.89293
949	20	0.703199
950	82	0.867144
950	7	-0.835586
950	166	0.373246
950	665	-0.501428
950	4	0.31172
950	82	0.0594677
950	7	-0.751769
950	34	0.627534
950	14	-1.49632
950	11	-0.556999
950	116	0.458168
950	22	-1.21834
950	41	-1.00701
950	882	0.109799
950	15	-0.0508174
950	6	0.833594
951	65	0.041539
951	115	-0.26624
951	128	0.243423
951	4	0.934024
951	24	0.650036
951	3	0.712418
951	152	0.350042
952	182	-1.03521
952	149	-0.705593
952	35	0.974098
952	5	-1.31532
952	4	0.743359
952	58	0.753652
952	3	-1.8216
952	7	0.246257
953	5	0.52317
953	7	-1.16606
953	232	-0.013439
953	6	0.315168
953	46	-1.09736
953	18	0.542659
953	34	-1.21099
953	37	1.40039
953	12	-0.0264679
953	28	0.536036
953	77	-0.308131
953	221	-0.502462
953	15	-0.269149
953	61	-0.874268
954	46	0.238042
954	5	1.44922
954	32	-0.0320759
954	129	-0.272279
954	2	0.894472
954	1	-1.72912
955	1	0.0125086
955	6	-2.96099
955	32	0.445331
955	20	1.12842
955	70	1.09099
955	0	0.813902
956	220	-0.657826
956	70	-0.816511
956	58	-1.0745
956	48	0.792121
956	1586	-0.437197
956	16	1.16866
956	229	0.668356
956	15	2.2857
957	38	0.692798
957	102	-0.533666
957	2	-0.226752
957	17	-0.0281927
957	8	-0.1282
957	62	-0.872914
957	318	-0.960153
957	104	0.701089
957	19	0.500253
957	20	-0.574361
957	100	-0.333621
957	69	1.09106
957	29	-1.13917
957	5	-2.13045
957	8	-0.0639739
958	14	1.40085
958	5	-0.791431
958	22	0.236673
958	70	0.657777
958	2	0.342473
959	39	-0.288619
959	66	1.12971
959	21	0.905153
959	53	1.82591
959	34	0.264448
959	0	0.263474
959	8	-0.578709
959	108	0.257809
959	30	0.628747
959	281	-0.126511
960	17	-0.518892
960	434	-0.272514
960	47	-0.345548
960	12	0.941688
960	182	-0.419969
960	7	0.322899
960	390	0.372311
960	50	0.278591
960	31	0.59555
960	107	0.599123
960	61	-0.0837935
961	44	0.0668337
961	110	0.5782
961	1	-0.0627749
961	6	0.221075
961	148	-0.0335346
961	60	0.78816
961	75	-0.416294
961	80	0.638266
961	1	1.62857
961	30	-0.440619
961	30	-0.6198
961	788	-0.170548
961	201	0.483747
962	22	-0.833402
962	2	-1.08632
962	4	1.69219
962	24	0.392108
962	469	-0.238444
963	79	0.947048
963	27	0.150748
963	192	-0.152927
963	28	-1.39944
963	39	1.04914
963	5	2.01516
963	9	0.648888
963	1	-1.89758
963	19	0.620294
963	804	-0.496562
963	1	0.126858
963	27	0.0709763
963	39	0.0702333
963	43	-0.942464
963	49	-1.698
963	791	-0.280614
963	213	-0.410455
963	118	-0.150295
963	11	0.918447
964	13	-0.435709
964	10	0.188596
964	2	-0.515586
964	6	0.661187
964	1	0.514061
964	1	0.737083
964	7	-0.281673
964	25	0.676479
965	11	-1.13851
965	170	1.31131
965	14	0.280274
965	2	1.3067
965	77	0.595302
965	66	1.31813
965	77	-0.585157
965	8	1.46331
965	11	-0.211486
965	13	-0.320946
965	25	-0.36564
965	129	0.778985
965	9	-1.38978
965	37	0.11023
965	26	-1.03376
965	65	-0.287087
965	0	0.620777
965	887	0.0674045
965	4	-0.698756
965	4	-0.848107
965	140	-0.0271069
965	62	0.151757
965	153	0.0812811
965	30	0.316511
966	278	-0.433939
966	24	-0.971388
966	13	-1.73212
966	18	0.435224
967	71	0.122874
967	94	1.06427
967	177	0.163367
967	6	-0.297307
967	18	-0.283603
967	5	1.05458
967	67	-0.308265
967	85	-0.559003
967	21	-0.517721
967	9	-1.18639
967	85	0.194799
967	75	0.181806
967	2	0.985819
968	7	1.51383
968	34	0.689598
968	93	0.769147
968	4	-0.679409
968	47	-0.127595
968	74	0.410064
968	172	0.761952
968	35	0.0666805
968	4	0.809371
968	11	0.189913
969	38	-0.791767
969	5	-0.0392451
969	25	-1.2494
969	8	-0.483356
969	28	-0.451898
969	18	0.95963
969	31	-0.00800659
969	64	-0.258882
970	31	1.60184
970	13	0.537812
970	9	-0.461759
970	0	0.538238
971	9	-1.40556
971	130	0.68151
971	52	0.547831
971	122	-0.348741
971	41	0.49009
971	2	0.133021
971	40	0.146254
971	45	0.0991976
971	33	0.00358446
971	32	0.693628
971	7	0.822475
971	635	-0.415232
971	37	0.643786
971	42	0.545808
971	5	0.994909
971	13	-0.133093
971	7	-0.258281
971	91	0.309213
972	313	0.0149321
972	342	0.594353
972	54	-0.225459
972	24	0.786573
972	50	-1.13161
973	21	1.68778
973	791	0.347484
973	123	0.235217
973	14	-0.0131644
974	47	-0.0422811
974	21	0.23798
974	9	0.32751
974	19	-0.937829
974	12	0.289154
974	19	-0.0211602
974	18	-0.305692
974	8	-0.132678
974	295	0.0552095
975	18	0.825135
975	390	-0.323123
975	28	1.38976
975	164	0.529605
975	16	-1.19151
975	70	0.186152
975	18	-1.25577
976	2	-1.07144
976	78	-1.03847
976	498	-0.33589
976	4	1.13106
976	8	-0.587785
976	5	1.38804
976	31	-0.984977
976	332	-0.62365
976	120	0.0670684
977	129	0.050879
977	47	-0.869407
977	3	1.45591
977	40	0.925746
978	6	0.287474
978	121	-0.238448
978	124	-0.172666
978	26	0.670393
978	36	-0.0543318
978	88	1.44404
978	57	0.104294
978	133	0.0232032
978	51	-0.876
978	29	0.125547
979	122	0.901043
979	440	-0.189658
979	60	0.49038
979	1	-0.255567
979	33	-0.318817
979	61	-0.245526
979	12	-0.642609
979	0	-0.647313
979	12	-1.81746
980	24	0.0856471
980	49	1.27775
980	251	-0.785217
980	28	-0.490897
980	28	0.38639
980	51	-0.0575651
980	95	0.268626
980	2	-0.61036
981	89	0.829943
982	2	-0.198078
982	13	-0.560718
982	201	-0.444407
982	16	0.67912
982	37	-1.45776
982	39	-1.00409
982	5	0.203617
982	127	0.261215
982	21	-0.898672
983	10	0.357671
983	193	-0.0656973
983	261	-0.377398
983	1	-1.11718
983	0	1.26433
983	6	0.686427
983	69	0.886441
984	130	-0.766422
984	27	-1.14533
984	37	1.31511
984	14	-0.137404
984	81	-0.971023
984	59	0.130589
984	23	-0.707833
984	15	-0.639354
985	546	0.0471053
985	68	0.246268
985	36	-0.873393
985	10	-0.530413
985	6	-0.312721
985	101	1.57236
985	3	-1.50788
985	99	0.272933
986	40	0.550833
986	3	-1.4053
986	31	0.930368
987	75	-0.468616
987	1	0.854152
987	15	-0.306508
987	71	-0.0526817
987	86	1.60863
987	74	-1.01527
987	44	-0.641461
987	29	-0.386594
988	1	-0.142529
988	2	1.90763
988	121	8.8498e-05
988	22	0.408333
988	21	-0.840364
988	42	-0.683571
988	15	-0.640632
988	443	0.825719
988	853	0.418856
988	191	0.473748
988	102	0.869958
988	27	2.33722
988	175	-0.360576
988	28	-0.559597
988	8	-1.87912
989	14	-1.33747
989	132	-0.732613
989	114	0.27956
989	26	-0.463022
989	15	-1.15045
989	100	-0.462897
989	100	-0.252694
990	483	-0.694856
990	67	1.23451
990	37	-0.15762
990	16	0.630338
990	10	1.19269
990	83	-0.698582
991	19	0.167555
991	27	-0.695612
991	9	0.815011
991	11	-0.82261
991	2	1.10462
991	180	-1.09996
991	11	0.735423
991	50	-1.34562
991	10	-1.15174
991	37	-0.17716
992	3	0.889767
992	209	0.309224
992	45	0.264378
992	39	0.618679
992	437	-0.281776
992	186	-0.241499
992	7	1.86239
992	112	0.886452
992	113	0.19147
992	4	0.221808
992	23	-0.381096
992	70	0.203642
992	105	-0.567353
993	20	0.741953
993	79	-0.450476
993	3	-0.356657
993	74	0.466018
993	23	1.01688
993	4	-0.874597
993	7	0.800594
994	51	0.615127
994	21	-1.57062
994	22	1.20245
994	50	-0.491332
994	270	0.207802
994	18	-0.539379
994	31	-0.507531
994	55	-0.662791
994	9	-0.0955107
994	10	-1.08295
994	24	-1.33615
995	0	0.277771
995	12	0.248436
995	23	-0.628392
995	180	-0.791837
995	49	-0.350319
995	123	-1.07483
995	210	-0.765359
995	188	-0.16457
995	26	-0.183012
995	29	1.1289
995	38	-0.246735
995	293	0.00207496
995	24	0.440692
996	23	0.44125
996	39	0.0609535
996	29	0.126706
996	37	1.11568
996	105	0.119258
997	16	0.26405
997	9	0.438279
997	163	-0.600168
997	50	0.191266
998	32	-0.359286
998	13	0.163744
998	15	0.594435
998	62	-0.272552
998	9	-0.378322
998	198	-0.148367
998	155	-0.188302
998	69	0.143641
998	29	0.144737
998	20	1.17136
999	37	0.789936
999	42	-0.509794
999	15	-0.828906
999	16	-0.0476678
999	126	-1.10603
999	27	0.402579
999	98	-0.351207
999	31	-0.510415
999	68	0.794993
999	38	-0.233488
999	575	0.0825019
999	77	-0.348028
999	32	0.474638
999	8	-0.414368
999	194	-0.698139
999	1	0.485694
999	58	-0.619516
1000	51	0.356397
1000	68	-0.110144
1000	8	0.116314
1000	218	0.468097
1000	94	0.317774
1000	337	-0.133804
1000	61	-0.145939
1000	17	0.120069
1000	8	-1.26123
1001	2	-0.467825
1001	8	-1.2922
1001	23	0.579751
1001	80	0.0602773
1001	141	0.933806
1001	589	0.0785168
1001	93	0.0928028
1001	26	-0.661091
1001	52	-0.555244
1001	197	0.761391
1002	5	-0.485977
1002	3	1.11229
1002	3	-0.501934
1002	19	0.102017
1002	46	-0.604356
1002	19	0.906012
1002	893	0.178474
1002	230	-0.824711
1002	13	-0.749497
1002	94	-0.464839
1002	203	-1.04116
1002	44	-0.467007
1003	12	0.876511
1003	1	-1.46069
1003	88	0.381533
1003	59	-2.18584
1003	40	0.68701
1003	673	0.315336
1004	2	0.258287
1004	0	-0.0916161
1004	36	-0.356127
1004	42	0.642512
1004	15	0.570314
1004	13	0.34008
1004	149	1.2592
1004	7	0.901317
1005	5	-1.47737
1005	47	-0.700885
1005	13	-1.58222
1005	174	0.945044
1005	80	0.184873
1006	7	0.842499
1006	754	-0.150589
1006	0	-1.0959
1006	3	0.207964
1006	9	0.0346753
1006	53	0.90841
1006	28	0.0214134
1006	30	0.218603
1006	51	-0.303602
1006	30	-0.0847176
1006	59	-0.561658
1006	57	0.304359
1006	65	0.555133
1007	9	-0.328056
1007	41	0.527505
1007	0	1.29606
1007	72	-0.695859
1007	59	0.105816
1007	20	0.775078
1008	499	0.187917
1008	103	0.678816
1008	40	-0.346377
1008	4	-1.06367
1008	33	0.369269
1008	147	-0.608602
1008	30	-0.795923
1008	4	0.402997
1008	8	0.221294
1008	3	-1.54218
1009	132	0.0841721
1009	23	-0.163336
1009	2	-1.36384
1009	4	-0.689316
1009	19	-0.32126
1009	126	-0.810153
1009	67	-0.106948
1009	33	0.477032
1009	13	1.12667
1009	5	-1.02008
1010	284	0.470363
1010	24	1.3499
1010	13	0.887249
1010	28	0.0815726
1010	116	-0.451058
1010	33	-0.365115
1010	47	0.966654
1010	25	1.04812
1011	29	-1.73191
1011	1	0.506424
1011	2	-0.670664
1011	42	0.121835
1011	79	-1.46532
1011	255	0.460194
1011	29	1.0712
1011	61	0.204129
1011	45	1.65723
1011	12	-1.94985
1011	28	0.205685
1011	72	1.91679
1012	27	-1.33359
1012	17	-0.735186
1012	58	0.0183058
1012	0	0.903756
1012	11	-0.0346935
1012	58	1.12943
1012	23	0.743124
1013	76	0.74577
1013	39	0.846226
1013	54	0.350889
1013	56	0.640328
1013	3	1.34733
1013	8	0.528415
1013	298	0.78394
1013	38	0.33764
1013	22	-0.197098
1014	15	0.108847
1014	155	0.949034
1014	15	-0.900712
1014	80	-0.759596
1014	12	1.41982
1014	59	0.224407
1014	156	0.486723
1015	68	-0.305837
1015	374	-0.522219
1015	264	0.537365
1015	810	0.453896
1015	352	-0.122949
1015	25	1.12997
1015	6	-0.739644
1015	89	0.631301
1015	385	-0.0283699
1016	240	-0.189924
1016	42	0.922566
1016	1	1.00684
1016	12	-1.13389
1016	7	-0.489755
1016	2	-0.660643
1016	64	1.58167
1016	107	-0.632108
1016	107	-0.312025
1016	224	0.0945806
1016	360	0.235913
1016	4	0.460359
1017	46	-0.192893
1017	56	0.0139145
1017	71	-0.00114125
1017	36	-0.783723
1017	32	-0.335533
1017	3	-0.306537
1017	31	-0.20941
1017	153	-0.459912
1017	251	0.14239
1017	70	0.302464
1017	14	0.598333
1017	7	0.0469679
1018	28	0.958497
1018	85	-0.366066
1018	20	1.32709
1018	1061	0.128011
1018	9	0.312066
1018	30	-0.235242
1018	149	-1.28681
1018	339	1.02604
1018	19	0.207269
1018	4	-0.271166
1019	112	0.613688
1019	619	-0.044792
1019	37	-0.705435
1019	453	-0.376123
1019	96	1.29893
1019	76	-0.727139
1019	12	-0.648632
1019	65	-0.816802
1020	11	-0.694345
1020	268	-0.0743707
1020	61	0.317385
1020	54	-0.281951
1020	2	0.0820084
1020	34	0.637983
1020	10	0.262068
1020	30	-0.250091
1020	13	-0.28126
1020	28	-0.508416
1020	23	-0.186142
1020	21	-1.70864
1021	84	1.09792
1021	10	0.409024
1021	122	0.824934
1021	244	0.770274
1021	11	1.57816
1021	44	0.275288
1021	57	-0.220001
1022	34	0.92696
1022	43	-1.71137
1022	15	0.102926
1022	14	-0.557199
1022	13	-0.734929
1022	28	-0.588629
1022	211	0.091484
1022	2	-0.497397
1022	71	-0.279423
1022	29	-0.166265
1022	107	1.18835
1022	27	-0.537204
1022	19	0.404891
1023	6	-0.950213
1023	67	-0.448153
1023	62	0.737005
1023	12	0.864658
1023	34	0.197573
1023	56	-0.868199
1023	69	0.95182
1023	52	-0.0110247
1024	21	-0.19185
1024	86	-0.106617
1024	1	1.63403
1024	4	1.24591
1024	23	0.695133
1024	282	0.724564
1024	0	-0.0858066
1024	129	0.306252
1024	32	0.0394565
1024	62	1.09299
1024	19	-0.690637
1024	44	0.14363
1025	55	0.387905
1025	40	0.426997
1025	1	0.320001
1025	19	-0.600753
1025	31	-1.34186
1026	14	0.504523
1026	246	-0.427439
1026	441	-0.29123
1026	51	0.463752
1026	68	0.181784
1026	127	0.679611
1027	9	0.132478
1027	62	1.21431
1027	13	-1.29026
1027	19	-1.21643
1027	30	-0.920783
1027	29	-1.04499
1027	76	0.681443
1027	34	0.273205
1027	11	-0.273138
1027	29	0.263673
1027	6	-0.663929
1028	9	-1.41313
1028	23	0.422646
1028	8	1.46256
1028	74	-0.524694
1028	380	0.633853
1028	119	-0.538054
1028	146	1.06401
1028	4	-1.32793
1029	5	-0.114637
1029	31	0.736835
1029	10	0.416691
1029	4	-1.04403
1029	313	0.142536
1030	128	0.0566438
1030	121	-0.0623769
1030	58	-0.0988976
1030	37	0.0667971
1030	68	1.38967
1030	22	-0.0734722
1030	269	-0.494446
1030	29	1.4938
1030	57	0.447423
1030	90	-0.642417
1030	389	0.282229
1030	3	-0.559508
1030	221	0.933232
1030	161	-0.404093
1030	5	0.112141
1030	1	-0.186428
1031	24	0.859574
1031	352	0.405671
1031	114	0.963062
1031	19	-0.822616
1031	14	1.1056
1031	88	-0.417963
1031	380	-0.0560363
1031	232	-0.0533593
1031	59	0.650693
1031	705	-0.204806
1031	8	-1.03345
1031	50	0.178875
1031	78	-0.532327
1031	41	0.831938
1031	819	-0.0647751
1031	63	-0.351951
1031	7	0.565773
1031	40	0.86995
1032	94	-0.0827662
1032	46	0.427639
1032	15	-2.17895
1033	94	0.719138
1033	21	0.67669
1033	86	0.357525
1033	81	0.592319
1033	3	-1.34072
1033	1	-0.642728
1033	36	0.236527
1033	209	-0.00381109
1033	8	-1.39068
1033	295	-0.502621
1033	123	-0.461582
1033	469	1.18108
1033	7	0.710601
1033	3	0.315564
1034	228	0.395536
1034	16	-0.858442
1034	77	-0.115865
1034	30	0.158841
1034	8	0.427358
1034	404	0.0443339
1034	865	-0.161854
1034	107	-0.61622
1034	29	0.061458
1035	7	0.123687
1035	10	-0.243518
1035	391	-0.753255
1035	23	0.295767
1035	23	-0.468816
1036	40	0.751892
1036	7	-1.30257
1036	117	-1.25887
1037	104	1.05674
1037	92	0.901041
1037	276	-0.0263427
1037	183	0.538662
1037	7	0.927419
1037	4	-0.424861
1037	67	-0.857738
1037	213	0.0390373
1037	39	-0.84798
1037	69	-0.210297
1038	3	2.14292
1038	29	-0.268639
1038	23	-0.167851
1038	9	-0.0451611
1038	181	0.871485
1038	32	-0.60621
1038	2	-1.04851
1038	18	1.01972
1039	108	0.134616
1039	6	-1.57407
1039	2	0.779388
1039	8	-0.561325
1039	44	0.140359
1039	29	0.73765
1039	38	-0.753354
1039	6	-1.56294
1039	376	0.303288
1039	7	-0.558047
1039	101	-1.0751
1039	10	0.370231
1039	32	1.26172
1039	6	-0.173109
1039	25	-0.853833
1040	71	-0.413826
1040	134	-0.532938
1040	46	-0.366513
1040	29	0.229102
1040	75	-0.189553
1040	1	-0.120914
1040	107	0.301508
1040	271	-0.138144
1040	41	-0.797529
1040	61	0.679486
1040	168	-0.0448678
1040	30	1.76799
1040	0	-1.71998
1040	48	1.59334
1041	101	-0.589437
1041	57	0.00473216
1041	18	1.24273
1041	49	-1.19616
1041	47	-0.085078
1041	6	-0.484718
1041	13	-0.583319
1041	25	0.531548
1041	68	-0.154464
1041	1	0.81186
1041	41	-0.022051
1041	4	-0.502439
1041	3	-0.78805
1042	6	-0.931709
1042	481	0.145802
1042	3	3.12296
1042	12	1.806
1042	0	1.15303
1042	10	0.208356
1043	23	-1.13102
1043	186	-0.828501
1043	7	-0.898696
1043	5	-0.147172
1044	152	0.610376
1044	74	1.40856
1044	81	-0.825574
1044	75	-0.740986
1044	22	-1.04646
1044	103	0.918643
1044	199	-0.587728
1044	39	0.447569
1044	34	-0.155138
1044	48	-1.13236
1045	170	-0.0167523
1045	9	0.849976
1045	7	1.25528
1045	2	1.70391
1045	623	0.108776
1045	20	0.686667
1045	75	-0.342226
1045	82	-0.60685
1045	94	0.541248
1045	4	-0.0302469
1045	58	0.2305
1045	322	-0.0706338
1045	243	0.349735
1046	78	-0.0055483
1046	154	-0.130517
1046	5	-0.586891
1046	76	0.498648
1046	71	0.905398
1046	20	0.0013508
1046	52	-0.664585
1046	0	1.35525
1046	37	0.0989624
1047	12	0.9792
1047	10	0.258807
1047	337	-0.57865
1047	18	-0.72363
1047	22	-2.04843
1047	22	-0.366504
1047	3	-0.775266
1047	777	0.227963
1048	143	0.785884
1048	64	-0.77176
1048	179	1.34361
1048	14	0.951205
1048	39	-0.152306
1048	53	0.450556
1048	38	0.188404
1048	28	0.412883
1048	2	0.888344
1048	36	0.0810861
1049	127	0.716368
1049	721	0.483123
1049	833	-0.363654
1049	183	-0.508826
1050	20	0.399837
1050	10	-0.518151
1050	107	-0.138289
1050	40	-1.05106
1050	29	1.61228
1050	11	0.58715
1050	48	0.393718
1050	222	-0.800823
1050	1	-0.256551
1050	88	-0.168401
1050	10	0.638662
1050	5	0.642879
1050	114	0.172326
1050	97	-0.437469
1050	56	0.132771
1050	110	1.81611
1051	142	0.846608
1051	21	0.34454
1051	2	-0.286831
1051	44	-0.834136
1051	268	0.122122
1051	38	1.73193
1052	16	0.113064
1052	112	-0.858882
1052	142	-0.366568
1052	74	-0.205082
1052	61	-0.554233
1052	431	-0.323004
1052	320	-0.115661
1053	56	-1.42068
1053	24	-2.46437
1053	2	1.33451
1053	24	-0.215443
1053	36	-0.88977
1053	199	0.126906
1053	235	-0.715335
1053	21	-0.950167
1053	84	-0.225579
1053	983	-0.482467
1054	0	0.178021
1054	108	-0.753667
1054	64	-0.518422
1054	21	-0.950493
1054	9	1.56832
1054	59	-0.23587
1054	11	0.648172
1054	340	-0.0992187
1054	602	-0.52468
1054	683	0.807103
1055	16	-0.30897
1055	4	0.15053
1055	38	-1.21772
1055	59	1.20635
1055	225	-0.732039
1055	36	-0.714875
1055	1	-1.50323
1056	2	0.892696
1056	2	1.05256
1056	9	-1.66544
1056	9	1.41316
1056	19	0.74884
1056	22	-0.203305
1056	10	-1.4714
1056	9	-0.224481
1056	75	0.164008
1056	75	-0.00756755
1056	5	-1.53945
1056	0	0.662328
1057	121	0.2122
1057	10	-0.378303
1057	2	0.383602
1057	349	-0.214453
1057	30	-0.571294
1057	7	-2.08827
1057	28	-1.47644
1057	30	0.921269
1057	74	1.20712
1057	217	0.263084
1058	29	-0.518864
1058	18	-1.04892
1058	88	0.482124
1058	103	-0.182749
1058	6	-0.461127
1058	14	-0.502145
1058	111	0.105972
1058	26	-0.231041
1058	52	0.261534
1058	126	0.0755929
1059	109	-1.24471
1059	187	-0.963037
1059	78	-0.838731
1059	4	-0.524481
1059	1698	0.313876
1060	4	-0.804598
1060	48	-0.512476
1060	48	0.803731
1060	12	-0.310532
1060	55	0.186185
1060	272	-0.178335
1061	37	0.0590695
1061	102	0.685706
1061	57	0.0367798
1061	49	0.0679413
1061	12	-0.369062
1061	45	0.136794
1061	25	0.361535
1061	12	-1.76299
1061	4	-0.66548
1061	7	0.12176
1061	51	-0.66995
1061	5	0.984439
1061	16	0.586627
1061	38	1.3872
1062	8	-0.373423
1062	4	0.538
1062	80	0.0472307
1062	191	-0.617349
1062	12	1.26116
1062	123	0.193669
1062	18	-0.281572
1062	18	-0.668308
1062	4	0.095184
1062	2	-1.16159
1063	8	-0.748142
1063	22	0.874218
1063	172	-0.871454
1063	62	1.60024
1063	250	0.512311
1063	32	-0.31618
1063	146	-0.137336
1063	376	-0.576549
1063	254	0.836221
1064	11	0.615014
1064	2	-1.52691
1064	24	-0.0344137
1064	387	0.184557
1064	2	-0.369198
1064	72	0.108649
1064	39	-0.569151
1064	26	-0.643618
1064	15	0.712626
1064	10	-1.49611
1064	32	-0.563414
1064	8	0.326523
1065	0	-1.30033
1065	55	0.91903
1065	28	-0.608588
1065	112	-0.00228851
1065	170	1.06809
1065	20	-0.901867
1065	11	0.200394
1065	9	-0.492842
1065	5	0.0305669
1065	0	1.18836
1065	0	0.460055
1066	8	-0.510418
1066	44	-0.0122281
1066	39	0.527295
1066	89	0.245263
1066	135	-0.483567
1066	213	0.0712894
1066	53	0.583637
1066	28	1.1409
1066	0	1.73826
1066	20	-1.35384
1067	134	0.438908
1067	19	-0.78084
1067	45	1.28703
1067	13	-1.40243
1067	23	-0.886521
1067	118	-0.251742
1067	78	-0.000980924
1067	129	1.12213
1067	22	-0.357322
1067	29	-0.328454
1067	1	0.142404
1067	29	-0.0634303
1067	16	-0.808589
1067	3	0.599567
1067	123	0.458632
1067	96	-1.46246
1068	1	1.41334
1068	20	0.4454
1068	0	0.595577
1068	18	2.40241
1068	152	0.332584
1068	95	-0.583955
1068	38	-0.916328
1068	32	-0.110939
1068	15	1.74979
1069	45	-0.441286
1069	112	0.841742
1069	0	-1.63451
1069	102	1.30204
1069	12	-0.0647208
1069	16	0.0631856
1069	93	-0.15496
1070	202	0.682025
1070	28	-0.415429
1070	5	-2.99534
1070	364	-0.437449
1070	27	-2.19531
1070	32	0.344598
1071	12	-0.100352
1071	39	-0.965474
1071	30	0.525927
1071	53	0.454918
1071	27	-0.563467
1071	6	2.02951
1071	7	1.64602
1071	21	0.257457
1071	339	-0.624555
1071	23	-0.249683
1072	92	-0.62115
1072	126	-0.821879
1072	273	-0.424693
1072	24	0.972435
1072	14	-0.652661
1072	39	-0.877215
1072	33	1.13574
1072	3	-1.96367
1072	55	-0.421362
1072	105	-0.552126
1072	42	0.733045
1072	80	-1.66845
1072	78	0.07532
1072	323	0.242926
1073	117	1.1245
1073	50	-1.29039
1073	334	1.27811
1073	70	-0.672851
1073	76	0.699953
1073	27	0.084566
1074	45	0.850475
1074	115	0.146757
1074	5	0.0929949
1074	78	0.783617
1074	66	-0.300081
1074	127	-0.467368
1074	16	-0.780207
1074	11	1.70523
1074	44	-0.658608
1074	76	-0.598059
1074	40	0.441108
1074	43	0.243027
1074	16	1.27013
1074	35	0.295772
1074	123	0.00954188
1074	111	1.04122
1074	66	-0.152243
1075	25	0.575544
1075	1380	-0.354558
1075	282	-0.589769
1075	36	-0.990647
1075	40	-0.00496212
1075	31	-0.119239
1075	3	1.34186
1075	5	1.46799
1075	74	-0.226722
1076	80	-0.866886
1076	8	0.740364
1076	5	0.759722
1076	22	-0.795347
1076	28	-0.242105
1076	18	0.618125
1076	55	-1.11778
1076	1567	0.0178623
1076	35	-0.648362
1076	3	0.110347
1076	54	0.117793
1077	11	0.175671
1077	12	0.631901
1077	21	0.360637
1077	14	-1.19231
1077	28	1.40897
1077	139	-0.278271
1077	5	0.697602
1077	805	-0.609474
1077	4	1.12507
1077	7	0.448953
1077	9	-0.665388
1077	15	0.394592
1077	11	-0.465873
1078	20	-1.34273
1078	10	1.61922
1078	55	0.375279
1078	61	0.494279
1078	89	0.733156
1078	4	0.840897
1078	3	1.26796
1078	71	-1.22019
1078	125	-1.12459
1078	31	0.0362291
1078	35	0.221947
1079	266	0.729864
1079	96	-0.874978
1079	35	1.07656
1079	422	0.0569641
1079	2	0.318714
1079	1	1.8014
1079	90	-1.39348
1079	1	1.78092
1079	42	-0.843887
1079	3	1.40948
1079	2	-0.0913588
1080	237	-0.400976
1080	495	-0.454823
1080	52	0.573558
1080	18	0.557985
1080	0	-0.0365776
1080	11	-0.25483
1080	649	-0.0656822
1080	343	0.568874
1080	276	-0.353308
1080	251	0.387458
1080	73	0.693471
1080	235	-0.266184
1080	50	0.66822
1080	42	0.671202
1081	3	-1.35823
1082	41	0.0335235
1082	10	1.74843
1082	30	-0.179948
1082	43	0.498694
1082	413	-0.163321
1083	809	0.182882
1083	9	0.291221
1083	3	-1.01375
1083	34	1.28555
1083	401	-0.240313
1083	56	-0.935588
1083	65	0.4908
1084	10	-0.226505
1084	43	0.0754668
1084	59	0.120335
1084	1	-0.904673
1084	2	0.698452
1084	356	0.192805
1084	31	-0.31062
1084	180	-0.43141
1084	57	-0.420281
1085	275	-0.193036
1085	108	-0.0343264
1085	120	0.433578
1085	89	-0.456774
1085	21	0.804178
1085	80	-0.781684
1085	9	0.502141
1085	631	0.0584729
1086	98	0.238684
1086	13	-0.102588
1086	42	-0.383067
1086	58	-0.206143
1087	26	-0.527106
1087	4	1.58942
1087	8	-1.37721
1087	9	1.72521
1087	95	0.947513
1087	72	-1.03969
1087	41	0.0903511
1087	81	0.436586
1087	485	-0.416235
1087	132	-0.0581296
1087	411	-0.489148
1087	76	-0.161852
1087	39	-0.000543197
1088	79	0.551415
1088	254	0.0586553
1088	21	0.422863
1088	5	-0.601718
1088	3	-0.341386
1088	13	2.00257
1088	26	-0.516128
1088	56	-1.21184
1088	166	-1.00213
1088	96	0.748381
1088	7	-0.430007
1088	135	-0.140492
1088	24	3.42801
1088	94	-0.419699
1088	530	0.194162
1088	3	-0.36781
1088	3	-0.622845
1088	41	1.35821
1088	39	0.612489
1088	2	0.0773488
1089	15	0.503271
1089	63	0.877551
1089	486	0.347966
1089	27	0.111185
1089	28	0.13119
1089	269	1.15793
1089	3	1.27672
1090	57	1.67204
1090	44	-0.335832
1090	28	0.801769
1090	15	-0.0416122
1091	4	0.0695351
1091	493	-0.148296
1091	0	0.0718287
1091	20	-0.447543
1091	10	0.0382068
1091	6	0.649589
1091	19	0.608603
1091	149	-0.256712
1092	40	0.0499293
1092	263	0.260027
1092	10	-1.32795
1092	10	0.00552143
1092	1	0.358606
1092	49	0.575578
1092	8	-0.863532
1092	69	1.07827
1092	114	0.129437
1092	204	-0.474219
1092	635	0.747161
1092	4	-1.30013
1092	16	0.818826
1093	2	-0.454777
1093	9	0.554318
1093	17	-0.202468
1093	122	-0.220987
1093	62	0.406779
1093	39	-0.306486
1093	205	0.151888
1093	19	0.120175
1093	20	0.486671
1093	94	0.146669
1093	20	-1.07956
1093	171	0.259703
1093	24	1.40274
1093	20	-0.391792
1094	39	0.622867
1094	56	-1.58197
1094	119	-0.44884
1094	314	-0.65351
1094	6	0.309303
1094	79	-0.102985
1094	4	-1.03413
1094	1	-0.123349
1094	77	-0.852789
1094	193	1.06393
1094	16	-0.31247
1094	37	0.865898
1094	9	-0.00883462
1094	19	-0.213936
1094	0	-1.18281
1095	4	0.366572
1095	45	0.0889079
1095	26	0.380345
1095	54	-0.342645
1095	164	1.35562
1096	91	0.211344
1096	16	0.374234
1096	34	-0.385774
1096	4	0.0845214
1096	22	1.18048
1096	74	-0.796965
1097	48	0.683957
1097	43	-1.0422
1097	56	1.23172
1097	2	0.593484
1097	4	1.12342
1097	4	0.0602151
1098	11	0.392061
1098	13	-0.348735
1098	54	0.946013
1098	15	-0.281454
1098	44	-0.760754
1098	10	0.533554
1098	12	0.803991
1098	439	-0.177554
1098	147	0.414324
1098	11	-1.06343
1098	248	-0.554912
1098	115	-0.552762
1098	3	-0.256166
1099	38	1.01187
1099	69	-0.436865
1099	27	0.323828
1099	896	-0.111001
1099	31	1.11175
1099	251	0.700146
1099	25	-0.122306
1099	35	-0.282316
1099	87	1.36793
1099	13	0.226275
1099	45	-0.523302
1100	9	-0.451481
1100	235	-0.17238
1100	62	-0.858333
1100	124	0.930516
1100	2	1.00719
1100	20	-0.415173
1101	3	-0.867777
1101	10	0.960122
1101	36	-0.766477
1101	7	0.537838
1101	42	1.19763
1101	460	-0.581234
1102	170	-0.0195469
1102	0	-2.24719
1102	68	-0.219651
1102	35	-0.0259934
1102	68	0.107895
1102	4	-1.97498
1102	201	-0.17608
1102	26	1.76432
1102	24	-0.183248
1102	5	0.00203976
1102	29	-1.28326
1103	191	-0.0656626
1103	36	-0.130554
1103	11	0.219577
1103	24	-0.195302
1103	235	-0.125323
1103	133	1.33333
1103	59	-0.249916
1103	181	0.595889
1103	212	0.167648
1103	78	-0.0115681
1103	29	0.88176
1104	6	-2.04411
1104	6	0.168086
1104	14	0.351584
1104	194	0.0812523
1104	56	0.117935
1104	6	0.317785
1104	158	-0.722839
1104	18	-0.862872
1104	142	-0.872336
1104	9	-0.432318
1105	235	-0.16865
1105	67	0.489926
1105	48	1.62078
1105	13	-0.13195
1105	0	-0.362847
1106	8	1.40127
1106	28	-0.546196
1106	0	0.948114
1106	3	0.811408
1106	1	0.42804
1107	72	0.609865
1107	1110	-0.0829014
1107	304	-0.00179557
1107	12	-0.199504
1107	48	0.683681
1108	39	1.04178
1108	23	-1.53025
1108	126	-0.161225
1108	200	-0.175634
1108	76	0.829052
1108	18	-0.674689
1108	73	-0.300014
1108	5	0.595135
1108	127	-1.05364
1108	5	-0.883511
1108	86	0.606694
1108	304	-0.440313
1108	64	0.700823
1108	189	0.646001
1108	63	-0.153954
1108	10	0.131332
1108	57	0.650251
1108	59	-0.798794
1109	18	1.37365
1109	1	1.30489
1109	9	-0.131842
1109	35	-0.470537
1109	7	0.116602
1109	0	1.14345
1110	28	-0.241328
1110	5	0.195272
1110	1056	0.133318
1110	3	2.14728
1110	131	-0.490668
1110	63	1.04799
1110	322	0.135966
1110	546	0.394323
1110	1216	-0.34158
1110	17	0.650223
1110	50	-0.69729
1110	894	0.317594
1110	339	0.340472
1110	2	0.658293
1111	834	0.351492
1111	20	-0.533324
1111	3	0.409935
1112	16	-0.840779
1112	158	0.34828
1113	95	-0.624724
1113	9	1.91687
1113	15	1.81129
1114	310	0.180256
1114	0	0.580268
1114	50	-0.0394265
1114	11	-1.04951
1114	302	-0.318784
1114	33	-1.50869
1114	161	0.687314
1114	16	-0.233616
1115	19	0.680803
1115	56	-0.431354
1115	22	-1.81871
1115	271	0.662921
1115	43	0.62117
1115	57	1.63592
1115	81	-0.571146
1115	101	-0.586887
1115	8	2.03911
1115	3	0.0746568
1115	13	-1.72517
1115	57	1.19707
1115	11	0.0867036
1115	153	1.10051
1115	180	-0.389035
1115	66	1.71633
1115	91	-0.0115929
1115	1	-0.384671
1116	51	-1.22682
1116	38	0.50636
1116	168	0.272729
1116	98	-0.85054
1116	3	0.604561
1116	2	-1.09154
1116	79	0.560108
1116	6	-0.123811
1116	35	-0.486125
1117	24	-0.0544877
1117	34	1.23456
1117	98	0.445592
1117	14	1.17765
1117	2	1.40855
1117	8	-1.30855
1117	78	-0.973747
1117	19	0.123856
1118	2	-0.596869
1118	18	-1.1702
1118	8	1.04412
1118	1	0.220402
1118	36	0.0188515
1118	43	-1.09399
1118	152	-0.368962
1118	2	-0.881753
1118	5	-1.24557
1118	0	1.8825
1118	114	-1.12545
1118	49	-0.426423
1118	16	-0.239855
1118	104	0.388382
1118	129	-0.192461
1119	31	-0.830305
1119	198	-0.883956
1119	133	-0.199908
1119	939	-0.169667
1119	9	0.882702
1119	128	-0.08833
1119	10	-0.35087
1119	12	-0.602068
1119	61	0.169146
1119	46	0.138221
1119	59	-0.0550381
1119	182	-0.242426
1119	2	0.5611
1120	85	0.28244
1120	23	1.10711
1120	50	1.07918
1120	132	-0.0849311
1120	11	-1.47737
1120	2	0.0476106
1120	9	1.33134
1120	67	0.262498
1120	5	0.468538
1120	26	1.60384
1120	90	0.0559454
1120	31	0.20615
1121	12	0.408928
1121	218	0.0400719
1121	46	0.877975
1121	89	-0.0985763
1121	2	1.36704
1121	5	0.374183
1121	1970	0.192186
1121	200	0.622332
1121	20	1.22643
1121	1515	0.154877
1121	31	0.600395
1121	8	-2.06652
1121	3	-1.66187
1122	14	-1.1844
1122	6	0.251017
1122	13	-1.09824
1122	108	0.131322
1122	4	-0.151008
1123	21	0.0491048
1123	42	0.242697
1123	9	-0.73944
1123	15	-0.158639
1123	17	0.703528
1123	0	0.385305
1123	0	-0.520447
1123	34	-0.481008
1123	467	-0.152555
1123	435	0.295405
1123	9	-0.588765
1123	82	0.0695672
1123	45	0.927723
1123	1	-0.939586
1124	6	-1.13618
1124	478	-0.234545
1124	19	0.766362
1124	88	-0.724227
1124	11	2.15994
1124	12	-1.25701
1124	6	-0.756789
1124	5	0.375658
1124	124	0.176638
1124	255	0.0798217
1124	162	0.0263683
1124	325	0.0110423
1124	39	-0.924531
1124	191	-0.671264
1125	5	-0.885705
1125	29	0.434318
1125	5	0.0343477
1125	458	0.43061
1125	56	-0.173359
1125	18	-1.03893
1125	20	-0.0455412
1125	41	-0.0859155
1125	78	-0.197149
1125	305	0.928185
1125	494	0.0751588
1125	22	0.0136759
1125	414	0.167254
1125	93	0.504292
1126	36	0.404908
1126	3	1.30301
1126	20	-0.109084
1126	108	-0.516414
1126	79	0.469876
1126	68	-0.760047
1126	75	-0.127234
1126	15	1.05317
1126	15	0.250798
1126	202	-0.256463
1126	16	0.510897
1126	1	-1.10847
1126	148	0.499726
1126	142	0.357738
1126	96	-0.42046
1127	9	-0.0492832
1127	96	0.111721
1127	97	0.635275
1127	56	0.743055
1127	3	-0.741036
1127	34	-0.103537
1127	272	0.778741
1127	76	0.783295
1127	29	-0.521194
1127	60	-1.12652
1128	137	-0.855145
1128	11	-2.14533
1128	6	2.39889
1128	39	-0.93386
1128	27	0.733485
1128	29	0.0465842
1128	3	-0.97338
1128	26	0.239437
1128	158	0.137751
1128	49	-0.14747
1128	1	2.07238
1128	3	0.058215
1129	16	1.35651
1129	2	-0.177874
1129	21	-0.642394
1129	85	0.667311
1129	183	0.181092
1129	50	0.837753
1129	32	1.07076
1129	8	0.136953
1129	22	-0.597091
1129	32	-0.0350634
1129	17	0.858501
1129	15	0.0734738
1129	6	-0.866758
1129	109	-0.706675
1129	15	-0.0512672
1129	2	-1.97233
1129	18	1.39884
1130	107	0.259904
1130	7	-0.125632
1130	154	-0.581428
1130	175	0.140058
1130	21	-0.083847
1130	17	-0.541489
1130	0	1.28095
1130	280	0.521051
1130	564	-0.306319
1131	45	0.991403
1131	12	-0.371507
1131	5	-0.305905
1131	102	0.770279
1131	4	0.887086
1131	90	-1.19894
1131	8	0.0830131
1131	45	-0.106521
1131	815	0.425861
1131	83	-0.672574
1131	131	-0.161355
1131	4	-0.0596449
1131	289	-0.923065
1132	7	-0.561895
1132	14	-0.267598
1132	15	-0.26245
1132	47	0.14571
1132	984	-0.147465
1132	10	0.508513
1132	131	1.0284
1132	1	-0.168593
1133	17	-0.117227
1133	9	1.07598
1133	5	-1.1127
1133	18	-1.36071
1133	2	0.415452
1133	64	-0.398321
1133	34	-1.7396
1133	18	0.55256
1134	29	0.036873
1134	69	0.870363
1134	27	0.705926
1134	132	0.725145
1134	22	1.24831
1134	15	0.271371
1134	17	-0.567548
1134	85	-0.777454
1134	0	0.548007
1134	1	0.69912
1135	119	0.0240185
1135	36	-0.329043
1135	88	0.379759
1135	84	0.233039
1135	24	-1.15453
1135	36	-0.311281
1135	11	-0.395583
1136	236	-0.913071
1136	8	1.04755
1137	94	0.917937
1137	111	0.402144
1137	284	-0.472028
1137	50	0.108338
1137	41	-0.444554
1137	14	0.709526
1137	68	0.737004
1137	187	-0.747505
1137	33	-1.35698
1137	31	-0.223668
1138	13	1.11224
1138	6	-0.236935
1138	23	1.35076
1138	4	-0.726277
1138	82	-0.216791
1138	42	-0.0864934
1138	10	-3.89564
1138	15	-1.11867
1139	56	-0.0146546
1139	30	0.371768
1139	15	-0.0574864
1139	10	0.150726
1140	9	0.037266
1140	533	-0.212524
1140	110	-0.171646
1140	30	-0.441063
1140	74	1.26071
1140	6	0.679396
1140	215	-0.300881
1140	20	0.702445
1140	7	0.147221
1140	20	0.774053
1140	32	0.213269
1140	134	2.12694e-05
1141	6	-1.03941
1141	1	-0.849162
1141	27	0.503598
1141	28	-0.718178
1141	7	1.17472
1141	83	-0.6773
1141	27	-0.188954
1141	68	0.484066
1141	124	0.634956
1141	186	0.0400296
1141	20	-0.31459
1142	265	-0.516372
1142	182	0.922263
1142	3	0.976233
1142	35	0.0361832
1142	0	-0.0285438
1142	0	0.466615
1143	6	-0.360726
1143	38	1.05579
1143	57	-0.0319674
1143	29	-0.187119
1143	4	-0.0805604
1143	43	-1.30404
1143	19	1.21548
1144	413	-0.074607
1144	53	-0.810521
1144	51	-0.929552
1144	108	0.0626579
1144	9	-0.806368
1144	7	0.393165
1144	18	-0.0659735
1144	40	-1.37254
1145	3	-0.911409
1145	3	-0.0308794
1145	27	-0.531475
1145	30	-0.491898
1145	17	0.254241
1145	7	0.107141
1145	198	0.0950634
1145	34	0.830277
1145	6	-1.32606
1145	280	0.800602
1145	122	-0.837031
1145	64	0.413909
1145	15	1.01476
1145	8	1.27673
1145	6	-0.0968297
1146	17	-0.265515
1146	51	0.0937617
1146	61	-0.912502
1146	44	-1.84572
1146	36	-0.784698
1146	37	-1.5217
1146	8	-0.802396
1146	3	0.740986
1147	71	-0.950815
1147	15	0.786227
1147	39	-1.61971
1147	13	-0.757228
1147	271	0.701344
1147	16	-0.0792781
1147	76	-0.376606
1148	0	1.14682
1148	16	1.60096
1148	43	0.536849
1148	50	-0.66759
1148	10	0.676118
1148	183	-0.00935562
1148	35	1.09624
1149	16	-1.41338
1149	13	0.337659
1149	32	0.118774
1149	73	-0.0817958
1150	24	1.84891
1150	31	0.184587
1150	13	-1.61551
1150	6	-0.976403
1150	5	-0.773501
1150	9	0.660796
1150	8	-0.434586
1150	32	-1.13565
1150	234	0.389216
1150	71	-0.651155
1151	25	-1.27695
1151	41	0.39361
1151	4	-3.53232
1152	4	0.40984
1152	214	-0.0697429
1152	211	-0.70509
1152	0	-0.201875
1153	44	0.0202242
1153	45	0.362822
1153	70	-0.997568
1153	26	-1.04328
1153	8	-1.63461
1153	0	1.40861
1153	18	1.07707
1153	9	0.552421
1153	6	-1.59979
1153	0	0.638281
1153	16	-0.430537
1153	144	-1.05429
1154	71	-0.571135
1154	81	-0.337387
1154	44	0.473278
1154	4	-1.05228
1154	30	0.849808
1154	31	0.876832
1154	66	-0.627792
1154	413	-0.690729
1154	139	-0.16312
1154	53	1.00022
1154	57	1.58258
1154	5	1.03403
1155	1	-0.221638
1155	143	0.0735235
1155	66	0.896437
1155	107	0.324146
1155	4	-1.63106
1155	63	0.449209
1155	24	-0.337161
1155	25	-0.250381
1155	11	-1.42003
1155	230	-0.354838
1155	38	-1.9638
1156	9	0.215327
1156	4	0.293496
1156	49	-0.598179
1156	48	-0.306266
1156	46	-0.00890421
1157	7	0.078183
1157	55	-0.503551
1157	44	1.1168
1157	69	-0.311941
1157	8	1.19757
1157	9	-0.32005
1157	116	0.80299
1157	145	-0.198891
1158	55	-0.0422964
1158	185	-0.52874
1158	181	-0.455897
1158	30	0.661268
1158	34	0.594455
1158	99	0.336263
1158	27	-1.07042
1158	21	1.09982
1158	105	0.511459
1158	36	0.629788
1158	32	-0.646075
1158	11	-1.35103
1159	37	-1.01575
1159	5	-0.833558
1159	17	-2.36789
1159	7	-0.615506
1159	14	-0.527223
1159	66	0.768584
1159	0	0.372975
1159	3	-0.1667
1159	6	-0.614752
1160	8	0.154163
1160	37	1.08466
1160	0	0.246849
1160	145	0.657528
1161	659	-0.164621
1161	92	-0.0964507
1161	263	-0.632199
1161	12	0.407342
1161	59	-1.01111
1161	12	-2.11333
1161	46	-0.549197
1161	6	0.210816
1162	16	-0.780096
1162	5	-1.63877
1162	10	0.00986452
1162	3	-0.837897
1162	9	-1.1823
1162	11	-0.803133
1162	20	-1.97276
1162	2	1.21636
1163	1	-0.353221
1163	1	-0.778299
1163	33	-0.174395
1163	30	0.422122
1163	4	1.36125
1163	79	0.169374
1163	0	0.663992
1163	6	-0.146246
1163	49	0.376345
1164	7	-2.03349
1164	0	0.188892
1164	70	0.188066
1164	80	-0.47479
1164	6	1.51318
1164	0	1.02519
1164	59	0.242113
1164	88	-0.344305
1165	2	1.5329
1165	4	0.192218
1165	1	0.0738818
1165	18	0.517161
1165	374	0.684003
1165	9	0.341894
1165	79	1.38511
1165	2	0.525624
1165	65	0.517054
1165	5	-0.233753
1165	152	-0.523407
1166	85	0.988986
1166	55	-1.21982
1167	27	0.132506
1167	52	-0.159671
1167	42	-0.326731
1167	8	0.525958
1167	82	-0.942485
1167	71	-0.605891
1167	47	-0.105484
1167	106	-0.377273
1167	48	0.59034
1167	26	0.403646
1167	195	0.273781
1167	307	-0.619519
1167	452	-0.155261
1168	53	-0.317322
1168	585	-0.138098
1168	19	0.0787915
1168	53	-1.04674
1168	8	1.43721
1169	201	-0.427535
1169	119	0.99931
1169	16	0.524943
1169	1713	0.0413147
1170	410	-0.148986
1170	39	-0.237932
1170	34	0.626447
1170	37	-0.830028
1170	100	-0.390354
1170	11	0.0313493
1170	7	0.835919
1170	109	-0.584632
1170	105	0.189088
1170	28	-0.898147
1170	406	0.625165
1170	20	0.475039
1170	14	1.19497
1170	30	0.0620963
1170	80	0.250918
1171	258	-0.407906
1171	16	1.17697
1171	526	0.0220809
1171	2	-0.809672
1171	358	-0.552076
1172	0	-1.75795
1172	15	-0.196173
1172	22	1.57919
1172	7	-0.172362
1172	106	-0.938487
1172	21	-0.0799807
1172	14	0.514088
1172	70	-0.663663
1173	838	0.148913
1173	12	0.593642
1173	16	1.24924
1173	184	-0.705241
1173	16	2.08236
1173	122	1.37917
1173	14	-1.74648
1173	107	0.049245
1173	89	-0.725265
1173	75	0.413335
1173	38	0.470734
1173	16	-0.178507
1173	18	-1.70857
1173	96	0.192925
1173	12	0.346086
1174	9	-0.0164931
1174	27	-0.655381
1174	128	-0.451432
1174	41	-0.293484
1174	53	-1.04569
1174	6	0.959775
1174	12	-1.46877
1175	3	0.0598146
1175	30	-0.870149
1175	179	-0.17753
1175	12	1.89064
1175	23	1.19604
1176	17	2.07673
1176	3	-1.43356
1176	36	-0.648181
1176	15	-0.268101
1176	18	-0.105678
1176	117	-0.00816856
1176	58	-1.37189
1176	8	2.26001
1176	8	-0.471916
1176	23	-0.790671
1176	121	0.190804
1176	5	0.187436
1176	61	-1.25296
1177	42	-0.627926
1177	12	-0.515459
1177	16	-1.09305
1177	6	-0.257631
1177	98	0.464602
1177	124	-0.51725
1177	6	0.791273
1177	69	-0.323039
1177	34	-0.170029
1177	1	-0.87623
1177	78	-0.202401
1177	89	-0.353622
1177	71	0.598717
1177	184	0.293287
1177	36	0.523031
1177	199	-0.4017
1177	286	0.297928
1178	175	0.69497
1178	160	1.19605
1178	12	0.205498
1178	309	0.477298
1179	22	-0.451686
1179	41	-0.129691
1179	19	0.855905
1179	10	-0.48808
1179	88	-0.33107
1179	10	1.15258
1179	18	0.461417
1179	15	0.265755
1180	16	-0.353978
1180	4	1.00789
1180	24	1.39564
1180	2	-0.195413
1180	165	-0.165981
1180	88	-0.00643398
1180	49	0.428744
1180	33	0.30765
1180	7	0.351748
1180	67	-0.470487
1181	432	-0.727508
1181	284	-0.0996106
1181	24	1.12444
1181	33	-0.735338
1181	30	0.0720715
1181	721	-0.253694
1181	21	0.576317
1181	144	-1.48949
1181	37	0.0596639
1181	25	0.284456
1181	367	-0.728599
1181	20	0.148031
1181	12	0.875428
1181	22	0.461729
1181	61	-0.661642
1181	66	0.408797
1181	127	-1.18813
1181	69	-0.306813
1182	2	0.996366
1182	98	0.797202
1182	5	0.00426095
1182	20	-0.330496
1182	9	-0.821772
1182	25	-0.665968
1182	30	-0.563579
1182	39	-1.19005
1183	41	0.947383
1183	33	-0.727847
1183	33	0.31348
1183	30	-0.265603
1183	33	0.200338
1183	74	0.12288
1183	51	-1.06301
1183	39	0.447759
1183	40	0.596182
1183	63	0.903662
1183	15	0.804273
1184	340	0.62259
1184	31	0.2509
1184	109	0.610915
1184	40	-0.0975374
1184	10	0.565524
1184	86	0.472021
1184	35	-0.686319
1184	146	0.334239
1184	9	-0.627477
1184	2	0.219566
1184	6	-0.376083
1184	17	-0.362972
1184	24	0.556572
1184	15	0.41264
1184	35	0.481204
1184	15	-0.533409
1184	21	-0.547522
1184	10	-1.78021
1185	36	1.15138
1185	4	-1.3426
1185	8	0.0626814
1185	4	-2.51626
1185	4	0.0811063
1185	41	0.346867
1185	4	-0.519801
1185	15	-1.69379
1185	37	-1.28019
1185	7	0.541795
1185	67	-0.222247
1186	4	-0.116806
1186	4	0.267176
1186	44	-0.246026
1186	4	0.583326
1186	82	-0.626106
1186	10	-0.411503
1187	63	0.520047
1187	530	0.548115
1187	18	0.544151
1187	16	-1.25056
1187	26	0.00659307
1187	119	0.0483307
1187	2	1.0009
1187	5	-2.26284
1187	14	-1.06707
1187	8	-1.24576
1187	41	-0.400154
1188	17	0.134166
1188	14	1.0595
1188	6	0.0471522
1188	50	-0.0946889
1188	36	0.978214
1188	28	-0.828891
1188	62	-0.673863
1188	314	-0.0435123
1188	159	0.328178
1188	12	-0.900636
1189	81	1.10185
1189	9	-0.646779
1189	1278	-0.129753
1189	1	0.253129
1189	1	0.0691524
1189	639	-0.106536
1190	23	0.795899
1190	88	-0.6628
1190	170	0.701671
1190	57	-1.281
1190	1	-1.30768
1190	471	-0.538541
1190	369	-1.07678
1190	185	0.678542
1190	176	-0.0055826
1190	97	0.477818
1190	14	1.25485
1190	1	-0.584676
1190	64	-0.755248
1190	232	0.0746205
1191	10	-0.361203
1191	11	-1.56099
1191	31	1.72372
1191	14	0.261694
1191	3	0.800988
1191	11	1.13489
1191	13	2.34343
1191	19	-0.899786
1191	6	-0.723454
1191	686	0.305275
1191	4	0.547801
1192	11	0.144595
1192	5	-1.53552
1192	200	0.580032
1192	1	-0.415046
1192	20	1.10561
1192	32	-0.433439
1192	16	0.965433
1192	8	1.21968
1192	49	-1.36489
1192	299	0.288477
1192	986	0.794674
1192	133	-0.778655
1193	7	0.174274
1193	54	1.82189
1193	10	-0.166946
1193	53	0.385939
1193	45	-0.0222883
1193	53	1.41215
1193	103	-1.33567
1193	47	0.230482
1193	1	-0.963291
1193	38	-0.223183
1193	6	-0.982673
1194	0	0.167891
1194	13	0.283098
1194	54	0.65121
1194	30	0.59869
1194	213	0.124134
1194	39	0.195621
1194	58	-1.44077
1194	32	0.0954247
1194	144	-0.48076
1194	2	-1.27628
1195	340	0.242996
1195	2	-0.167459
1195	4	0.68007
1196	731	0.556716
1196	12	1.44336
1196	25	0.374657
1196	23	-1.68652
1196	18	-0.492134
1196	31	0.0809433
1196	208	-0.192819
1197	162	-1.11214
1197	2	0.812301
1197	60	1.28115
1197	10	0.284142
1198	31	0.251718
1198	50	0.519318
1198	38	1.74999
1198	54	0.608858
1198	157	-0.775472
1198	37	-0.517166
1198	10	-0.200268
1198	2	-1.0183
1198	30	-1.40561
1199	92	0.195988
1199	54	1.5834
1199	18	0.911015
1199	3	0.212546
1199	40	-1.61603
1200	122	0.534791
1200	16	0.920003
1200	139	0.0195023
1200	35	0.518452
1200	29	-1.13683
1200	8	0.416287
1200	128	-0.964152
1200	108	0.611172
1200	52	1.45812
1201	0	-0.934061
1201	23	-0.846889
1201	13	-0.935156
1201	3	-0.186497
1201	77	1.32588
1201	173	-0.289585
1201	6	0.228039
1201	89	-0.228439
1202	47	-0.213281
1202	66	0.011211
1202	41	-0.857434
1202	17	1.13649
1202	236	0.20276
1202	1	0.590855
1202	6	0.32775
1203	38	0.123548
1203	0	-0.243747
1203	265	-0.785946
1203	200	-0.408594
1203	114	-0.132916
1203	36	0.66398
1203	0	-0.298779
1203	18	-0.513467
1203	21	-0.995704
1203	1	-0.0905488
1203	15	0.522901
1203	17	-1.02127
1204	27	0.268948
1204	7	0.373991
1204	59	-0.837627
1204	14	0.405947
1204	28	0.468124
1205	60	-0.969864
1205	88	0.700324
1205	105	0.571471
1205	2	-1.47184
1205	13	-0.930698
1205	40	0.619668
1205	67	-0.178552
1205	17	0.882197
1205	194	0.244475
1205	39	-0.104903
1205	41	-1.3348
1206	50	0.819022
1206	3	-0.0948601
1206	25	0.628368
1206	4	-0.324799
1206	13	0.335643
1206	13	1.14296
1206	624	-0.261213
1206	4	1.00909
1206	9	0.448926
1207	228	-1.19905
1207	32	-0.212311
1207	42	-0.407223
1207	58	-0.101181
1207	200	0.546276
1207	3	0.164443
1207	16	0.549066
1207	46	-0.0725328
1208	56	1.25961
1208	59	-1.03824
1208	0	-0.64532
1208	20	-0.653506
1209	2	0.12558
1209	57	-0.0540631
1209	25	-0.175218
1209	237	0.430771
1209	24	-0.0853902
1209	241	0.540874
1209	95	-1.05693
1209	6	-0.911993
1209	152	-0.615366
1209	15	-1.18801
1209	3	-0.0188516
1210	22	1.43692
1210	82	-0.00154467
1210	21	0.267454
1210	150	-0.143316
1210	35	1.79708
1210	61	2.08705
1210	1	-2.35803
1210	10	-2.15113
1211	39	1.13434
1211	139	0.221712
1211	21	-0.0821873
1211	24	1.39596
1211	68	1.97077
1211	1	-0.553508
1211	48	-0.856389
1211	227	0.451587
1211	13	-0.38742
1211	15	-0.0675191
1211	38	-0.944101
1212	4	-0.0391805
1212	27	0.226165
1212	52	-0.546562
1212	2	-1.07748
1212	37	2.20258
1212	0	-0.91569
1212	9	-0.358584
1212	23	-2.04371
1212	12	0.92061
1213	6	-1.00649
1213	52	0.342406
1213	35	-0.846886
1213	29	0.480317
1213	5	0.438496
1213	27	0.322872
1213	371	0.429472
1213	98	-0.0176199
1213	7	0.314859
1213	188	-0.169733
1214	146	0.111752
1214	60	-0.329268
1214	9	-0.307463
1214	624	-0.252183
1214	6	-1.05551
1214	155	-0.0481124
1214	12	-0.571683
1214	91	0.442301
1214	25	-0.734762
1214	263	-0.0451953
1214	12	-0.0990883
1215	12	-0.606651
1215	2	0.196483
1215	15	0.082642
1215	28	-0.991137
1215	39	-1.35734
1215	163	0.293571
1215	55	1.65158
1215	0	1.04595
1215	34	0.809862
1215	49	-0.071069
1216	185	-0.386088
1216	356	-0.0545321
1216	123	-0.571581
1216	18	1.48579
1216	16	-0.0113835
1216	21	-0.490813
1216	119	0.447318
1216	33	0.841442
1216	66	-1.11597
1217	15	-0.411056
1217	60	-1.29331
1217	2	0.55431
1217	59	-0.677897
1217	24	1.33928
1217	250	0.767429
1217	50	-0.222458
1217	613	0.305082
1217	13	-0.00374402
1217	41	-0.383712
1217	60	0.612807
1217	27	-1.34071
1218	198	-0.912843
1218	206	0.0116974
1218	11	-0.249456
1218	11	0.477804
1218	28	0.374366
1219	5	1.41264
1219	32	-0.200474
1219	39	-0.394249
1219	38	0.349865
1219	7	1.46207
1219	22	1.02771
1219	31	1.14169
1219	22	0.758943
1219	6	0.751545
1219	28	0.389043
1219	4	-2.01483
1219	33	1.01946
1220	40	-1.32376
1220	277	-0.0442644
1220	0	0.109585
1220	17	0.428471
1220	49	0.308471
1220	75	-0.160299
1221	10	-1.03898
1221	45	0.865954
1221	559	-0.366747
1221	6	1.51679
1221	16	1.40207
1221	28	-1.13992
1221	24	-0.481727
1221	29	1.3524
1222	261	0.148027
1222	1	1.66528
1222	106	1.37659
1222	41	-0.63461
1222	114	1.05292
1222	132	0.84656
1222	45	0.47278
1223	7	1.14247
1223	32	0.196026
1224	6	0.583135
1224	6	-1.26503
1224	218	0.00990963
1224	15	-0.409045
1224	27	0.0303885
1224	4	-0.686391
1224	152	1.21976
1224	106	-1.105
1224	9	-1.21366
1224	129	-0.745468
1224	17	-0.3791
1224	4	-0.264125
1224	863	0.388797
1224	388	-0.830057
1224	22	-0.78098
1224	23	-0.743687
1225	165	0.0653257
1225	14	0.685332
1225	292	-0.159818
1225	65	1.36202
1225	607	-0.485881
1225	157	0.0872957
1225	209	0.474721
1225	9	0.150899
1225	9	0.598181
1226	38	-0.446156
1226	5	-0.199915
1226	213	0.616704
1226	20	-0.61504
1226	240	-0.119717
1226	38	0.20434
1226	32	-1.60349
1226	16	-1.04999
1226	68	-0.127386
1226	61	-0.294675
1226	40	1.24741
1227	92	-0.241895
1227	2	-0.329732
1227	17	-0.198282
1227	13	1.34722
1227	6	-0.840447
1227	6	0.965418
1227	1	0.376915
1227	0	0.43453
1228	5	-0.108037
1228	271	-0.651863
1228	6	-0.359784
1228	1	0.209266
1228	14	-0.789605
1228	1	-0.726057
1228	20	-0.857922
1228	14	0.488907
1228	5	1.42345
1228	222	-0.187336
1228	52	-0.254969
1228	1	0.37151
1228	23	-0.668072
1228	22	0.486433
1228	7	-1.27243
1229	38	1.38357
1229	15	0.200192
1229	36	0.856037
1229	13	-1.03323
1229	19	-0.403814
1229	13	-0.50547
1229	126	0.403297
1229	4	-0.0730045
1230	15	2.0488
1230	22	-0.832197
1230	5	0.793285
1230	10	-1.31695
1230	325	0.322108
1230	13	-0.241628
1230	85	0.00202204
1230	13	0.0123943
1230	4	0.458407
1230	149	0.274887
1230	1	0.708484
1230	69	0.513637
1230	18	-0.775682
1230	506	0.552796
1231	313	0.142425
1231	11	-0.724049
1231	7	0.215766
1231	4	-1.52424
1231	0	-0.329552
1231	28	-1.51869
1231	1	2.31551
1232	159	0.078657
1232	147	0.209493
1232	15	1.51098
1232	75	-0.818132
1232	115	0.681539
1232	24	0.884866
1232	6	2.17465
1232	65	-0.589519
1233	10	0.525927
1233	0	-0.336829
1233	98	-0.835318
1233	10	-0.293849
1233	53	-0.682303
1233	2	-0.50003
1233	16	-1.28845
1233	56	0.834925
1233	367	-0.692844
1234	328	0.409469
1234	63	0.821487
1234	24	0.117568
1234	22	0.893172
1234	40	0.412141
1234	23	0.71803
1234	29	-0.315831
1234	5	0.927875
1234	36	1.58269
1234	0	0.00517275
1234	34	-1.09015
1234	67	0.282353
1235	5	-0.49328
1235	292	0.705729
1235	16	-1.81154
1235	918	0.261438
1235	351	0.129532
1235	3	-0.323062
1236	32	-1.51471
1236	77	1.06913
1236	56	1.27642
1236	12	-1.89338
1237	0	-0.396514
1237	50	-0.769853
1237	6	-1.62461
1237	94	-0.990253
1237	14	-1.3179
1237	41	-0.70064
1237	28	1.18444
1237	52	0.118345
1237	221	0.203806
1237	24	-0.435102
1237	557	0.134084
1237	21	0.605237
1238	29	0.685471
1238	94	-0.543948
1238	263	-0.392177
1238	9	-0.709662
1238	28	-0.922133
1238	221	0.374427
1238	3	0.0522353
1238	34	-0.687602
1239	58	-1.35202
1239	13	0.580796
1239	18	-1.43533
1239	6	0.946398
1239	11	-0.891655
1239	11	-0.107392
1239	211	-0.0458457
1239	17	-0.430628
1240	8	1.353
1240	56	-0.00963866
1240	28	0.262437
1240	249	-0.345853
1240	1	-0.801525
1240	4	-1.60794
1241	63	0.459459
1241	19	0.356737
1241	62	0.292478
1241	18	-0.269362
1242	84	0.0625641
1242	7	-1.0266
1242	58	0.489782
1242	26	0.913291
1242	49	1.74639
1242	50	0.222981
1242	4	0.424131
1242	16	0.36216
1243	204	-0.0480164
1243	25	0.00177994
1243	6	-0.28769
1243	69	-0.214753
1243	128	-0.497781
1243	4	0.848888
1243	15	-0.601014
1244	12	0.739299
1244	13	0.880145
1244	113	0.125716
1244	992	-0.430328
1244	113	-1.33987
1244	0	-0.464556
1244	9	-2.01322
1244	10	0.817267
1244	214	0.543307
1244	5	0.458998
1244	35	0.528648
1244	0	-0.370604
1244	5	0.319696
1244	11	-1.36926
1244	32	-0.994769
1244	70	-0.800956
1244	72	1.9573
1245	64	-0.9158
1245	220	-0.379122
1245	134	-0.184155
1245	14	-0.117183
1245	33	-0.057013
1245	123	-0.893283
1245	11	1.0947
1245	23	-1.37188
1245	45	0.906818
1246	1	1.71619
1246	89	0.590896
1247	13	-1.37261
1247	12	0.0788845
1247	335	0.857143
1247	133	-0.263895
1247	41	0.715522
1248	0	-0.381536
1248	193	-0.252288
1248	17	0.147549
1248	11	0.597138
1248	1	0.449129
1248	147	1.5345
1248	19	-1.08448
1248	11	0.622137
1248	11	0.84949
1248	27	-1.02225
1248	10	-0.366154
1248	4	1.23783
1248	648	-0.170952
1249	56	-0.126995
1249	26	0.197289
1249	134	-0.329148
1249	6	-0.00679035
1249	30	-0.793439
1249	313	0.178818
1250	1	0.013175
1250	11	-0.340259
1250	52	1.26528
1250	4	-0.0389528
1250	37	-1.27894
1250	288	0.833428
1250	52	0.634281
1250	177	-0.0193039
1250	251	-0.572641
1250	64	0.132549
1251	37	0.897375
1251	3	1.40803
1251	106	0.673162
1251	24	-0.620843
1251	81	1.57113
1251	48	-0.707615
1251	85	1.06815
1251	51	1.14972
1251	15	-1.56204
1251	19	0.427486
1251	240	0.708522
1251	50	-0.0683384
1252	3	1.16642
1252	21	-0.423453
1252	20	-1.52464
1252	100	0.973215
1252	398	-0.746559
1252	27	2.0121
1253	305	0.420072
1253	22	0.524946
1253	314	0.725689
1253	21	0.725284
1254	148	-1.06539
1254	544	-0.35154
1254	31	1.18855
1254	35	-0.600057
1254	61	0.347083
1254	10	0.885018
1254	6	0.750463
1254	300	-0.569029
1254	15	-0.0875839
1254	7	-0.0656498
1255	33	1.45502
1255	7	0.804291
1255	21	-1.5052
1255	32	-0.697332
1255	13	-0.446123
1255	39	0.5007
1255	14	-0.252049
1255	8	-0.492858
1255	19	-0.367809
1255	40	1.15387
1255	11	-0.572725
1256	18	0.177096
1256	14	0.558816
1256	117	0.158497
1256	9	0.950244
1256	1	-0.823788
1257	29	-0.0836263
1257	108	-1.4688
1257	33	2.14013
1257	34	-0.796287
1257	17	-1.00064
1257	132	-0.354775
1257	110	0.967073
1257	152	-0.122804
1257	257	-0.724849
1258	2	2.13471
1258	2	-0.0893451
1258	612	0.0515429
1258	47	-0.414781
1258	108	0.0262598
1258	445	-0.263084
1258	48	0.198297
1258	36	-0.187174
1258	168	0.118771
1258	35	0.913711
1258	44	0.0139174
1258	684	-0.192206
1258	3	1.51113
1258	420	-0.462412
1258	19	0.70996
1258	40	-0.818594
1258	10	1.19784
1259	19	0.644452
1259	3	-1.17708
1259	23	0.483511
1259	27	-0.553941
1259	18	1.16345
1259	45	-0.416495
1259	59	0.36786
1259	56	1.12172
1260	94	-0.883683
1260	47	1.73141
1260	8	-0.744
1260	22	-0.799252
1261	48	-0.610349
1261	63	1.22265
1261	5	-1.80553
1261	8	0.250367
1261	8	1.2834
1261	20	-0.126267
1261	41	-1.05499
1261	1	0.11804
1261	16	0.672831
1262	7	-0.611218
1262	249	-0.393804
1262	465	-0.0455346
1262	13	-0.136691
1262	4	0.32726
1262	279	0.0305043
1262	99	-0.314067
1262	751	0.0388838
1262	8	-1.13855
1262	9	0.7264
1263	11	0.471162
1263	62	-1.14346
1263	65	0.665344
1263	196	0.679367
1263	95	1.06368
1263	14	0.752396
1263	76	0.957563
1263	19	-0.453629
1263	395	0.143285
1264	345	0.452983
1264	246	-0.811396
1264	4	1.03642
1264	93	-0.154085
1264	31	-0.309932
1264	80	0.472405
1264	0	-0.680982
1264	394	-0.173851
1264	1200	-0.0780972
1264	2	1.24753
1264	101	0.0705322
1264	22	-1.59184
1265	0	-0.140541
1265	43	-0.0225485
1265	288	-0.600501
1265	304	0.501667
1265	39	0.158389
1265	137	0.568729
1265	159	0.949847
1265	13	-1.11502
1265	32	-0.984931
1265	5	-1.24502
1265	10	-0.404023
1265	11	-1.67881
1265	29	-0.519834
1265	326	-0.423311
1265	33	-0.278059
1265	14	-0.0321607
1265	42	-0.230218
1266	2	-0.56803
1266	6	-0.335326
1266	3	-0.300262
1266	24	1.79559
1266	116	-0.44076
1266	71	-1.00503
1266	19	1.1453
1266	294	0.154893
1266	51	-0.362087
1266	9	0.737054
1266	14	-0.583807
1267	17	-1.08977
1267	160	-0.106686
1267	122	-0.0298887
1267	161	-1.08183
1267	37	-0.419081
1267	13	-0.821019
1267	62	-1.02367
1268	19	1.24589
1268	43	1.72814
1268	50	-1.12757
1268	66	0.637454
1268	32	1.78852
1268	43	-0.70646
1268	16	-0.1365
1268	16	0.433121
1268	2	0.71325
1268	106	0.868111
1269	31	1.2306
1269	10	-0.215125
1269	8	0.850315
1269	24	-1.03935
1269	14	-0.0637298
1269	172	-0.263435
1269	16	1.12791
1269	14	0.505541
1269	37	-0.507437
1270	105	-0.0733533
1270	154	1.44439
1270	6	0.600868
1270	13	-0.352123
1270	5	0.808257
1270	89	-0.0490449
1270	5	-0.829494
1270	11	2.07617
1270	64	-0.383217
1270	274	-0.672684
1270	48	-0.202466
1270	10	0.737678
1270	439	-0.8968
1270	137	-0.0828601
1270	163	0.323037
1270	182	-1.09806
1270	17	0.486462
1271	6	-0.121007
1271	42	-0.750105
1271	31	0.552073
1271	56	1.08465
1271	22	0.175664
1271	601	-0.341411
1271	112	-1.09132
1271	55	-0.0780846
1271	5	0.131101
1272	29	0.915485
1272	24	0.188425
1272	12	-1.62541
1273	96	-0.759318
1273	16	-1.49718
1273	4	0.611438
1273	104	0.106583
1273	16	0.798567
1273	11	-0.027724
1273	16	0.00925055
1273	1	1.07416
1274	6	-1.1293
1274	27	1.38942
1274	6	-1.05928
1274	9	-0.237648
1274	99	-0.716955
1274	37	-0.474522
1274	17	-0.0839331
1274	2	1.59818
1275	63	-0.312725
1275	6	0.576157
1275	0	-0.16825
1275	74	0.0528445
1275	43	0.859014
1275	61	-0.864623
1275	31	-0.356622
1276	15	-1.19097
1276	242	-0.133372
1276	103	-0.553887
1276	57	-0.865605
1277	12	-0.0454593
1277	45	-0.314378
1277	144	-1.94347
1277	397	-0.0421345
1277	3	-0.401053
1277	52	-0.776211
1277	31	-0.286122
1277	70	-0.439874
1277	18	-0.0519839
1277	2	3.76596
1277	35	1.27359
1278	19	-0.630792
1278	0	-0.0489748
1278	40	-1.01371
1278	31	0.214364
1278	49	0.89202
1278	209	0.083019
1278	29	1.11427
1278	97	-0.207637
1278	153	0.487984
1278	29	1.05867
1278	82	-0.528959
1278	287	0.246943
1278	33	0.0137876
1278	1	0.84825
1278	459	-0.951809
1279	140	-1.00639
1279	88	-0.207494
1279	18	-0.512602
1279	265	1.08268
1279	4	-1.19847
1279	18	-0.690142
1279	16	0.688335
1279	80	-1.37455
1279	88	-0.355184
1280	20	-0.0900447
1280	9	0.401849
1280	14	-0.692608
1280	41	0.999474
1280	127	0.352676
1280	12	2.09233
1280	27	-1.14612
1280	91	-1.09608
1280	148	0.914312
1281	86	-0.148341
1281	19	0.436884
1281	16	-1.29528
1281	79	-0.255221
1281	29	-0.268629
1281	27	0.0202465
1281	4	0.992083
1281	3	1.15989
1281	116	-0.305136
1282	5	-0.302619
1282	9	-0.452038
1282	565	0.209861
1283	2	0.700695
1283	2	-0.377809
1283	1	-0.631459
1283	192	-0.958655
1283	20	1.05126
1283	26	0.374188
1283	79	-0.0433863
1283	104	-0.780985
1283	39	-0.794647
1284	413	0.426021
1284	133	0.577918
1284	67	1.7615
1285	36	-0.593622
1285	12	0.425357
1285	252	0.473382
1285	5	0.832403
1285	20	-1.54006
1285	56	-0.223048
1285	12	-1.00978
1285	17	-2.30873
1285	4	-2.05295
1286	525	-0.145525
1286	15	0.0152961
1286	12	-0.16311
1286	7	-0.328348
1286	10	0.634938
1286	16	-1.32041
1286	86	0.532934
1286	501	-0.557558
1286	63	0.996379
1286	190	-0.0357215
1286	49	-0.898488
1287	28	-0.659119
1287	28	0.46398
1287	43	0.793104
1287	17	-0.28143
1287	7	-1.41984
1287	6	-0.629405
1287	784	-0.116372
1287	140	-0.222895
1287	6	-2.19288
1287	94	-0.347097
1287	93	0.39528
1287	24	0.293272
1288	46	0.647888
1288	6	-0.417381
1288	2	0.36661
1288	150	0.778775
1288	64	0.831163
1288	21	-1.08771
1288	91	0.00562076
1288	24	0.954566
1288	69	-1.0637
1288	4	1.54241
1289	61	-0.122006
1289	55	0.0779427
1289	7	0.140409
1289	0	0.774447
1289	0	-0.152347
1289	36	1.02989
1289	75	-0.242358
1289	43	-0.542264
1289	27	0.523655
1289	93	-1.10245
1289	6	-1.25447
1289	62	1.34602
1290	21	0.969886
1290	56	0.493515
1290	41	0.5064
1290	279	0.0707562
1290	23	0.661181
1290	96	-0.54726
1290	38	-0.439762
1290	6	1.12974
1290	111	-0.235649
1290	22	-0.0221583
1290	126	0.0103044
1290	69	0.378704
1290	17	-1.05056
1290	47	-0.184385
1290	205	1.58127
1291	8	-1.04723
1291	21	-0.641027
1291	328	-0.404545
1291	62	-0.792049
1291	19	1.5613
1291	11	0.431907
1292	74	0.962624
1292	152	-0.761445
1292	250	0.478076
1292	171	0.323756
1292	18	-0.391647
1292	221	0.675946
1292	65	0.193017
1292	258	0.193433
1292	659	0.124476
1293	105	-0.011914
1293	12	0.131841
1293	181	0.194487
1293	10	-0.513302
1293	556	0.0816768
1293	7	-1.18672
1293	85	-0.152214
1293	13	-2.40466
1294	12	1.86211
1294	17	-0.104736
1294	16	-0.568698
1294	197	0.419478
1294	18	0.741848
1294	55	-1.37347
1294	298	-0.191289
1295	17	0.96935
1295	2	-0.00656863
1295	192	0.020976
1295	11	0.34296
1295	17	-1.76042
1295	31	0.522656
1295	97	0.580364
1295	25	-0.294765
1296	22	-1.14051
1296	181	-0.195984
1296	13	0.898005
1296	9	0.338867
1296	31	-1.36322
1296	14	0.703305
1296	3	-1.84574
1296	38	0.7901
1296	748	0.0329248
1296	154	0.55762
1296	229	-0.326359
1296	273	0.921907
1296	2	-0.900633
1296	6	-0.239806
1296	63	0.245397
1297	162	0.970844
1297	2	-1.40471
1297	45	0.321168
1297	27	-0.33178
1297	6	-0.118674
1297	6	-0.934046
1297	6	-1.39585
1298	8	-1.86513
1298	18	1.66241
1298	3	0.99424
1298	49	-0.177005
1298	11	1.65349
1298	36	-0.581622
1299	48	-0.237167
1299	10	-0.567306
1299	27	-0.552314
1299	222	0.406597
1299	21	-0.071876
1299	11	-0.120044
1300	34	-0.1986
1300	12	-0.0592635
1300	12	0.604883
1300	428	0.58029
1300	361	-0.530656
1300	131	0.465142
1300	254	0.527421
1300	4	-0.222633
1301	6	0.108702
1301	145	0.581863
1301	8	-0.274876
1301	10	-1.45462
1301	6	0.0561863
1301	15	-0.660292
1301	747	-0.151735
1301	1159	-0.0678903
1302	0	0.242328
1302	1	-0.286671
1302	55	-0.593736
1302	518	-0.078011
1302	25	0.0793193
1302	11	0.687986
1302	3	-1.13069
1302	53	0.543857
1302	156	-0.216319
1303	1	1.24267
1303	34	-0.110146
1303	13	-0.808519
1303	7	0.907287
1303	2	2.4743
1303	3	1.38413
1303	9	-0.501159
1303	15	-0.531802
1304	407	0.0172542
1304	139	0.915732
1304	267	0.0618488
1304	1140	-0.346481
1304	4	-0.246547
1304	253	0.713763
1304	57	-0.764233
1304	100	0.517783
1304	13	0.721039
1305	182	-0.357238
1305	15	-0.155886
1305	49	1.33099
1305	336	0.263458
1305	40	1.13737
1305	13	-0.524587
1305	152	0.625046
1305	74	-0.999873
1305	15	0.236712
1306	106	0.404711
1306	218	-0.671382
1306	9	-0.500462
1306	173	-0.23689
1306	18	-1.3205
1306	1	0.658653
1306	139	0.810109
1306	51	-0.704845
1306	5	-1.06318
1306	7	1.06925
1307	21	-0.307697
1307	318	-0.441873
1307	10	0.260923
1307	307	0.752518
1307	16	0.870962
1307	19	-0.870079
1307	345	-0.654407
1307	122	-0.826388
1307	46	0.0753071
1307	54	-1.48227
1307	103	-1.05043
1307	78	0.282263
1307	54	-0.766794
1308	25	0.185094
1308	69	1.71216
1308	311	-0.0721996
1308	48	-0.372222
1308	208	0.37259
1308	201	-0.545518
1308	31	0.149479
1308	49	-0.880315
1308	36	1.04913
1308	7	-2.03457
1308	194	0.666784
1309	186	1.19869
1309	4	-0.319259
1309	71	-0.926847
1309	19	-1.46587
1309	11	-0.329105
1309	42	1.58587
1309	32	-1.06199
1310	0	2.02582
1310	13	0.397565
1310	23	1.73721
1310	25	0.893349
1310	2	0.291687
1310	21	-0.203448
1310	44	-1.15282
1310	28	1.21333
1310	90	0.989727
1310	82	0.182706
1310	154	-0.85784
1310	406	-0.865535
1310	5	-1.0268
1310	27	-0.453654
1311	0	-0.624056
1311	15	-1.00191
1311	194	-0.258021
1311	7	-0.0918218
1311	1	0.415312
1311	43	-0.0876574
1312	6	-0.565812
1312	1999	0.0656247
1312	102	-0.579534
1312	17	-0.0229195
1312	0	1.461
1312	7	1.11945
1312	415	-0.696243
1312	32	0.328505
1312	57	1.586
1312	64	-0.544944
1312	31	-0.530277
1312	357	0.416032
1312	58	0.747735
1312	18	0.509202
1312	201	0.522399
1313	240	0.181692
1313	12	-0.675973
1313	2	0.735038
1313	155	-0.478884
1313	0	0.738282
1313	142	0.984412
1313	27	0.908021
1313	63	0.45202
1313	16	-1.60183
1313	15	-1.00802
1314	249	-0.516651
1314	12	0.0127019
1314	248	-0.807625
1314	202	-0.295284
1314	179	-0.568675
1314	104	0.399426
1314	62	0.0441092
1314	62	-0.335706
1314	48	0.269919
1314	166	0.539307
1314	37	-0.212556
1315	376	-0.71735
1315	32	-0.282987
1315	37	0.739447
1315	102	0.255856
1315	34	0.971653
1315	224	0.428306
1315	33	-0.328139
1315	47	0.0972911
1315	111	-0.243892
1315	71	0.435309
1315	71	-0.48607
1315	20	0.328297
1315	83	0.628101
1315	95	-0.100824
1316	15	-1.09094
1316	95	1.08855
1316	3	-0.722815
1316	8	-1.61711
1316	17	-0.698213
1316	815	0.376621
1316	14	-0.296654
1316	66	-0.239198
1316	53	0.115597
1316	9	0.178971
1317	4	0.935733
1317	42	0.540271
1317	14	-0.847255
1317	242	-0.437661
1317	213	0.0192593
1317	42	0.0755052
1317	107	0.447176
1317	35	1.54781
1317	193	0.241884
1317	1	0.672016
1317	65	0.588661
1317	52	0.863362
1318	27	-1.32455
1318	1	1.20429
1318	277	0.101179
1318	5	0.651067
1318	298	-0.916277
1318	46	-0.95921
1318	261	0.201352
1318	109	1.01626
1318	0	-0.587896
1318	59	-0.731248
1319	336	-0.170206
1319	78	1.54031
1319	38	-0.216613
1319	111	0.176953
1319	294	0.289761
1319	2	-1.19903
1319	13	0.840888
1319	13	-0.844672
1319	19	-0.749426
1319	145	-0.871153
1319	18	-0.770668
1319	443	0.0218539
1320	345	-0.119551
1320	51	1.70783
1320	38	-0.979826
1320	56	0.324698
1320	89	0.416198
1320	80	-0.609135
1320	626	0.0425355
1320	18	-0.850807
1320	26	0.458747
1320	104	0.886461
1320	13	0.278273
1320	104	-0.714789
1321	43	-1.39744
1321	8	0.0297448
1321	29	0.223035
1321	40	-0.0569387
1321	9	0.759159
1321	19	0.1819
1321	31	0.209549
1321	3	1.58388
1321	136	-0.789581
1322	2	-0.752476
1322	26	-2.21383
1322	296	-0.127817
1322	8	0.153776
1322	574	0.223737
1322	31	0.336907
1322	43	-0.218101
1322	37	1.24442
1322	70	0.571178
1322	23	-1.54162
1322	137	-0.0238887
1322	67	-0.0823011
1322	21	-0.197544
1323	36	-0.549017
1323	75	0.435148
1323	43	0.202061
1323	51	0.471247
1323	372	-0.279377
1323	130	-0.275675
1323	126	-1.02692
1323	47	1.47839
1323	172	-1.65818
1323	22	-0.734361
1323	28	-1.00721
1323	19	-0.948212
1323	797	-0.525365
1323	92	0.336663
1323	15	-0.912439
1323	38	1.35915
1323	107	-0.499352
1323	104	0.284492
1323	79	0.904609
1324	12	0.0569877
1324	30	-0.385659
1324	20	1.33968
1324	10	1.10955
1324	4	1.11978
1324	29	-0.299253
1324	20	0.103681
1324	50	-1.19083
1324	5	-0.466664
1324	32	0.581994
1324	52	-1.58662
1324	39	0.674466
1324	132	0.792226
1324	47	0.997879
1324	117	-0.692356
1325	94	-0.28933
1325	78	-0.412459
1325	18	-1.10553
1325	282	0.684597
1325	175	0.346745
1325	60	-0.683649
1325	59	0.218172
1325	20	0.139664
1325	12	-0.655397
1325	14	-1.5995
1325	111	-0.0302302
1325	33	0.299004
1326	30	0.929832
1326	7	-0.237945
1326	12	0.320212
1326	8	-0.686906
1326	12	-0.695389
1326	17	1.60573
1326	43	0.205893
1326	16	0.143064
1326	62	-1.33825
1327	64	0.743168
1327	44	0.257323
1327	3	-1.65435
1327	10	-0.541415
1327	164	0.976641
1328	50	-1.5211
1328	11	-0.0966451
1328	5	0.139316
1328	66	0.201475
1328	133	0.782624
1328	242	0.180482
1328	55	-0.0796874
1328	21	-0.368479
1329	28	0.99862
1329	58	-0.0804034
1329	110	0.0932856
1329	24	-0.0706569
1329	128	0.236108
1329	36	-1.02483
1329	15	0.0668296
1329	117	0.296959
1329	2	2.23067
1329	65	0.225902
1329	74	0.30823
1329	16	-0.582768
1329	41	0.0897425
1330	24	0.606387
1330	23	-0.0712702
1330	103	0.107284
1330	528	0.0174452
1330	156	-0.610016
1330	177	1.56112
1330	14	0.186567
1330	25	1.34512
1330	21	0.579261
1331	4	-0.915944
1331	13	0.198944
1331	86	-0.120945
1331	47	1.24786
1331	6	0.671555
1331	82	0.330222
1331	1	-0.421151
1331	6	-2.01552
1332	1	1.67625
1332	106	-0.894571
1332	172	0.929459
1332	104	-0.748484
1332	5	0.505148
1332	15	-0.841223
1332	734	-0.338239
1332	122	1.25903
1332	154	-0.0417192
1332	7	0.499508
1333	169	-0.831583
1333	38	-0.0433163
1333	50	-0.140973
1333	26	0.848265
1333	137	0.815775
1333	355	0.0151533
1333	18	0.197382
1333	21	1.22091
1333	66	-0.861572
1333	210	-0.475275
1333	17	0.625949
1333	127	0.00344023
1333	39	0.410979
1333	5	1.01711
1333	1	1.23773
1333	95	-0.324618
1333	50	-0.545619
1333	626	-0.759518
1334	2	-1.94335
1334	0	-0.528884
1334	46	-0.122637
1334	14	0.218272
1334	1196	-0.245114
1334	1	-0.688853
1334	14	-2.06965
1334	3	-0.105384
1335	40	-0.992166
1335	3	0.148521
1335	14	-0.659865
1335	5	0.682966
1335	2	-1.22096
1336	44	0.155028
1336	73	-0.911062
1336	41	0.200912
1336	85	-0.0615683
1336	15	0.644832
1337	1	-0.270887
1337	3	-0.314961
1337	77	-0.68218
1337	1	-1.49023
1337	45	-0.116914
1337	60	0.235834
1337	2	0.715354
1337	11	-0.503596
1337	50	-0.334047
1337	13	-0.180609
1337	94	0.144193
1337	3	-0.387214
1337	9	-0.548378
1337	61	-0.586831
1337	26	-1.16414
1338	75	0.200733
1338	24	-1.06573
1338	69	-1.11663
1338	56	0.3138
1338	74	1.68177
1338	99	0.326987
1338	11	-1.57933
1338	17	0.804632
1338	26	-0.427111
1338	94	-0.52007
1338	4	0.514853
1338	98	-0.508533
1338	404	0.0703278
1338	92	-0.0107154
1338	183	-0.549557
1338	127	-0.826293
1338	133	-0.398105
1339	15	-0.0133493
1339	12	1.45452
1339	124	-0.749977
1339	119	0.535438
1339	5	1.34629
1339	20	0.276591
1339	4	-0.783655
1340	32	0.137317
1340	22	-1.64188
1340	1	-1.42815
1340	34	-0.724256
1340	267	0.166126
1340	4	-1.16365
1340	46	-0.879259
1340	22	0.0126822
1340	29	-0.272531
1340	398	0.00425786
1340	38	-0.295984
1340	78	0.486327
1340	23	0.475037
1340	18	-0.584906
1341	1	0.790485
1341	4	0.433006
1341	9	0.169878
1341	118	1.18773
1341	9	-1.77905
1341	78	0.834758
1341	63	-0.628437
1341	32	0.0892236
1341	20	-1.37246
1342	39	-0.200161
1342	23	-0.102146
1342	86	-0.326554
1342	7	-0.994121
1342	302	-0.118203
1342	3	-1.0402
1342	10	0.900838
1342	5	2.07155
1342	16	0.512964
1342	22	-0.409769
1342	5	0.557927
1342	111	-0.0939125
1342	194	1.20421
1342	54	1.3771
1342	5	-0.969588
1343	33	0.816735
1343	7	1.54878
1343	1	2.05457
1343	11	0.307567
1343	42	0.22827
1343	76	0.00241941
1343	193	-0.0441244
1343	49	-1.88541
1343	420	-0.691216
1343	7	-0.466271
1344	27	0.726834
1344	313	-0.680187
1345	94	1.35063
1345	322	0.506045
1345	81	0.426502
1345	79	-0.207355
1345	11	0.439932
1345	5	-1.20747
1345	7	-0.115063
1345	19	0.511791
1345	0	2.96211
1345	157	0.495332
1345	62	0.224597
1345	1	1.36878
1345	271	-0.650753
1345	52	-0.263726
1346	6	0.448489
1346	6	0.224869
1346	66	0.283062
1346	8	0.268271
1346	58	0.320155
1346	1589	0.221168
1346	159	-0.894605
1346	83	-0.278945
1346	380	0.21872
1346	0	1.51961
1346	35	-0.481905
1346	9	-0.798966
1346	49	0.275285
1346	21	1.41995
1346	6	-0.927161
1347	74	0.313697
1347	58	0.661741
1347	40	0.621362
1347	8	0.273899
1347	87	-0.205345
1347	7	-0.0648314
1347	42	0.16835
1347	264	-0.138454
1347	73	-0.455111
1347	253	0.229436
1347	39	0.0798334
1347	43	0.893162
1347	21	-0.33387
1347	3	0.407341
1347	11	-0.0732915
1348	113	-0.238381
1348	278	0.0146566
1348	23	0.49895
1348	105	1.16955
1349	26	-0.547978
1349	96	-0.0279959
1349	261	0.124511
1349	33	0.0612843
1349	67	-0.519729
1349	0	0.754211
1349	1015	0.0330618
1349	19	-0.366874
1349	181	-0.534017
1349	42	0.234579
1349	2	0.0177872
1350	779	-0.470542
1350	302	-0.855449
1350	102	0.456283
1350	0	0.500656
1350	13	-0.0924431
1350	38	-0.376114
1350	21	0.988895
1350	222	-0.376056
1350	17	0.532771
1350	15	-0.420598
1351	84	-0.0164983
1351	665	-0.291231
1351	28	0.927887
1351	25	-1.07626
1351	31	-0.393812
1351	25	-0.263574
1351	22	0.370516
1351	23	-0.866836
1351	14	0.365886
1352	215	-0.814147
1353	73	1.20612
1353	2	0.712725
1353	36	-0.9615
1353	957	0.449808
1353	28	-1.07493
1353	10	0.125841
1353	194	0.500445
1353	982	0.284593
1353	135	-0.427626
1353	557	0.46812
1353	339	-0.0492947
1353	206	0.0485503
1354	13	-0.372207
1354	16	0.879223
1354	42	-0.200552
1354	28	0.410821
1354	151	-0.436851
1354	19	0.22134
1354	24	-0.913085
1354	8	-0.578765
1354	4	1.99746
1354	11	-0.260111
1354	33	0.731075
1355	6	-0.679112
1355	20	-0.877141
1356	106	0.0528967
1356	108	0.840143
1356	360	-0.142233
1356	3	-0.12047
1356	72	-0.524437
1356	57	-0.0403199
1356	37	-0.410458
1356	6	1.21875
1357	14	1.3458
1357	51	0.257034
1358	6	0.331276
1358	23	-1.15724
1358	117	0.286828
1358	601	1.07461
1358	22	-0.567209
1358	106	-0.220032
1358	95	0.191573
1358	80	-0.0436819
1358	9	0.865908
1358	60	-0.42679
1358	10	-1.64092
1359	1	0.906603
1359	101	0.00729335
1359	70	0.104194
1359	118	-0.273452
1359	29	0.0338843
1359	156	0.371261
1359	49	-0.341256
1359	1	-0.568041
1359	10	-0.94213
1359	13	-0.44484
1360	8	-0.582263
1360	11	-0.908848
1360	12	-0.699866
1360	15	0.0517013
1360	47	-0.792703
1360	0	-0.609126
1361	29	-0.229842
1361	179	-0.524298
1361	1407	-0.241178
1362	6	0.460981
1363	0	-0.0615773
1363	57	-0.0839763
1363	3	-0.471099
1363	8	1.37182
1363	0	1.49835
1363	17	-0.862129
1363	36	-0.826772
1363	78	-0.344417
1364	28	-1.45149
1364	22	-1.03154
1364	12	1.75175
1364	10	-0.411718
1364	27	0.694319
1364	47	-0.879766
1364	21	-1.37479
1364	203	0.654285
1364	49	0.9801
1364	17	-1.03677
1364	70	0.847934
1364	92	0.112976
1364	805	0.370929
1364	11	-0.253487
1364	298	0.638699
1364	15	0.18449
1364	72	-0.210174
1365	20	0.769238
1365	116	0.611589
1365	510	0.268568
1365	3	1.31552
1365	24	-0.551235
1365	110	-0.425902
1365	3	-0.814984
1365	13	0.0490626
1365	557	0.655818
1365	43	-0.394388
1365	0	0.361688
1365	39	-1.15582
1366	3	-0.0227111
1366	389	-0.0668436
1366	10	0.100566
1366	8	0.26355
1366	127	-0.648128
1366	24	1.47971
1366	20	-0.604286
1366	127	-0.134842
1366	522	-0.629448
1366	103	-1.01808
1366	139	0.859867
1366	364	0.498513
1366	37	-0.017398
1366	4	0.862963
1366	48	-0.462394
1366	37	0.386721
1367	2	0.7014
1367	279	-0.324464
1367	0	0.236629
1367	15	-1.35324
1367	23	0.325931
1367	6	0.991604
1367	297	-0.71925
1368	230	0.416178
1368	137	0.511315
1368	1	1.26003
1368	36	-0.293573
1368	41	0.200025
1368	29	1.0861
1368	39	0.0989613
1368	459	0.606013
1369	25	-0.172786
1369	41	0.0645576
1369	3	0.548085
1369	1	1.1855
1369	19	-1.18187
1369	28	0.301899
1369	243	-0.878067
1369	4	1.7842
1369	24	0.695969
1370	86	-0.314243
1370	68	-0.545501
1370	22	-1.19907
1370	4	1.44988
1370	35	0.619998
1370	103	0.768933
1370	71	-0.102011
1370	97	-0.784313
1370	249	-0.444126
1370	3	-1.32282
1370	13	-1.23031
1370	899	0.366195
1370	90	-0.551832
1370	12	0.037004
1371	7	0.28875
1371	0	-1.7304
1371	1	-0.720522
1371	147	-0.322138
1371	27	1.23864
1371	244	-0.24867
1371	0	0.0407911
1371	0	0.471229
1371	21	-0.0838218
1371	486	0.748711
1371	68	-0.998624
1371	451	-0.217043
1371	19	1.2752
1371	0	-1.63888
1372	80	0.957715
1372	151	1.29157
1372	23	2.12786
1372	23	0.507795
1372	24	-0.275902
1372	167	-0.467342
1372	672	0.48559
1372	79	-0.139644
1372	34	-0.338741
1372	2	-0.669183
1372	18	-0.086525
1373	125	-0.64844
1373	182	-1.50826
1373	0	-1.47475
1373	150	0.39972
1373	22	0.806042
1373	2	-0.895361
1373	8	0.829203
1374	33	0.2554
1374	153	0.0271507
1374	311	0.331015
1374	104	0.389449
1374	18	-0.585187
1374	194	0.535284
1374	5	0.877133
1374	23	0.240872
1374	26	0.0804969
1375	41	0.102201
1375	375	-0.249019
1375	60	-0.241428
1375	17	-0.163314
1375	4	-1.34031
1375	24	-2.39786
1375	3	-0.648636
1375	4	-1.94262
1375	176	0.258047
1375	1	0.503807
1375	36	0.430577
1375	47	0.443296
1375	66	1.1784
1376	122	-0.925344
1376	11	0.174891
1376	8	0.614504
1376	6	1.30881
1376	157	-0.166917
1376	451	-0.69568
1376	12	0.06457
1376	50	-1.04778
1376	8	-0.00719196
1376	4	-1.85181
1376	21	-1.49117
1376	15	1.23631
1376	91	0.976408
1377	16	0.53817
1377	177	0.587923
1377	21	-2.36688
1377	23	-1.60244
1377	6	-0.0766187
1377	5	-0.523899
1377	2	1.64044
1377	42	0.163348
1377	718	-0.38698
1377	44	1.46938
1377	114	0.0843284
1377	42	-1.48687
1377	58	-0.338864
1377	5	-0.304295
1378	69	-0.152224
1378	25	-0.102269
1378	86	-0.996873
1378	122	-0.371075
1378	4	-0.121514
1378	20	-0.69978
1379	37	-0.51242
1379	49	1.26234
1379	17	-1.48559
1379	3	-0.752313
1379	84	-0.51021
1379	36	-0.297537
1379	29	0.22101
1380	137	0.238514
1380	17	-0.530717
1380	6	1.52466
1380	1	-0.358202
1380	45	0.935107
1380	107	-1.05133
1380	1	-0.544171
1380	20	-0.372812
1380	62	-0.355666
1380	1285	-0.0468628
1380	8	0.378196
1381	2	-1.98268
1381	36	0.418772
1381	1	1.2706
1381	10	0.664983
1381	62	1.02279
1381	129	0.558313
1381	8	-1.44155
1382	13	-1.21085
1382	34	-0.0156145
1382	6	1.17764
1382	47	-0.617587
1382	1	0.996041
1382	3	0.919269
1382	48	1.48357
1383	228	-0.35584
1383	101	-0.107544
1383	6	-0.673767
1383	35	0.608965
1383	24	0.888736
1384	4	1.68
1384	15	-0.225883
1384	124	0.66231
1384	130	0.0584575
1384	24	1.34872
1384	117	-0.39665
1384	20	0.194768
1384	36	-0.742251
1384	51	0.543944
1384	135	0.44092
1385	7	-0.033145
1385	70	1.21813
1385	64	-0.325309
1386	3	-0.62262
1386	3	0.58449
1386	45	0.637055
1386	115	-1.01312
1386	823	0.246219
1387	119	-0.896999
1387	9	-0.173705
1387	51	0.382656
1387	41	-1.39455
1387	93	-0.111127
1387	47	-0.00128094
1388	9	-0.77331
1388	9	1.87083
1388	502	-0.632389
1388	21	-0.430269
1388	10	0.583497
1388	138	-0.486629
1388	6	1.64273
1388	0	0.601981
1388	109	0.931367
1388	2	1.42696
1388	60	-0.475765
1388	52	0.275362
1388	254	0.184571
1388	716	-0.206257
1389	0	0.0314005
1389	45	0.101824
1389	189	0.41655
1389	14	-0.16016
1389	48	0.943289
1389	6	-0.449678
1389	17	0.223658
1390	32	0.469752
1390	0	-2.30855
1390	0	-0.507968
1390	82	-0.681521
1390	39	0.290221
1390	106	0.547024
1390	24	0.640378
1390	26	-0.757708
1390	17	-0.124085
1390	96	0.102788
1390	13	-0.654899
1390	97	-0.71539
1390	32	-1.21157
1390	82	-1.53969
1391	27	-0.286688
1391	23	-1.00952
1391	25	-0.386028
1391	18	0.55068
1391	9	1.54973
1391	81	-0.236362
1392	166	1.12933
1392	7	2.43987
1392	12	0.016017
1392	19	-0.151639
1392	115	0.0951057
1392	1	-0.162098
1392	172	0.245206
1392	138	0.0128647
1392	2	0.177488
1392	24	0.0777202
1392	4	-0.314382
1392	16	0.257925
1393	95	0.160129
1393	20	-0.203281
1393	32	0.260438
1393	36	-0.588154
1393	99	-0.321833
1393	14	-0.119125
1393	22	1.6967
1394	1045	-0.0264327
1394	10	-0.891136
1394	37	-0.148679
1394	52	1.34485
1394	35	0.0163136
1394	12	-0.403779
1394	25	1.59883
1394	0	-0.119943
1394	295	0.348666
1395	100	-0.559998
1395	19	1.07039
1395	28	-2.0209
1395	10	1.09217
1395	4	-0.709741
1395	1	-1.24478
1395	22	0.660285
1395	17	1.44047
1396	12	0.513639
1396	145	0.11797
1396	236	-0.0945774
1396	3	0.135528
1396	3	1.26473
1397	35	0.298321
1397	49	-0.240195
1397	78	-0.735971
1397	57	-0.505795
1397	7	-0.439482
1397	153	0.0814632
1397	11	-0.845326
1397	115	-0.299739
1397	73	-0.648333
1397	29	0.387692
1398	3	-1.16087
1398	1710	-0.0898598
1398	49	-0.240972
1398	804	-0.199907
1398	25	0.486727
1398	142	-0.46498
1398	364	0.632122
1398	120	-0.583325
1398	24	0.324449
1398	46	-0.709639
1398	41	0.127107
1398	6	0.354973
1398	0	0.46222
1398	1	-0.297593
1398	7	-1.0306
1399	578	-0.438743
1399	111	-1.12206
1399	11	-0.698679
1399	116	-0.067329
1399	1	-0.0241649
1399	11	1.10567
1399	4	-0.2272
1399	45	0.113555
1399	73	0.320845
1399	114	0.0609719
1399	25	-0.627657
1399	38	-0.166676
1399	25	1.67185
1399	55	0.00716815
1399	136	0.747122
1399	31	-0.31443
1399	273	-0.109176
1399	182	-0.349588
1400	43	1.26655
1400	6	-0.145439
1400	0	-1.82545
1400	24	0.499214
1400	3	1.5165
1401	25	-0.337358
1401	1601	-0.28161
1401	58	0.971218
1401	153	-0.175007
1401	6	-0.454655
1401	11	-0.258587
1401	902	-0.336336
1401	1401	-0.375081
1401	28	-0.865745
1401	11	0.680334
1401	26	0.838715
1401	14	0.481593
1401	56	-0.407911
1401	141	-0.186249
1401	0	1.09029
1401	4	0.180254
1402	41	0.326748
1402	28	-0.375461
1402	19	0.983921
1402	97	0.284503
1402	41	0.169099
1402	289	0.353863
1402	184	-0.00656713
1402	7	0.107112
1402	71	-1.06739
1402	17	0.744865
1402	8	1.32724
1402	40	-0.133809
1403	34	0.372504
1403	13	0.777972
1403	17	0.356909
1403	24	-1.91406
1403	17	0.38688
1403	219	-0.22789
1403	273	-0.763511
1404	426	-0.3735
1404	10	0.616133
1404	18	-0.247734
1404	11	1.46017
1404	540	-0.391427
1404	144	0.365375
1404	42	0.170636
1404	6	-1.71853
1404	9	-0.872092
1404	23	-1.1221
1404	16	-1.4347
1405	7	-0.300799
1405	6	0.586999
1405	70	-0.243675
1405	0	0.199581
1405	84	-0.394843
1405	115	-0.432688
1406	1	0.280976
1406	21	0.689251
1406	120	-0.546677
1406	4	1.21394
1406	25	-0.268123
1406	301	-0.0275637
1406	99	0.154551
1406	248	0.00738439
1406	102	-0.802167
1406	10	-0.249674
1407	15	-0.792567
1407	9	1.12091
1407	13	0.664083
1407	51	2.19258
1407	38	-0.0116307
1407	11	1.1122
1407	2	0.157011
1408	136	-0.200482
1408	151	-0.250156
1408	12	-0.943544
1408	18	0.00866177
1408	28	1.14158
1408	25	-1.31636
1408	55	0.11024
1408	26	0.565426
1408	699	0.00799981
1408	29	0.196576
1408	323	0.235738
1409	5	-1.29352
1409	156	0.182668
1409	0	0.218993
1409	3	0.516555
1409	24	-0.126257
1409	106	-0.477209
1409	49	0.88957
1409	42	-0.619333
1409	56	0.237286
1409	166	0.00717558
1409	113	0.257251
1410	27	0.0802463
1410	136	-0.335039
1410	10	0.0292993
1410	42	-0.0170626
1410	13	-0.68716
1410	305	0.651447
1410	127	-0.849017
1410	6	-0.0450845
1410	2	0.877241
1410	0	-1.1289
1410	46	-0.632906
1410	2	0.181031
1410	23	-0.873754
1410	28	-0.67762
1410	10	0.00328457
1410	84	0.783154
1410	70	0.358572
1410	25	-0.391946
1410	3	0.885057
1411	9	1.53031
1411	57	-0.923491
1411	145	0.196005
1411	17	-1.10946
1411	0	1.1026
1411	1	-0.403329
1411	20	1.4759
1411	16	-1.30472
1411	1621	-0.262265
1411	96	0.314057
1411	149	-0.0191442
1412	10	-0.793038
1412	1277	0.177488
1412	331	0.545487
1412	94	-0.213242
1412	194	-0.508922
1412	22	-0.101649
1412	27	-1.13932
1412	1074	0.11983
1412	32	0.373855
1412	108	0.834682
1412	12	-0.340483
1412	23	-0.765995
1412	53	0.428464
1412	70	0.401868
1413	143	0.0391444
1413	6	-0.726741
1413	15	0.443739
1413	1	-0.969273
1413	11	-1.71081
1413	52	-0.224158
1413	6	-1.83517
1413	18	-0.322677
1413	72	-0.194482
1414	47	0.154892
1414	42	-1.11388
1414	5	0.187206
1414	71	-0.359376
1414	55	0.0492297
1414	50	0.315229
1414	4	0.475874
1414	120	0.652388
1414	7	-0.184621
1414	22	-0.586816
1415	449	-0.00944803
1415	89	-0.649517
1415	34	-0.514323
1415	6	0.487037
1415	24	-0.743063
1416	8	0.446219
1417	1	-0.501419
1417	163	0.769602
1417	149	-0.270343
1417	416	0.424272
1417	906	0.513072
1417	12	-0.166754
1417	15	1.3924
1417	6	1.45825
1417	110	0.592539
1417	28	-0.488886
1417	38	-0.555664
1417	64	0.0396207
1417	145	-0.676115
1417	19	-0.561946
1417	8	0.657208
1417	42	-0.034703
1418	201	0.0227164
1418	173	0.0899821
1418	105	0.564021
1418	27	-0.104189
1418	72	0.716359
1418	103	-0.881597
1418	17	0.666719
1418	1	-1.20272
1418	201	0.516118
1418	126	0.00290766
1418	25	-0.694348
1419	10	0.069792
1419	48	-0.410384
1419	9	-0.183554
1419	15	0.586743
1419	48	1.32247
1419	56	-0.61918
1419	96	-0.461938
1420	105	0.505464
1420	14	0.777146
1420	18	0.942318
1420	168	-0.164194
1420	17	-0.471829
1420	0	1.65152
1420	73	-0.447898
1421	849	0.620379
1421	226	-0.213187
1421	780	-0.319813
1421	129	1.05621
1421	2	0.413317
1421	35	0.170285
1421	10	0.0546251
1421	365	-0.00652317
1421	4	2.2458
1421	95	0.893585
1421	92	-0.268385
1421	22	0.450978
1421	207	-0.103278
1421	26	0.194397
1421	0	0.0681401
1422	42	0.393553
1422	10	-2.01497
1422	1244	-0.176154
1422	38	1.41775
1422	15	-0.681488
1422	33	-0.323092
1422	66	-1.0303
1422	35	-0.382367
1422	23	0.450559
1423	1	-0.572572
1423	3	1.44105
1423	214	0.178034
1423	21	1.48596
1423	23	-1.93304
1423	0	1.03435
1423	6	-0.249247
1424	16	-1.11467
1424	0	0.986477
1424	62	-1.52021
1424	16	-0.145302
1424	38	-0.0997874
1424	42	-0.532333
1424	6	0.113106
1424	7	-0.496028
1424	6	0.50694
1424	17	0.625645
1425	15	-0.723524
1425	0	-0.911579
1425	1530	0.412661
1425	249	0.414594
1425	5	-0.785133
1425	11	1.55893
1426	5	0.930708
1426	73	1.00066
1426	43	0.4213
1426	137	0.0107174
1426	62	-0.749877
1426	25	0.469069
1426	393	0.480907
1426	34	0.382428
1426	31	-0.497996
1426	21	-0.424559
1426	2	-1.4104
1427	7	0.548255
1427	8	-0.886963
1427	2	-0.117139
1427	8	-2.19712
1428	20	-0.753817
1428	38	-0.700279
1428	173	-0.351406
1428	6	-0.407299
1428	17	0.389043
1428	25	0.179414
1428	0	-1.01256
1428	490	-0.38809
1428	401	0.134852
1428	318	-0.473485
1428	24	-0.16873
1428	101	-0.326183
1428	31	-1.07599
1428	11	0.652472
1428	34	-0.323589
1428	325	-0.343841
1428	30	0.0510885
1429	474	0.0817682
1429	456	0.620875
1429	241	0.207426
1429	3	-0.410038
1429	61	-0.416671
1429	2	0.233178
1429	191	0.674721
1429	6	0.281295
1429	23	0.633146
1429	35	-0.344867
1429	17	-0.902887
1429	173	-0.132618
1430	1	0.950329
1430	13	-0.676285
1430	16	-0.0982982
1430	264	0.0698274
1430	171	0.51746
1430	344	-0.898354
1430	144	-0.570237
1430	17	0.24034
1430	4	-0.16781
1430	10	-1.17511
1430	42	-0.676042
1430	7	-0.159482
1431	88	-0.755278
1431	24	0.240848
1431	5	0.565138
1431	20	-0.19372
1431	17	-0.574188
1431	45	0.277175
1431	59	-1.92368
1431	103	1.26488
1431	10	-0.0159115
1431	305	-0.3344
1431	791	0.642518
1431	323	-0.15061
1432	0	-2.57955
1432	52	-0.0563304
1432	77	-0.668751
1432	40	0.0983419
1432	34	0.703312
1432	11	1.43102
1432	48	0.0378212
1432	46	-0.34656
1432	16	-0.594571
1433	30	-0.278026
1433	108	0.00938156
1433	118	-0.000803618
1433	41	-1.00905
1433	11	-1.07136
1433	112	0.581624
1433	57	-0.476968
1433	36	-0.131159
1433	6	-0.29416
1433	35	0.0626242
1433	37	-0.548844
1433	18	0.101062
1433	21	0.0251127
1433	34	0.101311
1434	0	0.0847073
1434	13	0.914767
1434	46	-0.488441
1434	13	0.596291
1434	63	-0.0578345
1434	53	-0.0390314
1434	56	0.370476
1434	123	-0.342729
1434	14	0.093986
1434	57	-0.0439147
1435	216	0.726823
1435	50	0.446067
1435	5	-0.469656
1435	48	-0.564106
1435	34	-0.285693
1435	30	0.329126
1435	24	-0.383987
1435	0	0.413929
1436	51	0.0689328
1436	12	0.645212
1436	23	-0.0865182
1436	125	0.743181
1436	39	-0.725061
1436	243	0.372061
1436	537	-0.446794
1436	766	0.270188
1436	227	0.240973
1436	65	-1.30734
1436	43	0.542161
1436	548	0.0623069
1436	11	-0.451918
1436	85	-0.801193
1436	716	-0.018898
1436	15	0.0189725
1437	31	-0.432322
1437	13	-0.220492
1437	439	-0.314542
1437	880	-0.548689
1437	3	0.633381
1437	16	-0.483187
1437	20	0.12836
1437	72	0.0614605
1438	29	1.37957
1438	37	-0.533997
1438	16	-0.132701
1438	2	-0.276206
1438	59	-1.21473
1438	5	-0.0622675
1438	26	-0.878584
1438	37	-0.0262202
1438	24	-0.0857459
1438	230	-0.513813
1439	17	-0.143025
1439	77	0.0411206
1439	17	1.21566
1439	2	-0.316697
1440	39	2.91085
1440	13	0.686386
1440	73	-0.322548
1440	253	0.640328
1440	31	0.47875
1441	6	-0.564341
1441	22	-0.234851
1441	11	-0.909572
1441	7	-0.406422
1441	67	0.565362
1441	6	-0.409077
1441	32	-0.864926
1441	839	0.670507
1442	6	0.818382
1442	14	-0.372806
1442	119	-0.240368
1442	138	-0.213389
1442	18	1.35963
1442	55	0.150284
1442	1	0.429029
1442	8	0.168262
1442	132	0.278399
1443	73	-0.052847
1443	25	-0.297844
1443	1439	-0.500937
1443	48	0.231869
1443	23	-1.22571
1443	24	-0.40969
1443	34	-0.244614
1443	149	0.843954
1443	162	0.0235738
1443	3	2.3739
1444	186	-0.722589
1444	112	1.41697
1444	3	0.129477
1444	194	0.500218
1444	32	0.197073
1444	236	0.0871864
1444	16	0.726335
1444	68	-0.864095
1445	50	0.149285
1445	54	-0.211416
1445	9	-1.18685
1445	24	0.409684
1445	58	-0.813604
1445	378	0.0158848
1445	9	1.45584
1445	14	0.552886
1445	23	-0.142809
1445	60	-1.85017
1445	12	0.598039
1445	33	0.343952
1446	9	-0.498397
1446	7	-0.958412
1446	16	0.392484
1446	27	0.615721
1446	26	0.508688
1446	82	-0.459475
1446	32	-0.137793
1446	20	-0.59674
1446	22	0.240704
1446	118	0.308972
1446	4	0.0197826
1446	3	-0.719067
1446	6	-2.29923
1446	5	1.27783
1447	56	0.210232
1447	131	-0.197543
1447	11	-0.172289
1448	120	-1.28537
1448	91	-0.0968045
1448	180	0.192558
1448	5	-0.316975
1448	34	1.49694
1448	56	-0.81391
1448	3	1.04406
1448	11	-0.343078
1448	18	-0.87224
1448	29	0.166741
1448	57	1.00506
1449	8	1.12423
1449	759	-0.336102
1449	351	0.590388
1449	54	0.260908
1449	12	-0.270561
1449	0	0.272054
1449	20	-0.138234
1449	5	1.31193
1449	94	-0.416
1449	33	0.0271564
1449	97	0.263561
1449	11	0.697998
1449	210	-1.21652
1450	23	0.944916
1450	158	0.462663
1450	198	-0.295829
1450	148	-0.163129
1450	171	-0.755997
1450	31	-0.639234
1450	33	-0.063084
1450	35	0.987963
1450	0	1.0905
1451	53	-0.247974
1451	13	1.4668
1451	71	-0.241876
1451	5	0.316612
1451	0	-0.725767
1452	365	-0.345464
1452	47	1.74322
1452	43	0.54459
1452	3	1.36941
1452	63	0.597704
1453	79	1.26622
1453	29	0.466973
1453	39	-0.3763
1453	7	-0.579918
1453	69	-0.447447
1453	23	0.343514
1453	31	0.742494
1453	44	0.874403
1453	16	-0.437806
1453	26	0.767113
1453	57	1.30874
1453	195	-0.413837
1454	5	-0.761905
1454	14	0.880629
1454	14	-0.217196
1454	9	-0.312488
1454	0	0.316325
1454	559	0.118716
1454	9	0.96236
1454	20	-0.459561
1454	166	-0.550895
1454	4	-1.22971
1454	3	-0.538877
1454	18	-1.13345
1454	153	-0.278438
1455	85	0.654159
1455	84	-0.0116001
1455	45	-0.896378
1455	223	-0.786907
1455	24	-0.757282
1455	16	0.905303
1455	31	-1.10305
1455	91	-0.317172
1455	6	-0.894748
1456	41	-2.12772
1456	63	0.468005
1456	57	-0.146237
1456	15	0.479812
1456	5	0.319271
1456	8	0.481749
1457	8	0.0475375
1457	1	-1.33947
1457	11	0.46474
1457	40	-1.24859
1457	103	-0.354441
1458	15	-1.17272
1458	30	-0.942201
1458	46	-0.948517
1459	72	0.963834
1459	19	1.00165
1459	146	-0.752872
1459	45	0.222665
1459	0	1.19374
1459	13	-0.657426
1459	13	0.208687
1459	26	-0.485733
1459	96	-0.427534
1460	77	0.398719
1460	105	-0.219216
1460	48	-0.60742
1460	574	0.509117
1460	5	0.673151
1460	5	-1.24498
1460	32	0.304099
1460	31	-0.10015
1460	8	0.0750355
1461	18	0.577027
1461	69	0.333568
1461	18	0.437218
1461	3	2.03639
1461	30	-0.220038
1461	145	0.153636
1461	137	0.278236
1461	41	-1.03447
1461	9	-1.74561
1461	32	0.616618
1462	121	-0.201781
1462	17	-0.273065
1462	79	1.15613
1462	58	-0.47645
1463	16	-0.22919
1463	6	-0.66968
1463	66	-0.0131665
1463	34	-0.113519
1463	17	-0.71973
1463	40	0.473258
1463	1	-1.2088
1464	81	0.470406
1464	13	1.12154
1464	7	0.333098
1464	126	0.298187
1464	9	-2.18671
1464	5	-0.118797
1464	0	-1.15506
1464	68	-1.31046
1464	10	1.70205
1464	29	-0.49799
1464	10	0.00571294
1464	82	-1.35675
1464	25	0.978425
1464	30	1.01338
1464	17	0.286793
1464	19	1.2422
1465	25	-0.191788
1465	865	-0.439077
1465	90	0.958106
1465	334	0.356843
1465	38	0.21681
1466	16	1.90311
1466	1	0.862404
1466	3	-0.842462
1466	95	0.478363
1466	48	-0.469636
1466	7	0.928819
1466	219	0.367118
1466	22	0.744691
1466	89	-0.496538
1466	114	0.132034
1467	18	-0.396458
1467	152	0.168915
1467	39	-0.787034
1467	3	-1.89203
1467	1	-1.31993
1467	27	-0.389532
1467	20	0.222791
1467	67	0.357563
1467	0	0.575771
1468	233	-1.00412
1468	24	1.4533
1468	51	0.40382
1468	96	-1.29847
1468	24	0.556852
1468	7	0.196338
1468	13	1.00861
1468	54	-0.215304
1469	62	-0.299588
1469	14	0.274966
1469	240	0.487999
1469	905	0.0854224
1469	11	-0.189125
1469	97	0.39252
1469	20	1.13642
1469	138	0.875068
1469	18	-0.264784
1469	49	-1.11181
1469	41	0.209966
1470	315	-1.00093
1470	8	-0.0534726
1470	32	0.18324
1471	62	-1.02026
1471	1	-0.580013
1471	14	0.895524
1471	43	0.729046
1472	465	0.242159
1472	219	-0.626775
1472	4	1.93325
1472	0	-0.523338
1472	3	0.285248
1472	7	-1.10973
1472	4	1.34783
1472	1	-0.878967
1473	34	0.872305
1473	7	0.447447
1473	47	0.537
1473	29	-1.30029
1473	23	-0.323705
1473	13	1.76626
1474	23	0.305651
1474	73	0.611975
1474	13	-0.333374
1474	9	0.25358
1474	17	0.507338
1474	27	-0.124758
1474	99	0.787613
1474	23	-1.10209
1474	109	0.0208222
1475	18	-1.59119
1475	76	-0.290066
1475	0	0.94372
1475	3	-1.01551
1475	356	-0.865757
1475	968	0.00263276
1475	27	1.59655
1475	14	-0.595462
1475	123	0.204934
1475	59	-0.572582
1475	408	0.200081
1475	10	-0.81103
1475	42	0.390697
1475	37	0.136355
1475	61	-0.742677
1475	24	1.61687
1475	30	1.16072
1475	7	-1.10348
1475	64	-0.269222
1475	201	-0.302376
1476	69	0.536057
1476	19	-1.38333
1476	648	-0.303128
1476	123	-0.412468
1476	45	0.414638
1476	0	2.41118
1477	103	1.10337
1477	40	-0.672886
1477	17	-0.670005
1477	26	-1.55183
1477	49	-0.471957
1477	3	0.666499
1477	2	1.98855
1477	135	0.0569586
1477	151	1.02952
1478	0	-0.404702
1478	20	-0.522168
1478	22	1.04045
1478	55	-0.686684
1479	69	0.87859
1479	41	-0.155577
1480	23	-0.815996
1480	17	3.00987
1480	141	-1.94933
1480	24	0.772207
1480	23	-0.504928
1480	20	0.753566
1480	9	0.760224
1480	21	-0.177605
1481	14	-1.87186
1481	85	-0.865193
1481	4	0.963347
1481	159	-0.0230051
1481	147	-0.232646
1481	33	-0.88647
1481	64	-0.262043
1481	7	-0.233292
1481	583	0.0316297
1481	42	-0.676258
1481	14	0.535139
1481	10	-0.11767
1481	20	0.179249
1481	28	-0.223559
1481	100	-0.131772
1482	2	0.770895
1482	61	0.252755
1482	152	0.27727
1482	56	-0.524474
1482	34	-0.511761
1482	131	-0.167402
1482	10	0.401075
1482	48	0.838462
1482	20	1.07401
1482	50	0.254589
1482	10	-0.404516
1482	30	0.136065
1482	23	-1.24196
1482	10	1.45707
1483	111	0.113305
1483	39	-0.300208
1483	114	-1.05554
1483	21	0.118462
1483	34	0.853824
1483	1	0.461124
1483	6	0.694432
1483	434	-0.574678
1483	21	0.40217
1483	25	-0.144269
1483	15	-0.135411
1484	21	0.708804
1484	31	-0.549146
1484	2	0.298723
1484	155	0.423248
1484	48	-0.23306
1484	11	0.330509
1484	97	0.820827
1484	59	0.299779
1484	47	-0.0607958
1484	5	-0.283334
1485	294	0.639059
1485	6	0.529369
1485	58	-0.155522
1485	139	-0.12973
1485	88	-0.0819784
1485	469	0.79554
1485	6	-0.181852
1485	5	-0.556479
1485	23	0.616714
1485	7	0.180239
1485	5	-0.322026
1486	3	1.031
1486	24	0.715495
1486	6	-0.700046
1486	236	-0.453371
1486	28	0.746721
1486	82	-0.0114679
1486	25	1.44854
1486	26	-1.10689
1486	27	0.193177
1487	5	-0.134983
1487	40	0.0981486
1487	49	-0.36955
1487	28	0.491699
1487	2	-0.258449
1487	44	0.0104174
1487	46	-0.107212
1487	4	0.291937
1488	84	0.375542
1488	44	-0.9363
1488	3	-0.0523356
1488	43	0.353029
1488	1	0.993092
1488	91	-0.132425
1488	509	0.0401328
1488	47	1.42575
1488	33	0.795319
1489	18	-0.489041
1489	38	1.18747
1489	205	-0.29214
1489	61	0.79819
1489	0	-0.604112
1489	152	0.221157
1489	17	-0.430878
1489	69	0.416629
1490	18	-0.403781
1490	10	0.161584
1490	198	0.465889
1490	29	0.760019
1490	215	0.0798176
1490	0	0.977704
1490	185	0.494631
1490	327	0.138155
1490	14	-0.163229
1490	975	0.538681
1490	156	0.944141
1490	266	0.350628
1490	108	0.435897
1490	235	-0.311894
1490	107	0.46815
1490	19	0.877683
1490	144	-0.668612
1490	451	-0.11397
1490	159	-0.784197
1490	13	0.029279
1490	152	-0.0735754
1490	30	1.09825
1491	6	0.457598
1491	89	0.370066
1491	0	-2.89939
1492	20	-0.0774469
1492	187	-1.02074
1492	157	-0.480828
1492	30	0.678778
1492	9	-0.171755
1492	43	0.617923
1492	4	1.20146
1492	8	-0.627879
1492	3	-1.92735
1492	113	-0.558698
1492	12	0.394584
1492	213	-1.21657
1492	714	0.806015
1492	4	-0.255062
1493	207	-0.621581
1493	69	0.187869
1493	25	0.98204
1493	60	0.194378
1493	75	0.888495
1493	56	-0.444552
1493	31	-0.878652
1494	40	1.10532
1494	4	-0.75533
1494	14	0.135248
1494	27	-0.2087
1494	61	0.848188
1495	34	0.69305
1495	33	0.719608
1495	46	1.7738
1495	141	0.631299
1495	145	-0.24889
1495	4	2.029
1495	54	-0.481382
1495	182	0.906643
1495	68	-0.374009
1495	27	1.37311
1495	16	-1.00049
1495	131	-0.655112
1495	22	0.236274
1495	2	0.0698112
1495	158	-0.787942
1496	10	1.49445
1496	105	1.07754
1496	2	-0.560728
1496	50	0.0532325
1497	106	0.788027
1497	25	0.239206
1497	75	-0.635099
1497	39	-0.290087
1497	4	-0.77628
1498	33	0.199962
1498	25	0.606904
1498	20	-0.50291
1499	27	-0.850448
1499	11	2.36539
1499	10	0.150917
1499	10	-0.0872656
1499	94	-0.804352
1499	70	0.982635
1500	84	0.88434
1500	91	-0.187783
1500	34	0.141543
1500	6	1.98938
1500	52	-0.664138
1500	31	-0.0159696
1500	14	1.11871
1500	14	-0.350177
1500	23	0.158027
1500	7	-0.663772
1500	19	0.923916
1500	63	0.220371
1501	82	-0.682625
1501	179	0.655891
1501	17	0.350277
1501	8	-1.45714
1501	46	-1.53063
1501	40	0.614139
1501	10	1.65575
1501	6	1.20233
1501	17	-1.64718
1501	97	1.24794
1501	1	-0.784761
1501	2	-0.725345
1502	6	-0.340568
1502	52	0.412621
1502	50	-1.16312
1502	10	-0.592514
1502	94	-0.106688
1502	133	-0.267272
1502	11	-1.33294
1502	23	-0.459377
1502	2	-0.569638
1502	32	-0.258224
1502	621	-0.672841
1502	6	-0.452417
1502	47	-0.940983
1502	34	-0.752924
1502	74	0.54618
1503	82	-0.396546
1503	22	0.397934
1503	4	0.55855
1503	14	1.3416
1503	27	-0.431212
1503	60	0.486301
1503	27	0.432965
1503	8	-0.504388
1503	139	0.259748
1503	7	-0.445239
1503	68	0.507744
1503	19	0.39324
1504	242	-0.184371
1504	72	0.528036
1504	16	0.656426
1504	74	0.107654
1504	20	-0.370481
1505	508	0.204234
1505	354	-0.12447
1505	9	-0.528346
1505	87	1.25854
1505	1	1.0765
1505	1	-0.754439
1505	29	-1.69276
1505	1	-0.00958542
1505	16	0.0337224
1505	36	0.453234
1506	28	-0.503178
1506	2	1.19349
1506	4	0.248408
1506	14	0.3612
1506	10	1.07929
1506	78	0.0622579
1507	47	-0.885975
1507	76	-0.979646
1507	6	-0.154126
1507	3	0.205691
1507	31	-0.554524
1508	22	-0.844673
1508	42	-0.0643303
1508	59	-0.862161
1508	190	0.331494
1508	32	0.52959
1508	40	0.493413
1508	33	-0.62642
1508	47	-0.771653
1508	427	-0.413769
1508	190	-0.53869
1508	11	0.502143
1508	79	1.15146
1508	44	-0.281751
1508	275	-0.498166
1508	46	-1.44989
1508	20	-0.525659
1508	76	1.04899
1508	4	-0.130258
1508	7	0.688957
1509	247	-0.520587
1509	104	-0.853562
1509	36	0.723944
1509	33	1.07208
1509	8	-0.350869
1509	102	-0.636598
1509	37	-0.0644211
1509	0	1.51441
1509	3	0.116626
1509	737	0.105221
1509	19	-0.0714037
1510	14	-0.197082
1510	15	0.591574
1510	170	-0.425883
1510	96	-0.0357651
1510	282	0.219303
1510	74	0.587901
1510	65	-1.31662
1510	63	-0.572346
1510	17	0.232285
1510	24	-0.0941448
1510	30	-0.346143
1510	94	-1.15798
1510	13	-0.116701
1511	1321	0.22639
1511	162	-0.0289735
1511	407	-0.907162
1511	36	-0.147538
1511	43	1.28112
1511	20	-1.02691
1511	194	0.259751
1511	200	-0.122321
1511	34	0.11384
1511	310	0.126554
1511	180	0.228885
1511	31	-0.164822
1511	160	-0.884238
1511	716	-0.11567
1511	61	-1.02278
1511	210	0.594324
1512	281	-0.146925
1512	11	-0.358995
1512	51	-0.39913
1512	93	0.867176
1512	20	0.299635
1512	27	0.379807
1512	28	0.0383181
1512	14	-0.276657
1512	61	-0.933341
1512	85	-0.294092
1512	36	0.077362
1512	4	-0.588127
1513	22	0.834292
1513	23	1.28459
1513	14	0.621767
1513	24	0.372715
1513	141	-0.213718
1513	12	-1.01945
1513	27	0.434711
1513	81	-0.44011
1513	17	-0.920969
1514	10	-0.162813
1514	33	-0.0107652
1514	0	0.966822
1514	51	-1.51885
1514	206	-0.375765
1514	134	-0.469305
1515	53	0.650648
1515	39	0.794788
1515	150	-0.299468
1515	15	-0.533799
1515	18	0.100091
1515	77	0.628498
1515	75	-0.17538
1515	40	-0.969978
1516	2	0.146417
1516	2	0.941946
1516	4	-0.43593
1516	190	-0.538881
1516	5	-1.0258
1516	2	-0.822886
1516	7	0.650446
1516	6	0.109899
1516	3	1.54376
1517	89	-1.01779
1517	3	-0.712323
1517	4	-0.803879
1517	4	0.713477
1517	126	0.768256
1518	4	0.294114
1518	71	-0.447315
1518	31	-0.00634627
1518	80	-0.443414
1518	128	0.253782
1518	109	-0.542768
1518	98	-0.0512679
1518	79	0.128926
1518	12	1.30904
1518	416	-0.698335
1518	5	-1.79671
1518	17	1.03653
1518	0	0.0186657
1518	87	-1.04776
1518	16	0.604446
1518	189	-0.495834
1519	10	0.679298
1519	39	-0.288884
1519	33	1.10554
1519	10	1.00816
1519	17	-0.0497621
1519	100	-1.18289
1520	85	0.20609
1520	71	-1.1309
1520	217	-0.965964
1520	220	-0.666711
1520	405	-0.219424
1520	25	0.205645
1520	3	0.70579
1520	21	0.0460589
1520	17	1.02508
1520	11	0.238322
1520	2	-0.64491
1521	20	-0.12457
1521	63	-1.0155
1521	715	-0.403478
1521	118	0.401328
1521	167	-0.490069
1521	52	-1.08268
1521	7	0.315439
1521	43	0.390907
1521	45	-0.366771
1521	102	-0.7748
1521	772	-0.117186
1521	0	-0.34697
1521	15	-0.264767
1522	23	-1.66552
1522	39	-1.922
1522	21	-0.552022
1522	34	-0.206348
1522	23	-1.04167
1522	44	-0.518925
1522	142	0.109811
1522	0	0.0773375
1522	28	0.556613
1522	5	0.709543
1522	18	-0.0465159
1523	138	-0.502244
1523	8	0.354509
1523	63	-0.464669
1524	22	-0.150382
1524	33	0.0272602
1524	0	-0.91986
1524	11	0.891336
1524	34	0.186966
1524	186	-1.27318
1524	4	2.21579
1524	0	-1.20306
1524	69	1.42437
1524	44	-0.114158
1525	168	0.768599
1525	9	-0.699969
1525	2	-0.329024
1525	82	-0.449164
1525	26	0.242396
1525	90	0.35446
1525	5	-0.784371
1525	0	0.280685
1525	34	-0.97313
1526	1	0.660608
1526	7	-0.744027
1526	21	-0.280355
1526	9	-0.659219
1526	215	0.97897
1526	43	0.165663
1526	67	0.29564
1526	95	-0.840614
1526	65	1.19613
1526	115	-0.282578
1526	78	-0.866312
1526	86	0.724875
1527	4	-0.210516
1527	2	-1.7316
1527	27	0.86054
1527	71	0.250429
1527	335	-0.722044
1527	7	1.21907
1527	63	-0.656094
1527	49	0.514649
1527	14	0.505211
1528	303	-0.617271
1528	5	0.734403
1528	45	0.632442
1528	1	-0.923909
1528	14	0.0375663
1528	91	0.761924
1529	252	0.876399
1529	3	0.635832
1529	14	-0.845279
1529	28	-1.89444
1529	6	0.754248
1529	45	-2.09751
1529	10	-0.0986741
1529	3	-0.592426
1529	14	-0.358867
1530	16	0.406383
1530	350	-0.26502
1530	115	-1.23642
1530	93	0.209511
1530	1	-0.0573173
1530	107	-0.528255
1530	44	-2.31852
1531	7	-0.0549547
1531	55	-0.0986497
1531	9	0.0111529
1532	8	1.09639
1532	13	1.4711
1532	4	-0.261114
1532	33	-0.3214
1532	126	0.721222
1532	83	-0.126973
1532	0	0.303072
1532	82	-0.660454
1532	25	-0.5377
1532	84	-0.722277
1532	20	-0.525573
1532	324	-0.660633
1532	1	-1.73069
1533	41	-0.650702
1533	23	-0.529562
1533	145	0.267246
1533	34	0.845
1533	11	-0.128837
1533	15	-1.6701
1533	65	-0.1217
1533	42	-0.694109
1533	773	0.477595
1533	5	0.207567
1533	1189	0.32201
1534	6	1.11507
1534	75	-1.2555
1534	14	1.85389
1534	32	-0.120855
1534	5	0.646863
1534	22	0.716681
1534	15	-1.64663
1534	27	-0.050663
1534	4	-0.839873
1534	57	0.148629
1534	17	0.82681
1534	40	0.576987
1534	386	-0.812729
1534	111	-0.594469
1535	39	1.10201
1535	19	0.730217
1535	159	-0.801272
1535	14	0.761028
1536	27	0.253584
1536	88	-0.341894
1536	65	0.145629
1536	22	-0.343474
1536	66	-1.4584
1536	171	1.02196
1536	19	0.932326
1536	46	-0.585295
1536	43	-0.297453
1536	0	0.502177
1536	24	0.161663
1536	25	1.00967
1536	31	0.634617
1537	4	0.474441
1537	4	-0.167847
1537	33	1.17867
1537	25	0.495511
1537	20	-0.725834
1537	17	0.566842
1537	24	0.518091
1537	50	1.62894
1537	5	-1.54182
1537	21	1.3057
1538	94	0.551695
1538	6	0.942481
1538	204	0.274699
1538	10	0.372955
1538	10	1.34334
1538	15	0.0937098
1538	39	-0.0580726
1538	20	0.399395
1538	66	-0.875828
1539	50	-0.46217
1539	173	-0.103911
1539	37	0.810604
1539	60	0.222267
1539	311	-0.590197
1539	16	-0.952614
1539	6	1.93403
1539	0	1.57753
1539	13	0.227118
1539	31	0.64664
1540	21	-1.07667
1540	0	-0.242527
1540	16	0.810154
1540	66	0.956034
1540	277	0.63486
1540	50	1.25681
1540	45	0.112441
1540	5	0.468601
1541	4	-1.33472
1541	29	-0.155761
1541	178	0.10498
1541	22	0.498499
1541	234	0.215687
1541	59	-0.301335
1541	30	-1.45423
1541	10	-0.433381
1541	7	-0.104254
1541	14	-1.42905
1541	114	-0.105307
1542	3	-1.04184
1542	3	0.272582
1542	17	-0.661595
1543	9	-0.958772
1543	64	-1.24697
1543	37	0.884554
1543	32	0.864517
1543	116	1.02715
1543	32	0.312384
1543	546	0.235977
1543	214	0.290741
1543	245	0.453871
1543	99	0.461342
1543	3	-0.484376
1543	0	-0.29465
1544	21	-0.330274
1544	22	-0.830227
1544	116	0.929666
1544	33	0.205981
1544	20	0.919873
1544	35	-0.873008
1544	9	-0.0757357
1544	108	0.317461
1544	86	-0.799539
1544	38	-0.368345
1544	14	0.23057
1544	8	1.44718
1545	17	1.36774
1545	13	-0.645645
1545	82	-0.425856
1545	90	0.92381
1545	315	0.280452
1545	19	-0.367078
1545	43	-0.27973
1545	108	-0.125704
1545	122	0.336529
1546	18	0.465257
1546	10	-1.34078
1546	28	-0.958531
1546	88	-1.3843
1546	19	-1.51837
1546	7	-0.675151
1546	14	-0.81329
1547	6	-0.697248
1547	13	0.0236539
1547	58	0.0747015
1547	10	0.85773
1547	10	-1.13879
1547	10	1.46041
1548	9	-1.36572
1548	2	0.496109
1548	73	0.230532
1548	102	-1.2427
1548	50	-1.4222
1548	193	-0.00106449
1548	27	-0.14183
1548	5	0.42247
1548	0	-0.584369
1548	5	1.08494
1548	25	-0.812189
1549	32	-0.574441
1549	6	-0.967397
1549	12	0.0570999
1549	14	0.491547
1549	608	-0.00363858
1549	100	-0.104944
1549	24	0.215592
1550	40	1.87141
1550	300	-0.335165
1550	15	-1.45543
1550	63	0.985821
1550	119	1.776
1550	12	0.522584
1550	49	0.163233
1551	154	-0.872599
1551	224	-0.828461
1551	8	-1.89092
1551	63	0.11494
1551	243	-0.386524
1551	185	-0.180082
1551	978	0.488658
1551	24	-1.36838
1551	7	-0.151257
1551	25	0.518715
1552	68	0.202421
1552	31	-1.15306
1552	39	-0.594014
1552	306	0.0186249
1552	17	-0.422595
1552	43	-1.59888
1552	3	1.47011
1552	0	-0.735879
1553	227	-0.0962624
1553	123	1.11236
1553	140	-0.0873837
1553	185	-0.672195
1553	7	0.0625191
1553	104	0.798189
1553	60	-0.851044
1553	47	-0.108377
1553	1586	-0.077526
1553	264	0.197594
1553	44	-0.221671
1553	31	-0.585562
1553	50	0.166127
1553	33	-0.944397
1553	72	1.37318
1553	525	-0.301405
1553	164	0.367586
1553	39	1.61011
1553	6	0.148173
1554	16	0.0570483
1554	196	-0.492191
1554	1	0.237992
1554	38	-0.70294
1554	31	1.2126
1554	12	-0.137451
1554	32	-0.518877
1554	7	0.405605
1554	50	1.05109
1554	46	0.200145
1554	31	1.39026
1554	151	-0.501042
1554	43	0.0694141
1554	9	-0.405012
1554	9	-0.917675
1554	21	0.743744
1554	295	-0.202679
1555	24	-1.33156
1555	6	-1.02464
1555	2	-0.774996
1556	23	0.448186
1556	5	0.97754
1556	28	0.742849
1556	20	0.261336
1556	30	-1.31469
1556	54	-0.496419
1556	63	-1.01092
1556	93	0.616238
1557	4	0.0977984
1557	17	0.232423
1558	26	0.879297
1558	9	-0.758327
1558	13	1.01653
1558	110	0.0451286
1558	19	-0.146411
1558	17	0.515817
1558	19	-0.780774
1558	17	0.373944
1558	15	0.274628
1558	7	-1.58487
1559	48	0.557072
1559	87	-0.0891489
1559	19	0.245895
1559	1	0.00910871
1559	136	-0.221806
1559	1299	-0.515303
1559	257	0.459058
1559	67	0.675371
1559	7	0.272446
1559	9	1.95559
1559	6	0.418121
1559	27	-2.3259
1560	436	-0.23808
1560	8	-0.702085
1560	9	-1.5918
1560	9	-1.10384
1560	7	-0.371527
1560	35	0.622251
1560	11	1.41776
1560	549	-0.757446
1560	609	0.373113
1560	4	0.911717
1560	42	-0.110996
1560	19	1.07833
1561	5	-0.340917
1561	103	-0.0028565
1561	52	0.371179
1561	49	1.13337
1561	19	1.29815
1561	16	-0.708658
1561	9	-0.312787
1561	19	-0.39865
1562	64	-0.472106
1562	30	-0.800497
1562	16	-0.264255
1562	48	-0.392042
1562	23	-0.485023
1562	192	-1.13141
1562	77	-0.295067
1562	26	1.04021
1562	1	-0.290685
1562	4	-0.0824907
1562	278	-0.184118
1562	495	-0.446698
1562	257	0.106335
1562	384	0.563728
1563	26	0.164829
1563	45	0.269781
1563	3	-0.240235
1563	10	-0.738819
1563	37	1.17607
1563	119	0.808553
1563	108	0.286322
1563	88	0.125633
1563	63	-0.694679
1563	0	0.838825
1564	153	-0.38339
1564	8	0.0176806
1564	4	-0.222409
1564	26	0.316089
1565	488	0.313346
1565	82	0.759037
1565	187	-0.953984
1565	89	-0.205807
1565	2	-0.702883
1565	114	1.15618
1565	222	0.84648
1566	29	-0.698738
1566	117	-0.36808
1566	3	-0.187974
1566	54	-1.68988
1566	1	1.67255
1566	13	-0.114177
1566	33	0.467017
1566	72	0.707549
1566	25	-0.877109
1566	47	0.247412
1566	11	0.302697
1566	49	-0.229151
1567	4	-0.414243
1567	46	0.383045
1567	16	0.318271
1567	3	-0.095884
1567	50	0.841594
1567	247	0.211554
1567	1048	0.201918
1567	11	1.97517
1567	14	1.00387
1567	7	-0.107983
1567	245	-0.369963
1567	37	-0.09651
1567	42	0.988133
1568	18	-0.52029
1568	118	-0.365562
1568	1	1.72284
1568	52	-1.08369
1568	3	0.277518
1568	35	0.537062
1568	12	0.630237
1569	8	-1.19468
1569	36	-0.645371
1569	2	0.253311
1569	303	0.319403
1569	88	0.813365
1569	12	0.465429
1569	53	-0.258297
1569	14	0.604078
1569	272	-0.596448
1569	13	-0.972223
1569	104	0.491157
1569	167	0.418848
1569	5	0.809964
1570	1	0.0686741
1570	6	0.368729
1570	45	-0.986911
1570	27	0.727198
1570	668	-0.0679502
1570	71	1.15122
1570	94	0.103968
1570	18	0.497673
1570	212	0.220743
1570	137	0.790039
1570	71	-0.288033
1571	40	0.045514
1571	42	-0.267023
1571	11	0.165495
1571	39	1.0656
1571	159	-1.44185
1571	12	-1.32449
1571	529	-0.276821
1571	122	-0.271368
1571	15	-1.87547
1571	92	-0.441072
1571	7	-0.196422
1571	1	-1.17304
1571	315	-0.673164
1571	24	1.48495
1571	13	1.0402
1572	36	0.369247
1572	3	3.34288
1572	189	-0.0578383
1572	119	-0.748621
1573	65	0.763875
1573	2	-0.121557
1573	25	1.08216
1573	8	-1.09443
1573	68	1.24969
1573	108	-0.891343
1573	2	-0.847802
1573	84	-0.235423
1573	8	1.43941
1573	19	0.907629
1573	517	0.380714
1573	36	-0.183555
1573	45	0.843475
1573	22	0.447724
1574	17	0.154845
1574	22	0.765209
1574	11	0.818005
1574	16	-0.0716109
1574	17	1.66649
1574	59	1.05836
1574	755	-0.141782
1574	63	0.693055
1574	128	-0.858565
1574	641	0.153412
1574	13	0.419895
1574	29	-1.32636
1574	69	0.370743
1574	11	0.0384805
1575	38	-0.313686
1575	11	-0.293117
1575	2	0.0545478
1575	232	-0.405975
1575	7	-1.31682
1575	1	0.916882
1576	16	-0.644149
1576	745	0.0314333
1576	16	0.582352
1576	12	-0.665573
1576	32	0.883411
1576	6	-0.285213
1577	31	-0.548166
1577	24	-0.108213
1577	494	-0.448033
1577	64	-0.636047
1577	40	-1.21698
1577	158	-1.09307
1577	10	-0.803652
1577	380	-0.289741
1577	177	-0.0090332
1577	1	-0.831118
1577	11	0.220034
1577	106	-0.15394
1577	48	0.639784
1578	219	0.938836
1578	23	1.23944
1578	77	1.51048
1578	82	-0.398599
1578	1	-0.0601112
1578	10	-0.609848
1578	5	-1.72858
1578	61	0.0687036
1578	31	-0.0931638
1578	42	0.434417
1578	17	-0.951579
1578	0	0.383704
1578	43	0.699322
1578	0	-0.515463
1578	9	0.120322
1578	29	0.266153
1578	45	-1.04609
1578	96	-0.122779
1578	36	-1.01855
1578	20	0.388789
1578	50	0.128369
1579	5	-1.25402
1579	2	-0.905542
1579	38	0.946116
1579	6	-0.140955
1579	21	1.26874
1579	81	0.391935
1580	203	-0.0332853
1580	42	-0.54417
1580	26	0.663902
1580	21	-1.29244
1580	0	0.165977
1581	120	0.142155
1581	202	0.885817
1581	17	0.0613899
1581	75	0.932307
1581	40	-0.0364352
1581	3	0.500429
1581	267	-0.415499
1581	21	1.16364
1581	33	0.563458
1582	22	1.74704
1582	23	0.734756
1582	86	-0.0376839
1582	24	-2.16793
1582	71	0.747506
1582	13	1.70226
1582	7	0.546294
1582	56	-0.279239
1582	77	-0.491073
1582	12	0.511628
1582	147	-0.573358
1582	92	-0.716729
1582	24	-1.05248
1582	347	-0.15547
1582	68	-0.342337
1582	11	-0.545658
1582	24	-0.193941
1583	1	-0.12005
1583	13	2.11323
1583	66	0.123406
1583	57	0.0631792
1583	21	0.750651
1583	58	2.03919
1584	4	-0.821059
1584	53	-1.47564
1584	38	1.53142
1584	10	-1.22628
1584	7	-2.10893
1584	22	1.95527
1584	32	-0.337505
1584	9	0.502391
1584	4	0.264552
1584	12	-0.0790782
1584	42	0.462415
1585	31	0.384932
1585	2	0.702069
1585	24	0.272686
1585	35	-0.323892
1585	42	0.616125
1585	23	-0.835889
1585	42	-0.63493
1585	50	0.14849
1586	25	2.53953
1586	16	-0.160563
1586	51	-0.340399
1586	256	0.0743764
1586	25	0.92063
1587	41	0.0528261
1587	48	-0.579047
1587	2	0.15205
1587	165	-0.220979
1587	48	0.622233
1587	226	0.0859704
1587	0	-0.868993
1587	218	-0.664411
1587	227	-0.153267
1587	19	0.428179
1587	162	-0.187344
1587	0	0.220863
1587	3	0.262311
1587	4	-0.456228
1588	9	1.01685
1588	89	-0.771799
1588	123	0.444959
1588	4	-0.672813
1588	7	1.262
1588	3	0.101118
1588	14	-0.404689
1588	16	1.14505
1588	7	0.606391
1588	5	0.017755
1589	26	-0.95611
1589	5	-1.58368
1589	120	-0.288654
1589	2	-0.318802
1590	68	-0.614574
1590	25	-0.953089
1590	86	-0.179052
1590	39	0.726021
1590	9	-1.4619
1590	19	-0.444735
1591	1	-0.676679
1591	4	-0.392702
1591	11	0.181568
1591	0	-0.610652
1592	127	0.410835
1592	6	1.07717
1592	7	-0.927354
1592	14	-0.420512
1592	6	-1.66464
1592	8	-0.343876
1593	260	0.453116
1593	239	-0.038717
1593	216	0.497971
1593	6	-0.807208
1593	3	-2.08961
1593	192	0.433624
1593	19	-0.044601
1593	3	-1.44592
1593	25	0.286031
1593	214	0.157129
1593	13	-0.253697
1593	8	-0.719864
1593	23	0.00766602
1593	1044	0.134052
1593	1928	0.114095
1593	21	0.536982
1594	51	-0.330234
1594	3	0.740203
1594	129	0.169565
1594	11	1.21995
1594	68	0.714265
1594	51	1.06858
1594	39	0.558811
1594	179	0.336663
1594	290	-0.510993
1594	24	-0.00155146
1594	40	-0.843292
1595	19	-0.509321
1595	40	1.0827
1595	18	-1.41467
1595	42	-1.19499
1595	23	1.01245
1595	25	0.226703
1595	55	0.200805
1595	2	-2.71256
1595	4	0.538034
1595	125	0.696303
1596	218	-1.16268
1596	17	1.4001
1596	533	-0.856975
1596	329	-0.0535288
1596	149	0.935112
1596	69	0.687238
1596	10	-0.720169
1596	75	0.570228
1596	47	0.0605734
1596	322	0.257973
1596	12	-1.58081
1597	14	-0.210469
1597	188	0.22302
1597	277	-0.97496
1597	13	-1.63719
1597	359	-0.890803
1597	75	0.598523
1597	27	-0.0810243
1597	5	-1.17985
1597	36	-0.207744
1598	1	0.827708
1598	53	-0.348205
1599	0	-0.989695
1599	2	-0.362375
1599	87	0.222385
1599	30	-0.0157784
1599	3	-0.980095
1599	0	0.028551
1599	2	-0.362044
1600	216	0.108902
1600	2	1.11642
1600	1	-0.621083
1600	2	-1.31749
1600	24	-0.974028
1600	0	-0.165565
1600	59	-1.8456
1600	12	-0.0774786
1600	70	1.12388
1600	185	-0.360833
1600	28	-0.015181
1600	4	-0.12907
1600	7	1.72254
1600	11	0.203369
1601	65	0.567597
1601	4	-0.541276
1601	138	-0.64228
1601	6	0.494939
1601	0	-1.84617
1601	32	-0.389173
1601	72	0.265126
1601	24	1.38338
1601	83	0.222838
1601	66	0.420932
1602	20	1.08341
1602	67	0.432806
1602	5	-0.227313
1602	5	0.193856
1602	65	-0.32219
1602	22	-0.513113
1602	25	-0.283331
1602	24	-0.300941
1602	166	-0.502394
1602	2	-1.10324
1602	1	-0.416188
1602	160	-0.812258
1602	145	0.557589
1602	51	-1.1972
1602	4	-0.260812
1603	33	1.55089
1603	24	-0.191756
1603	9	-0.400718
1603	9	-0.0875196
1603	83	0.320387
1603	47	1.49009
1603	60	-0.0414205
1603	13	0.0801697
1603	59	-0.463383
1603	39	0.669698
1603	102	0.564611
1603	1	1.04245
1604	31	0.516861
1604	56	-1.15618
1604	94	-1.52713
1604	160	0.0337612
1604	35	0.207
1604	83	-0.631349
1604	65	-0.745319
1604	51	-1.26024
1604	39	-0.34438
1604	17	0.417777
1604	62	0.545237
1604	228	-0.0449105
1604	5	-0.354733
1604	13	1.28909
1604	10	-1.06972
1604	105	-0.245221
1604	18	0.246115
1604	19	0.245991
1604	23	-1.07112
1604	9	0.668615
1604	34	0.276249
1605	50	-0.657746
1605	41	0.204887
1605	3	-0.108872
1605	63	-1.22421
1605	21	-1.51555
1605	45	0.18074
1605	1	-0.615163
1605	34	0.677452
1605	3	0.793564
1605	106	-0.996997
1606	13	-0.243521
1606	108	0.745384
1606	21	-0.859873
1606	116	-0.285455
1606	52	-0.871091
1606	652	-0.658867
1606	209	-0.617465
1606	53	0.796382
1606	16	1.01837
1606	315	-0.700902
1607	0	-0.220058
1607	223	-0.761557
1607	10	0.359116
1608	20	-0.301334
1608	137	0.78426
1608	0	0.0940964
1608	59	0.758001
1608	29	-1.74653
1608	35	-0.719757
1608	9	-0.441994
1609	2	-1.10167
1609	77	0.357251
1609	17	0.398142
1609	8	-0.314231
1609	368	-0.539016
1609	13	0.594498
1609	15	0.569541
1609	82	0.592345
1609	81	-0.418956
1609	16	1.07373
1609	236	0.0769839
1610	47	-0.114247
1610	28	-0.257491
1610	4	-0.696379
1610	261	-0.259711
1610	412	-0.380338
1610	45	-1.02551
1610	20	1.54392
1610	1	-1.89797
1611	6	-1.03115
1611	108	0.208664
1611	7	0.10992
1611	9	0.49919
1611	168	-0.0684938
1611	272	-0.971215
1611	2	0.679149
1612	11	-0.916458
1612	1	-1.86921
1613	7	0.548283
1613	1	-0.403903
1613	20	0.331481
1613	26	1.24538
1613	130	0.395237
1613	45	-2.40699
1614	120	-0.0377647
1614	80	0.511774
1614	46	0.112182
1614	21	-0.0169823
1614	0	0.410874
1614	9	0.927568
1614	0	0.790921
1614	50	0.698124
1614	35	0.721196
1614	3	0.674091
1614	221	-0.0905969
1614	172	0.416704
1614	0	0.261464
1615	20	0.530453
1615	3	0.885098
1615	90	-0.0423432
1615	3	-0.194524
1615	7	0.487881
1615	21	0.221591
1615	7	1.38626
1615	22	0.71843
1615	67	-1.10536
1616	22	-0.256822
1616	20	-0.405876
1616	0	-0.646565
1616	39	0.221583
1616	2	0.358771
1616	193	-0.547942
1617	50	0.437693
1617	12	-0.20896
1617	52	-1.18087
1617	2	0.451157
1617	299	-0.802363
1618	28	0.344167
1618	55	-0.406695
1618	77	-0.926108
1618	30	0.0602555
1618	280	0.168624
1618	111	-0.151125
1618	183	0.345182
1618	58	0.137171
1618	65	0.752807
1618	24	0.817534
1618	475	0.00490256
1618	19	0.777567
1618	48	0.111814
1618	90	0.63103
1618	161	0.477121
1618	18	0.684291
1618	8	0.16981
1618	140	0.799864
1618	20	0.174501
1618	24	-1.27562
1618	991	0.313873
1619	17	1.87223
1619	80	-1.06936
1619	3	1.43082
1619	17	-0.652317
1619	76	-1.1672
1619	5	1.58309
1619	0	1.03788
1619	53	0.365538
1619	15	-1.48318
1619	104	0.0493567
1619	17	-0.492124
1620	4	0.648359
1620	98	1.19349
1620	191	0.839955
1620	200	0.0983642
1620	7	0.121255
1621	92	0.0136117
1621	60	-0.149129
1621	22	1.31965
1621	9	1.7335
1621	12	-0.173249
1621	4	0.750523
1621	2	1.68816
1621	25	-0.703529
1622	119	-0.322712
1622	32	1.16016
1622	58	-0.0949833
1622	21	-0.94059
1622	151	0.653732
1622	127	0.591957
1622	10	0.885248
1622	17	0.438747
1623	289	-0.4717
1623	6	-0.393702
1623	66	-0.667493
1623	111	-0.30408
1623	112	-1.05753
1623	32	1.50404
1623	127	1.13589
1624	90	0.120331
1624	5	1.10805
1624	19	-0.266919
1624	15	-0.43153
1624	57	0.31087
1624	7	-0.7166
1625	18	1.1534
1625	228	-0.700282
1625	20	1.02541
1625	43	0.13663
1625	56	-1.19505
1626	26	0.231449
1626	8	-1.54913
1626	97	-0.0691487
1626	229	0.257527
1626	9	-0.273007
1626	22	-0.439699
1626	29	0.714841
1626	27	-1.82743
1626	58	0.204372
1626	79	0.201545
1626	20	-0.0861526
1626	198	0.404287
1626	26	0.763197
1627	209	0.410986
1627	3	-0.190494
1627	106	-0.590164
1627	63	0.567615
1627	26	0.354319
1627	72	-0.711335
1627	39	-0.321026
1627	61	0.074417
1628	31	-0.156797
1628	54	0.683006
1628	113	0.52027
1628	2	1.0671
1628	436	0.0228322
1628	1	-0.317407
1628	110	-0.400968
1628	93	-0.782349
1628	206	0.760157
1628	105	-0.173538
1628	0	-0.612043
1628	0	0.346258
1629	17	0.945959
1629	29	0.389789
1629	20	1.51764
1629	81	-0.0908841
1629	98	0.670311
1629	40	-1.74467
1629	133	-0.928732
1629	13	0.44697
1629	20	1.81385
1629	105	-0.0278565
1629	62	1.78853
1629	1108	-0.133449
1629	739	-0.319985
1629	6	-2.81698
1630	99	0.0564837
1630	5	-0.76918
1630	21	0.771462
1630	134	-0.709617
1630	65	1.10088
1630	66	0.753387
1630	281	-0.514424
1630	7	-0.365361
1630	21	-0.723697
1630	26	0.0548832
1630	22	0.725895
1631	4	-1.92098
1631	2	1.78008
1631	37	-0.987875
1631	20	0.863046
1631	84	-0.501195
1631	54	-0.507438
1631	1	0.252214
1631	32	-1.64084
1631	18	-1.31697
1631	25	-0.776177
1632	27	-0.281175
1632	151	-0.946044
1632	87	0.43561
1632	11	1.66109
1632	65	-0.404567
1632	619	0.861316
1632	16	-0.176614
1632	56	-1.08718
1632	28	0.354722
1632	263	-0.229564
1632	202	0.503885
1632	274	-0.316187
1632	12	-1.12626
1632	5	0.434931
1632	21	-0.264278
1632	49	1.20506
1633	81	0.339227
1633	4	-1.38282
1633	4	-0.358207
1633	59	0.411153
1633	129	-0.344236
1633	13	-0.160966
1633	105	0.0859813
1633	95	0.871093
1633	0	-0.271135
1633	36	-0.103763
1634	20	-0.306054
1634	6	1.05015
1634	116	-1.08267
1634	9	0.116906
1634	572	0.65647
1634	4	-0.255112
1634	60	-1.48612
1634	143	-0.274265
1634	116	-0.581161
1634	13	0.494416
1634	307	0.191977
1635	11	1.26777
1635	20	-0.397844
1635	15	0.150976
1635	149	1.40392
1635	218	0.0826983
1635	493	-0.372461
1635	18	0.214086
1635	50	-0.694814
1635	52	1.23745
1636	9	-0.28853
1636	0	-0.738215
1636	34	0.280445
1636	272	-0.0172608
1636	41	0.0873111
1636	10	0.572285
1636	23	0.503305
1636	54	-0.347859
1636	17	0.884338
1636	406	0.20907
1637	84	0.118592
1637	39	0.321139
1637	3	-1.80442
1637	40	-1.01399
1637	9	0.322532
1637	23	0.181974
1637	422	-0.0600686
1637	360	0.729779
1637	19	0.486022
1638	51	-0.336592
1638	154	0.627429
1638	112	0.746631
1638	30	1.67686
1638	18	-0.777249
1638	137	0.472936
1638	65	-0.935147
1638	32	-1.06036
1638	23	-1.11499
1638	78	-1.54168
1639	66	0.0508241
1639	35	-0.62314
1639	7	0.126254
1639	129	0.0581497
1639	21	-1.0763
1639	19	-0.548358
1639	3	0.324841
1639	46	0.897889
1640	11	0.534768
1640	270	-0.54645
1640	211	-1.09017
1641	51	0.442002
1641	37	0.717332
1641	583	-0.358256
1641	23	-0.326317
1641	46	-1.68323
1641	67	-0.634221
1641	49	-0.586723
1641	17	0.236794
1641	23	-1.07453
1641	3	1.6878
1641	288	-0.450257
1641	32	0.654789
1642	36	0.426219
1642	69	0.591691
1642	19	-0.635023
1642	14	-0.222163
1642	2	0.654144
1642	27	0.643091
1642	150	-0.740075
1642	18	-0.368907
1642	8	0.48806
1642	25	-0.312565
1643	73	-0.56053
1643	25	-1.76146
1643	9	-0.994639
1643	18	-0.61468
1643	44	0.75756
1643	20	1.69196
1643	14	-0.287117
1643	27	0.302782
1643	49	-0.539361
1644	71	-0.209289
1644	87	-0.110648
1644	29	0.857735
1644	72	-0.0750661
1644	19	0.649091
1644	4	-1.58992
1644	261	-1.10899
1644	15	-0.541188
1644	356	0.384669
1645	5	-0.35672
1645	62	0.590306
1645	9	1.40736
1645	30	-0.113885
1646	1	-0.0554761
1646	129	-0.159737
1646	21	-0.089249
1646	129	-0.617675
1646	135	-0.846473
1646	20	-1.5725
1646	45	0.0477708
1646	8	0.101327
1646	53	-1.06559
1646	22	0.244717
1646	168	-0.633105
1646	215	-0.524437
1647	389	-0.419017
1647	311	-0.160753
1647	20	-1.36602
1647	2	0.439429
1647	3	1.2519
1647	43	-0.253561
1647	31	-0.770716
1647	100	1.06202
1647	12	0.0223243
1647	78	-0.846917
1648	15	-0.151814
1648	15	-0.932982
1648	16	-1.39428
1648	25	-1.21363
1649	1	0.626709
1649	36	-1.1597
1649	36	-0.081601
1649	84	-0.331211
1649	94	-0.140745
1649	6	-1.13117
1649	46	-0.259995
1649	53	-0.141128
1649	13	1.13111
1649	14	0.204351
1649	32	-1.67516
1649	102	-0.93245
1649	34	-0.0760524
1649	9	-0.233862
1650	5	-0.323773
1650	69	0.363501
1650	6	1.38914
1651	12	0.660589
1651	55	0.661267
1651	297	1.07045
1651	43	0.12268
1652	1	-0.411015
1652	59	-0.040395
1652	121	-0.443658
1652	80	1.00115
1652	32	-1.47016
1652	2	0.256814
1652	24	0.762082
1652	37	-1.21822
1652	104	-1.26187
1652	403	0.425075
1652	67	0.824103
1652	56	0.242862
1653	8	-0.437591
1653	16	-1.08838
1653	47	-1.01969
1653	29	-0.469542
1653	55	-0.683762
1653	20	0.100041
1653	42	1.28808
1653	10	-0.52144
1653	228	-0.548794
1653	9	-1.04765
1654	41	0.349511
1654	8	0.952529
1654	88	-0.453768
1654	22	-2.10309
1654	224	0.0740107
1654	33	0.556324
1654	14	1.3018
1654	148	0.835306
1654	129	0.504076
1654	97	1.07235
1654	3	-1.67078
1654	9	-1.71584
1654	31	0.564756
1655	13	0.356902
1655	24	1.46297
1655	1	1.82204
1655	18	1.13249
1655	7	-0.179106
1655	24	0.881218
1655	56	-0.128216
1655	5	-0.238933
1655	3	-0.51437
1655	225	0.262077
1655	139	-0.48364
1656	9	0.427445
1656	7	-1.01325
1656	4	1.20054
1656	254	0.854583
1656	3	0.0797033
1656	160	-0.189788
1656	47	1.03389
1656	18	1.60794
1656	23	0.194964
1657	121	-0.406232
1657	0	1.27933
1657	39	0.289448
1657	76	0.131956
1657	37	0.717403
1657	7	-0.623342
1658	26	-0.645701
1658	1359	-0.506441
1658	10	1.17211
1658	14	-0.190679
1658	41	0.503388
1658	79	1.05678
1659	28	0.021915
1659	24	0.0752469
1659	33	0.318017
1660	81	0.257914
1660	20	-1.4823
1660	20	0.047671
1660	112	-0.48029
1660	0	-0.553125
1660	14	-0.554458
1660	7	1.9353
1660	7	-0.360489
1660	15	0.104987
1660	2	-0.951152
1661	25	-0.0804549
1661	39	0.29637
1661	49	-0.355967
1661	3	0.968557
1661	6	1.4346
1661	2	0.0574937
1661	10	1.73723
1661	237	0.142338
1661	15	0.794154
1661	6	0.939669
1661	74	1.41277
1661	0	-1.75093
1662	65	1.10997
1662	1	0.196515
1662	20	-0.659186
1662	79	0.0913681
1663	24	-2.13617
1663	87	0.445735
1663	17	0.0847047
1663	135	-0.3558
1663	152	-0.23991
1663	110	1.2074
1663	138	0.288129
1663	146	-0.43624
1664	52	-0.367413
1664	248	-0.0378814
1664	168	-0.518774
1664	18	-0.0281175
1664	94	1.31447
1664	126	-0.925473
1664	11	0.860065
1664	18	-1.89063
1664	19	1.66201
1664	6	-0.401909
1664	21	0.249758
1664	9	0.498872
1664	16	-0.687059
1665	1000	0.0747159
1665	101	0.239995
1665	100	-0.220698
1665	55	1.50563
1665	131	0.040854
1665	534	-0.581522
1665	350	0.5616
1665	73	0.0973216
1665	15	-0.0535847
1665	20	-0.526765
1665	78	0.161031
1665	43	-1.56035
1665	66	0.246485
1665	219	-0.712106
1665	184	0.930076
1665	22	0.606417
1665	8	0.827696
1665	91	-0.974607
1665	7	1.45707
1666	29	0.192341
1666	8	1.35527
1666	41	0.473793
1666	72	1.07277
1666	132	0.290162
1666	348	0.0996638
1666	281	0.210711
1666	11	-0.0500461
1666	1	0.911256
1666	9	0.615088
1666	47	-0.536695
1667	49	-0.667768
1667	1	1.33073
1667	576	-0.333836
1667	26	-0.702324
1667	33	0.483287
1667	1	1.6045
1667	45	-0.498498
1667	7	-0.953131
1667	8	1.29651
1667	23	1.02692
1667	34	-0.954932
1668	212	-0.377928
1668	23	-0.846155
1668	7	0.545657
1668	4	-1.44394
1668	95	0.9045
1668	156	-0.138143
1668	979	0.10807
1669	68	0.0864821
1669	78	0.181065
1669	37	-0.392181
1669	148	0.254977
1669	132	0.340264
1669	980	-0.106076
1669	23	1.3263
1669	137	-0.555781
1669	4	0.116758
1669	5	0.133462
1669	25	-1.04105
1670	64	0.316124
1670	59	0.327482
1670	99	0.273358
1670	5	-0.0403878
1670	3	-0.629223
1670	1	-0.569924
1670	59	-0.228688
1670	18	0.129509
1670	30	-0.0323442
1670	57	-0.771485
1671	20	0.887778
1671	15	-0.309034
1671	51	-0.127564
1671	4	0.157654
1671	11	0.250981
1671	2	1.21448
1671	29	0.0986795
1671	25	0.634853
1671	19	0.639973
1671	16	-1.3495
1671	15	-0.414904
1671	452	0.0138951
1671	37	0.0379883
1671	12	-1.36748
1671	70	-0.991563
1671	3	0.450141
1671	190	0.754065
1671	73	0.887154
1672	5	-0.13344
1672	16	0.416729
1672	175	0.197727
1672	252	0.678603
1672	15	-0.442628
1672	18	0.893524
1672	51	-0.36839
1672	184	0.888467
1672	26	-0.264494
1672	0	-1.22911
1672	44	-0.794641
1673	18	1.55172
1673	0	-1.14937
1673	0	0.6175
1674	11	0.657129
1674	102	-0.219381
1674	13	-0.537008
1674	34	0.051184
1674	239	-0.10192
1675	46	0.654383
1675	2	-1.46788
1675	95	0.384402
1675	7	1.54057
1675	104	-0.615206
1675	4	-0.0525485
1675	13	-1.3482
1675	16	-0.494755
1675	104	-0.78017
1675	9	-1.33192
1675	2	0.323677
1675	83	-0.875462
1676	882	-0.0903058
1676	109	0.319473
1676	7	0.153072
1676	41	-1.16642
1676	34	-1.62902
1676	256	-0.699841
1676	53	0.301667
1676	49	0.563721
1676	109	-1.26396
1676	154	0.228805
1676	47	0.95901
1676	559	-0.0440128
1676	3	0.776808
1676	54	0.482402
1676	43	0.942275
1676	606	0.211891
1676	145	0.263944
1676	65	-0.147621
1676	8	-1.60074
1676	13	-0.115418
1677	131	0.767194
1677	563	0.63686
1677	0	1.35947
1677	85	0.561642
1677	79	-0.070389
1677	6	-1.27081
1677	66	-0.215377
1677	53	-0.896729
1678	32	-0.115931
1678	74	1.70884
1678	70	-0.862784
1678	46	-0.661979
1679	5	-0.266028
1679	67	0.00129101
1679	60	0.0547059
1679	68	0.108466
1679	42	0.184798
1679	43	0.650395
1679	27	0.880567
1679	29	0.940183
1679	161	-0.0313479
1679	61	-0.0463323
1679	6	-1.8398
1679	18	-0.653912
1680	12	-1.00138
1680	55	-0.492256
1680	17	1.01023
1680	914	-0.279303
1680	88	0.358617
1680	19	0.137872
1680	3	1.34022
1680	33	-1.34447
1680	6	-0.633643
1680	85	-0.740383
1680	97	-0.51723
1680	107	-0.454904
1680	0	-1.58006
1681	8	-0.374826
1681	26	-0.984864
1681	47	0.917132
1681	47	-0.228968
1681	34	0.766033
1681	66	0.351004
1681	1	-0.427383
1681	26	-0.327299
1681	37	-1.3772
1681	0	-0.113807
1681	13	-0.420272
1681	15	0.386785
1681	31	-0.0889829
1681	6	1.10379
1681	5	-0.0613333
1681	138	1.55434
1682	15	-0.694639
1682	16	-0.798563
1682	74	-0.317325
1682	12	0.510138
1682	5	0.130762
1682	11	-1.62191
1682	12	0.0367307
1682	59	-1.21855
1682	11	-0.876077
1683	1697	-0.156763
1683	146	-0.261948
1683	48	-0.690415
1683	39	0.773895
1683	30	0.706664
1683	46	0.749541
1683	15	-1.06821
1683	6	1.2182
1683	48	-0.0636388
1683	0	0.133141
1683	39	0.301046
1684	70	-0.389081
1684	51	0.668361
1684	1	-0.0936133
1684	27	-0.0108476
1684	2	0.3006
1684	19	-1.40056
1685	17	0.00640308
1685	36	-0.0805809
1685	973	-0.612376
1685	75	-0.528779
1685	1	1.76349
1685	9	-0.297512
1685	49	-0.529225
1686	6	-0.671924
1686	16	-0.119225
1686	19	-0.649716
1686	36	-0.491655
1686	3	-0.810606
1686	27	-1.17912
1686	129	-0.240155
1686	112	-0.556051
1686	27	-1.13263
1686	68	-0.374021
1686	33	-1.91983
1686	7	2.01963
1686	91	-0.793955
1687	2	0.0879102
1687	178	0.504152
1687	51	0.0915141
1687	467	0.454245
1687	41	0.851769
1687	23	-0.401124
1687	10	-1.04519
1687	1063	-0.103005
1687	11	0.563823
1688	680	0.0380003
1688	69	-0.92322
1688	28	0.242815
1688	14	-0.0729713
1688	5	-1.83211
1688	51	-0.335376
1688	62	0.0981129
1688	47	-0.686955
1688	59	-1.58538
1688	63	-0.074667
1688	10	1.02515
1689	37	-1.7202
1689	15	0.847118
1689	15	-0.188316
1689	43	0.509837
1689	50	-1.36639
1689	201	-0.74641
1689	16	0.939102
1689	19	-0.935931
1689	9	-0.820602
1689	5	-0.42391
1689	303	-0.590661
1690	136	0.0161329
1690	19	0.27658
1690	73	-0.00996282
1690	93	1.11738
1690	12	0.295658
1690	6	1.27263
1690	83	-1.87894
1691	4	-0.358343
1691	2	-1.95837
1691	90	0.330286
1691	53	-0.995681
1691	19	1.58504
1692	428	0.562969
1692	134	-0.222153
1692	16	1.35007
1692	12	0.645289
1692	12	-0.555019
1692	98	-0.872155
1692	33	-0.599066
1692	239	-0.910027
1692	109	-0.36359
1692	24	0.682353
1692	95	0.614154
1693	114	0.793639
1693	27	-0.388379
1693	38	0.102976
1693	28	0.665298
1693	19	1.24651
1693	26	0.160168
1693	26	-0.720393
1693	33	-0.100325
1693	17	0.423741
1694	83	-0.11109
1694	13	0.520056
1694	23	1.23594
1694	88	-0.0231536
1694	40	-0.710412
1694	28	-0.642688
1694	298	0.183226
1694	6	-1.09992
1694	2	0.746838
1694	9	0.963852
1695	81	0.560556
1695	13	0.641043
1695	119	-0.439161
1695	44	-1.25474
1695	18	-0.356735
1695	60	-0.0387674
1695	6	0.142506
1695	14	0.644577
1695	129	-0.353902
1695	249	-0.610565
1695	1422	-0.0678564
1695	82	-0.400338
1695	109	-0.65781
1696	6	-1.2216
1696	20	1.17164
1696	12	0.444796
1696	4	-1.01538
1696	43	-0.0667135
1696	247	0.192827
1696	61	0.625022
1696	84	-0.761945
1697	72	-0.551339
1697	215	-1.08749
1697	6	-0.800322
1697	141	0.435392
1697	0	-0.400702
1697	9	-2.48369
1697	10	0.976159
1697	0	-0.993846
1698	8	-0.03655
1698	15	-0.970697
1698	7	1.1482
1698	452	0.386707
1698	45	-0.853849
1698	50	-1.21262
1698	116	-0.37266
1698	26	0.787299
1698	49	1.2385
1698	54	0.517278
1699	61	-0.314387
1699	1439	-0.343484
1699	66	1.06064
1699	4	-0.201291
1699	121	0.358049
1699	11	-0.104183
1699	52	0.275677
1699	11	0.136032
1699	7	0.491265
1699	18	-0.587418
1699	120	0.979047
1699	36	1.16029
1699	60	-0.95142
1699	152	1.03654
1700	5	1.24163
1700	5	-0.274591
1700	7	-1.31452
1700	9	-0.724587
1700	173	-1.06853
1700	0	0.706158
1700	15	-0.581459
1701	1	0.849059
1701	908	0.375547
1701	101	-1.17429
1701	2	1.24232
1701	8	-1.87952
1701	21	0.0555913
1702	595	-0.359601
1702	94	1.03392
1702	47	-1.32409
1702	16	-0.124558
1702	194	-0.266488
1702	147	0.159921
1702	33	0.839716
1702	157	0.129277
1702	241	0.206018
1702	84	0.732978
1702	34	-0.151846
1702	27	1.28806
1702	32	0.79446
1703	4	-1.35785
1703	4	-1.28086
1703	3	0.394311
1703	55	-0.287101
1703	11	-0.688501
1703	13	0.496797
1703	10	-0.716144
1703	90	0.783164
1703	395	-0.296159
1703	68	-0.178151
1703	27	-0.204661
1703	25	0.432238
1704	23	-1.65067
1704	25	0.236584
1704	32	0.327406
1704	38	1.29831
1705	2	0.872473
1705	19	1.4782
1705	18	0.774148
1705	57	0.39667
1705	2	-1.30671
1705	529	-0.314207
1706	33	0.0197598
1706	1	-0.460623
1706	1	2.47435
1707	28	-0.627037
1707	23	1.09148
1707	48	-0.660093
1707	45	-1.71239
1707	11	-1.61243
1707	4	-0.0450065
1707	197	0.0463544
1707	0	-0.766137
1707	62	1.57489
1707	109	0.694621
1707	89	-0.682052
1707	35	0.787492
1708	165	-0.231155
1708	57	0.222634
1708	15	0.727168
1708	2	-2.53055
1708	45	-0.236004
1708	52	-0.219948
1708	23	-0.599575
1708	14	-0.827382
1709	50	-0.0731903
1709	16	-1.07342
1709	24	-0.132714
1709	32	0.242861
1709	9	-1.17796
1709	168	1.07502
1709	7	0.205009
1709	86	-1.27794
1710	2	-0.553116
1710	343	0.085181
1710	46	-0.411639
1710	3	0.44388
1710	4	-0.455917
1710	16	-1.84017
1710	67	0.18582
1711	6	1.73617
1711	321	1.00106
1712	10	0.308657
1712	14	-0.0376332
1712	15	0.792456
1712	16	1.49278
1712	6	-0.484119
1712	198	0.402699
1712	216	0.554335
1712	59	0.626156
1712	1	0.0259056
1712	69	0.218381
1712	87	-0.0529114
1712	32	1.21035
1712	6	-0.258258
1712	0	-0.339869
1712	38	0.244162
1712	12	1.28418
1713	119	0.317095
1713	35	-1.57897
1713	16	-0.466108
1713	11	0.473749
1713	123	0.467916
1713	36	-1.60825
1713	48	-0.451789
1713	19	-1.07731
1713	88	-1.38658
1713	90	-0.559653
1713	128	-0.871416
1713	24	-0.0497519
1713	50	0.37946
1713	57	0.360229
1714	12	0.690931
1714	52	-1.00078
1714	26	-1.44223
1714	7	1.01673
1714	193	-0.890094
1714	68	-0.0604687
1714	29	0.55434
1714	12	0.136071
1714	61	-0.0561286
1714	83	0.173994
1714	40	0.981661
1715	11	0.663623
1715	39	0.801159
1715	51	-1.81697
1715	70	0.771309
1715	387	-0.686514
1715	10	0.551386
1715	39	-0.380157
1715	157	-0.0680879
1715	102	-1.32032
1715	2	-0.469825
1716	125	-0.50971
1716	39	-0.475685
1716	8	1.08076
1716	8	1.31792
1716	24	0.490181
1717	1	-0.692714
1717	54	0.43904
1717	2	0.392503
1717	86	-0.714596
1717	27	-0.306263
1717	57	-1.05553
1717	134	1.03056
1718	7	-0.259238
1718	24	-0.334003
1719	53	-1.35196
1719	21	0.193824
1719	129	-0.636969
1719	42	0.506191
1719	18	0.748388
1719	193	0.439466
1719	13	1.1299
1719	25	-0.39657
1719	20	0.509083
1719	124	0.550493
1720	125	-0.270761
1720	24	-0.706079
1720	44	0.334277
1720	44	0.365994
1720	185	0.698658
1720	68	0.94553
1720	10	-0.288781
1720	534	0.126626
1720	32	0.522357
1720	317	-0.157156
1721	5	-1.08812
1721	59	-0.763939
1721	22	-0.00121744
1721	6	-0.834824
1721	13	0.284614
1721	10	0.621095
1721	13	-0.265348
1721	1	0.990465
1722	92	0.553814
1722	28	1.58402
1722	93	0.732621
1722	34	0.392654
1722	31	-0.24948
1722	18	-0.0769132
1722	32	0.65651
1723	197	-0.45909
1723	45	-0.953382
1723	13	-1.90077
1724	11	1.85612
1724	27	1.45877
1724	4	-1.03274
1724	12	0.717409
1724	25	0.143988
1724	21	0.734584
1724	83	0.0762108
1725	47	-0.300101
1725	4	1.49986
1725	8	-0.803182
1725	325	-0.249108
1725	19	1.0161
1725	88	-0.899847
1725	55	-0.162956
1725	148	0.461528
1725	52	0.120014
1725	9	0.509624
1726	25	0.747029
1726	102	0.0436142
1726	55	2.22698
1726	0	0.904161
1726	111	-0.921935
1726	35	0.92246
1726	54	-0.554569
1726	83	-0.679982
1726	8	1.4128
1726	4	0.670358
1726	19	0.157724
1727	18	1.34019
1727	36	0.506076
1727	62	-0.0730616
1727	0	-0.383059
1727	12	-1.36934
1727	11	-0.357648
1728	80	-0.790254
1728	117	1.55584
1728	246	0.0490865
1728	181	0.160741
1728	142	0.19075
1728	63	-0.920403
1728	1	0.448202
1728	153	-0.542672
1728	93	-0.752658
1728	6	-0.119245
1728	19	1.21782
1728	610	-0.0330442
1729	190	0.940033
1729	47	0.639708
1729	29	-0.00837737
1729	5	-0.300434
1729	76	0.574936
1729	107	0.334051
1729	65	0.0335961
1729	18	0.0503184
1729	3	0.225351
1730	4	1.03072
1730	17	-0.989273
1730	41	0.844277
1730	40	0.31879
1730	10	-1.10898
1730	20	-0.951364
1730	15	0.522436
1730	236	-0.201712
1730	139	-0.141616
1730	22	0.997037
1730	13	-1.24361
1730	164	0.215623
1730	52	0.917598
1730	257	0.451542
1731	9	-0.373805
1731	43	0.935965
1731	3	-0.166211
1731	342	-0.525338
1731	1180	-0.218992
1731	15	-1.3791
1731	10	-0.00822222
1731	6	1.30507
1731	19	-0.445596
1731	2	-0.618903
1731	109	-0.582647
1731	89	-0.0258169
1731	301	-0.238687
1731	41	-0.641353
1731	98	-1.07599
1732	1	1.41033
1732	11	-0.226626
1732	14	-0.539514
1732	10	-0.844656
1732	45	-0.775853
1732	16	0.306675
1732	176	-0.490576
1732	26	0.675359
1732	5	-0.893926
1732	55	-0.995259
1732	99	-0.183294
1732	137	-0.578364
1732	11	1.29217
1732	251	0.0668647
1733	28	-0.788207
1733	215	-0.173138
1733	146	-0.485985
1733	4	0.525199
1734	12	0.326214
1734	67	0.316783
1734	21	0.239052
1734	0	-0.474844
1734	46	0.896098
1734	16	0.624848
1734	3	-1.44181
1734	15	0.35149
1735	30	-0.17214
1735	92	0.130234
1735	7	-0.424876
1735	74	-0.830127
1735	2	1.52012
1735	16	-1.57092
1735	38	0.520224
1735	23	-0.981662
1735	103	0.0256484
1735	35	-0.434265
1736	31	-0.954203
1736	9	1.59903
1736	120	-0.160121
1736	42	0.833564
1736	80	1.14855
1736	5	0.961524
1736	2	0.542541
1736	11	0.2273
1736	92	-0.966831
1736	40	0.465837
1737	2	0.197833
1737	63	0.502899
1737	113	0.992262
1737	0	1.38062
1737	63	0.796021
1738	14	-1.05089
1738	194	0.0737753
1738	496	-0.293776
1738	46	0.240463
1738	252	-0.884646
1738	20	1.27998
1738	0	-0.867137
1738	3	-1.21375
1738	18	-2.2339
1738	11	-0.0869586
1738	115	0.539597
1738	30	-0.167143
1738	31	0.55966
1738	4	0.481158
1738	50	-0.690378
1739	32	-0.820802
1739	176	0.0180673
1739	18	0.10208
1739	3	0.0115653
1739	60	1.19104
1739	0	-1.05105
1739	75	-0.729023
1739	60	-1.24842
1740	8	1.04732
1740	128	0.103761
1740	6	0.61976
1740	70	-0.0678005
1740	54	0.955433
1740	62	0.379287
1740	6	-0.139967
1740	86	0.816225
1740	59	0.42313
1740	51	-0.370699
1741	34	0.0523447
1741	554	-0.97748
1741	122	-0.0610662
1741	567	-0.0368357
1741	400	-0.297679
1741	166	0.192001
1741	27	2.44828
1741	13	1.91617
1741	17	1.33696
1741	872	0.0196032
1742	0	-0.403153
1742	5	1.29245
1742	5	-0.82881
1742	186	0.193262
1742	18	1.53592
1742	43	-0.852434
1742	21	1.59849
1742	1	1.29183
1743	8	1.57905
1743	7	3.65335
1743	67	0.104651
1743	35	0.720432
1743	38	-0.261536
1743	6	0.216606
1743	105	0.0622474
1743	27	-1.54496
1743	14	-0.123978
1744	1	-0.464519
1744	56	1.15009
1745	2	-0.500531
1745	2	-1.59091
1745	89	0.33102
1745	67	-0.823803
1746	146	-0.55281
1746	100	0.239482
1746	19	0.0283247
1746	11	0.944506
1746	21	0.537248
1746	16	1.4419
1746	39	0.32113
1746	63	-1.0997
1746	18	0.262112
1746	131	-0.239413
1746	242	-0.364656
1746	5	0.718826
1746	57	-1.44285
1746	24	-1.47964
1746	54	-1.42875
1747	170	0.661032
1747	228	-0.849661
1747	66	0.0842019
1747	23	0.854887
1747	10	-0.286649
1747	152	0.499628
1747	117	-0.559566
1748	12	-1.27245
1748	51	-1.59086
1748	53	1.12511
1748	172	0.854373
1748	12	0.275333
1748	32	-0.100416
1748	54	-0.190451
1748	58	0.457813
1748	1	0.13432
1748	102	0.336502
1748	6	-0.637995
1748	1	0.0882169
1748	8	0.601197
1748	23	-0.501485
1748	33	-0.773711
1749	660	-0.107903
1749	72	0.0670549
1749	20	-1.194
1749	16	0.957153
1749	6	0.389848
1749	27	-1.13081
1749	286	0.336072
1749	661	-0.597324
1750	34	0.196916
1750	7	0.777427
1750	13	0.518136
1750	3	-1.89566
1750	10	-0.633524
1750	571	0.489653
1751	37	-1.56789
1751	41	-1.73028
1751	14	-0.32506
1751	45	-0.534428
1751	54	0.316279
1751	27	0.465939
1751	107	0.00516937
1751	3	0.97155
1751	8	0.0747686
1752	16	1.04388
1752	71	-0.332959
1752	1044	0.18921
1752	42	0.247328
1752	31	0.533367
1752	210	-1.16447
1752	10	0.985083
1752	81	0.569426
1752	38	1.12163
1752	28	0.225176
1752	52	0.675235
1752	16	0.942946
1752	5	-0.903778
1752	325	-0.143728
1752	2	-0.0621671
1753	16	-1.08954
1753	27	0.546395
1753	1	0.255441
1753	7	-0.767311
1753	24	0.886917
1753	38	-0.368415
1753	0	0.90833
1753	7	-1.40529
1753	359	-0.393432
1753	15	-1.00128
1753	8	0.760003
1754	41	-0.143199
1754	14	-0.332701
1754	95	1.81751
1754	25	-1.42731
1754	77	0.747057
1755	5	-0.0198598
1755	8	0.421299
1755	7	0.0010909
1755	96	-0.544134
1755	63	-0.133894
1755	35	0.687779
1755	2	-0.506304
1756	17	0.306368
1756	15	-0.353202
1756	13	-0.627424
1757	5	0.744119
1757	19	-0.208813
1757	4	-0.715201
1757	7	-0.467887
1757	2	-0.889698
1757	98	-0.438216
1757	120	-0.79648
1757	154	0.607419
1757	25	0.856907
1757	69	-0.655273
1758	20	0.315037
1758	46	0.270296
1758	16	-0.248953
1758	84	0.793612
1759	166	0.569676
1759	0	0.144455
1759	23	0.0302465
1759	1	0.638982
1759	67	1.58321
1759	141	-0.231056
1760	38	0.308603
1760	119	-0.201636
1760	0	-0.171099
1760	142	-0.827864
1760	24	0.204759
1760	22	0.0378778
1760	18	0.29579
1761	53	0.284049
1761	7	1.58931
1761	5	1.24613
1761	27	-1.29613
1761	23	0.0926877
1761	13	-0.161309
1761	4	-0.96704
1761	41	-0.0179361
1761	32	-1.04776
1761	116	-0.873211
1761	54	0.302153
1761	2	-0.712798
1761	44	1.2657
1761	19	-0.49979
1761	8	1.59786
1762	56	1.14753
1762	409	0.0895112
1762	41	-1.35703
1762	113	0.540091
1762	167	0.157288
1762	15	-0.691566
1762	107	0.361925
1762	12	0.99382
1762	312	-0.352309
1762	10	-0.570046
1762	22	0.745333
1762	7	0.493969
1762	1	1.26961
1762	33	1.13121
1763	0	1.1422
1764	0	0.224938
1764	52	0.940035
1764	120	0.546019
1764	23	-0.531584
1764	121	0.47103
1764	28	-0.506935
1764	1	-0.134025
1764	9	0.330864
1764	7	0.34549
1764	89	-0.777779
1765	2	-0.913718
1765	9	0.161464
1765	36	0.430841
1765	8	0.249445
1765	239	0.397106
1765	30	-1.34441
1766	89	-0.893788
1766	25	-0.569579
1766	104	-1.32203
1766	32	-0.491329
1766	53	-0.227205
1766	47	0.324589
1767	61	-0.325334
1767	36	-0.367954
1767	20	0.243912
1767	14	-0.627165
1767	17	0.384605
1767	4	1.32867
1767	14	-0.146983
1767	12	-1.71048
1767	10	0.306801
1767	16	-1.31726
1767	3	-0.649124
1767	35	0.987964
1767	38	-0.143557
1768	113	-0.142332
1768	45	0.82006
1768	6	0.137233
1768	7	0.22537
1768	82	-0.386896
1768	90	0.159754
1768	121	0.888067
1768	18	0.275789
1768	74	-1.58209
1768	29	0.179846
1768	205	0.382313
1768	3	-0.788511
1768	8	-0.118161
1768	5	-0.119673
1769	235	0.0566012
1769	63	0.119553
1769	15	-0.548869
1769	120	-0.872296
1769	14	0.299028
1769	6	0.451018
1769	17	0.599311
1769	12	1.19901
1770	144	-0.503239
1770	29	1.29069
1770	1	-0.753886
1770	28	-0.740392
1770	11	0.0432877
1770	3	-1.68829
1770	351	0.544428
1770	122	-0.695857
1770	63	-0.0429649
1770	136	0.0780409
1770	3	0.468459
1770	5	0.336059
1771	7	-0.93536
1771	0	-0.270588
1771	48	-0.53649
1771	101	0.888939
1771	156	0.129276
1771	856	-0.12238
1771	444	0.76359
1771	1905	0.00217718
1771	127	0.514768
1771	56	0.474446
1771	22	0.466853
1771	16	0.520932
1771	27	-0.393185
1771	148	0.969873
1771	214	-0.307228
1771	258	0.109421
1772	7	-0.00303043
1772	87	0.0669349
1772	180	-0.856739
1773	25	0.0570755
1773	25	1.27915
1773	212	0.44802
1773	494	-0.368284
1773	180	-0.0175066
1773	36	2.34488
1773	50	0.263168
1773	20	0.123722
1773	10	0.341988
1773	670	0.510469
1773	10	1.55256
1774	22	-0.551147
1774	31	-0.344361
1774	55	-0.582491
1774	449	-0.529821
1774	73	-0.0083598
1774	13	0.247785
1774	12	1.94825
1774	28	-0.496607
1774	17	-0.536742
1774	18	-0.584594
1774	71	-0.377257
1774	15	-1.20472
1774	627	-0.315086
1775	99	0.487079
1775	21	-0.873826
1775	80	-0.45614
1775	1772	-0.335145
1775	114	-0.868931
1775	6	0.492154
1775	46	-0.973456
1775	3	1.59771
1775	8	0.284761
1775	8	-2.55975
1775	40	-1.03923
1775	713	-0.499739
1776	10	-0.696408
1777	84	0.164323
1777	17	-0.400018
1777	22	-0.592201
1777	7	-0.40383
1777	31	-0.178454
1777	4	0.90226
1777	99	0.0995762
1777	1848	0.11531
1777	9	0.391916
1777	78	-0.30741
1777	251	0.899667
1777	10	0.82158
1777	10	-0.0762903
1777	35	0.676652
1778	39	-0.239207
1778	354	0.153872
1778	223	0.852675
1778	318	-0.399114
1778	2	2.28805
1778	9	0.0974202
1778	12	0.540894
1778	56	0.704094
1778	12	0.0719846
1778	2	-1.70391
1778	11	1.36241
1778	313	0.177358
1778	28	1.14606
1779	0	-0.0565108
1779	17	0.0684686
1779	4	-0.795728
1779	12	-0.419223
1779	9	0.0427913
1779	60	0.52821
1779	145	0.717697
1779	1964	0.395414
1779	5	0.396051
1780	9	0.405002
1780	5	-0.539372
1780	21	-0.747215
1780	64	0.208598
1780	7	-0.356446
1780	299	-0.270874
1780	1365	0.166136
1780	273	0.0411814
1780	136	-0.696898
1780	16	-1.03779
1780	4	1.33466
1780	90	-0.174262
1781	16	0.378624
1781	16	1.23346
1781	30	0.709567
1781	26	0.904415
1781	54	0.400671
1781	8	1.71641
1781	48	-0.287079
1781	108	0.328898
1781	12	1.00857
1782	33	-1.86092
1782	52	-0.461829
1782	8	-0.668302
1782	47	-0.273778
1782	38	-1.20645
1782	11	-0.410985
1782	21	0.437899
1782	52	0.887254
1782	15	-0.980732
1782	26	1.19266
1783	1	-0.51448
1783	36	0.0827488
1783	28	1.27313
1783	2	-0.0377227
1783	517	0.492262
1784	16	-0.563032
1784	12	0.0392578
1784	29	-0.431569
1784	7	0.592664
1784	40	-0.666753
1784	175	-0.59403
1784	14	-0.578259
1784	137	-0.533496
1784	68	0.797477
1784	39	-0.169112
1784	98	-0.933582
1784	10	-0.310523
1784	7	-0.856553
1784	59	1.78425
1784	24	-1.16091
1784	275	-0.0182024
1784	15	0.344546
1785	52	0.312936
1785	7	-0.96514
1785	30	-1.3994
1785	11	0.996348
1785	117	-0.354483
1785	12	0.296796
1786	0	-0.533798
1786	0	0.0791666
1786	17	0.19105
1786	260	0.49102
1787	6	0.581818
1787	141	-0.0929801
1787	50	-0.291407
1787	34	1.79234
1787	84	-0.509709
1787	201	0.734593
1787	2	0.0649266
1787	649	-0.064023
1787	332	0.0414497
1787	130	-0.0370653
1787	14	1.67878
1787	29	0.156532
1787	45	-1.52683
1788	93	0.457649
1788	91	0.254109
1788	21	0.256261
1788	101	0.328722
1788	1320	0.0203873
1788	573	0.25275
1788	238	-0.100642
1788	163	-0.545252
1788	217	0.279257
1788	2	-0.0585331
1788	14	0.49978
1788	23	-0.30813
1788	62	1.67471
1788	83	0.662155
1788	50	0.143186
1788	94	0.486016
1789	25	-0.344235
1789	98	-0.564623
1789	18	0.61375
1789	9	-1.92932
1789	30	0.377207
1789	12	-0.516475
1789	12	-0.579358
1789	1	-2.74078
1789	41	-0.771516
1789	9	-1.23798
1789	16	-1.14699
1789	117	-0.0652372
1790	12	1.96645
1790	43	-0.961344
1790	9	2.63322
1790	18	1.68072
1790	21	-0.451767
1790	93	0.236379
1790	34	0.592094
1790	28	0.741662
1790	47	-0.603872
1790	10	0.340496
1791	3	-1.18053
1791	28	-0.874095
1791	15	-0.308765
1791	38	0.37639
1792	263	0.190843
1792	441	-0.885312
1792	3	1.25952
1792	0	1.95713
1792	6	0.298697
1792	161	0.719006
1792	35	-0.347107
1793	14	-0.65813
1793	31	-1.56193
1793	15	-1.55981
1793	4	1.04946
1793	26	-0.00695179
1793	83	-0.727287
1793	215	0.264816
1793	96	0.928316
1793	7	0.579479
1793	70	-0.0877038
1793	59	-0.659128
1793	51	-1.47625
1793	32	-0.371267
1793	30	-1.96814
1793	98	0.915627
1793	163	-0.748649
1794	42	1.24024
1794	52	0.234353
1794	5	-3.13258
1794	20	-0.777475
1795	1	0.482029
1795	7	-0.622229
1795	44	0.527732
1795	46	-0.708381
1795	25	-0.0128419
1795	47	-1.02266
1795	2	0.633603
1795	3	-0.617576
1795	21	0.362418
1795	5	0.305436
1795	282	0.839764
1795	54	0.563049
1795	123	-0.0441959
1795	67	0.610484
1796	35	-0.78813
1796	99	-0.87355
1796	106	0.110385
1796	17	-0.631904
1796	57	-1.46054
1796	27	0.823016
1797	7	0.334725
1797	72	-1.43091
1797	16	0.526236
1797	0	-0.411413
1797	240	-0.571707
1797	2	0.419651
1797	8	-0.678943
1797	39	0.513824
1797	93	0.331667
1797	34	-0.558721
1798	2	1.04121
1798	27	1.02686
1798	23	0.38622
1798	16	0.738648
1798	13	2.15672
1798	30	1.24469
1799	9	1.41049
1799	49	0.0452164
1799	4	0.739421
1799	12	-0.309381
1799	6	0.0589804
1799	0	-1.26818
1799	72	0.569693
1799	16	-0.986768
1799	8	0.59759
1799	37	-0.595226
1800	1	0.367042
1800	24	-1.01393
1800	53	0.301225
1800	32	-1.27592
1800	29	-0.980675
1800	176	0.495763
1800	206	-0.78827
1800	66	-0.284464
1800	32	-0.217887
1800	85	-0.540349
1800	20	2.67279
1800	30	0.78643
1800	4	-0.0639676
1801	7	-1.80143
1801	62	-0.207712
1801	47	0.957577
1802	136	0.374818
1802	45	0.831617
1802	33	-0.234276
1802	98	-0.168697
1802	15	1.24294
1802	402	0.196884
1802	1256	0.507368
1802	16	-1.15437
1802	23	1.41436
1802	3	0.199868
1802	49	0.927753
1802	58	-0.640898
1802	134	-0.0991445
1802	19	-0.156692
1802	39	-0.222052
1802	92	0.299012
1803	20	-1.42572
1803	6	-0.242754
1803	22	1.18258
1803	45	-1.42313
1804	94	0.547698
1804	22	-1.31098
1804	221	0.486466
1804	101	-0.112582
1804	8	-0.220885
1804	22	0.0345866
1804	62	-1.84492
1804	14	-0.763646
1804	42	-0.284373
1805	0	-0.796653
1805	83	0.226742
1805	25	1.24339
1805	62	0.393179
1805	81	1.08639
1805	86	1.14521
1805	117	-0.362839
1805	98	-0.425741
1805	4	-1.55378
1806	39	-0.15008
1806	346	-0.388232
1806	16	2.61168
1806	8	-0.53334
1806	6	-0.917266
1806	1	1.89755
1807	85	-1.26358
1807	1866	0.107529
1807	1	0.706793
1807	672	-0.149737
1807	21	0.810956
1807	257	-0.00823445
1807	69	-0.0513418
1807	9	0.508435
1808	68	0.582464
1808	92	-1.02949
1808	158	-0.954152
1808	25	0.0795504
1808	0	-1.20651
1808	26	0.505792
1808	7	-0.671262
1808	20	0.942297
1808	14	-1.80295
1809	42	-1.07267
1809	34	-1.08227
1809	18	-0.01771
1809	25	-0.803259
1809	55	-1.13778
1809	12	-0.968166
1809	146	0.894538
1809	79	0.427962
1809	165	0.294257
1809	136	-0.45222
1809	24	-0.522894
1809	6	-1.36261
1810	305	0.497976
1810	62	-0.249315
1810	48	-0.494053
1810	3	-0.165162
1811	124	-0.655571
1811	100	0.075672
1811	44	-0.74164
1811	176	0.0974119
1811	19	-0.878311
1811	31	-1.13831
1811	15	1.11656
1811	33	0.203078
1811	22	-0.881179
1811	6	1.48309
1812	7	0.420909
1812	53	-0.312451
1812	128	0.126404
1812	1	0.492279
1812	39	0.720308
1812	113	-0.055268
1812	15	0.322285
1812	1	0.76555
1812	46	-0.110337
1812	183	0.179289
1813	2	0.274118
1813	144	-1.15219
1813	459	-0.298506
1813	18	0.0990027
1813	16	1.21879
1813	23	-0.791396
1813	36	1.22622
1813	37	0.403322
1813	1	0.549229
1813	1041	-0.423507
1813	83	-0.240566
1814	175	0.117179
1814	38	0.0918274
1814	1	-1.19894
1814	50	-0.242362
1814	76	0.463757
1814	64	0.0515279
1814	53	1.67567
1814	224	-0.406383
1814	1091	-0.327876
1814	25	-1.43504
1814	56	-0.0300135
1815	55	-0.241129
1815	14	-0.585251
1815	5	0.381415
1815	43	-1.10221
1815	7	-0.181
1816	208	0.362134
1816	26	0.239383
1816	35	0.579395
1816	253	-1.24683
1816	72	-1.38617
1816	9	-2.72553
1816	38	1.16015
1816	20	-0.896794
1816	163	-0.769545
1816	88	-0.362711
1816	11	0.419751
1816	59	0.789151
1816	15	-0.0967512
1816	9	1.18909
1816	12	1.10469
1817	153	-0.310281
1817	46	1.68613
1817	152	-0.127902
1817	30	-0.65046
1817	15	0.811798
1817	657	0.530512
1817	138	-0.161736
1817	10	-0.131441
1818	35	0.247046
1818	23	-0.318514
1818	17	-0.000437699
1818	8	1.50343
1818	3	-0.875087
1818	7	-0.911986
1818	9	-0.662923
1819	25	-1.21127
1819	5	2.4281
1819	7	0.416633
1819	9	-1.28029
1819	94	-0.446013
1819	297	0.77612
1819	15	0.24964
1819	24	-0.318724
1819	2	-0.862431
1819	6	-0.069316
1819	10	1.27825
1820	18	1.05222
1820	707	0.442575
1820	44	-1.55379
1820	1833	-0.476232
1820	16	1.58212
1820	7	0.347647
1820	1	-0.698323
1820	271	-0.0436706
1820	70	-0.75237
1820	59	1.09446
1820	30	0.258987
1821	14	-0.579958
1821	48	0.193988
1821	52	-0.0109027
1821	41	-0.297876
1821	8	0.524215
1821	18	0.106187
1821	141	0.228811
1821	59	-0.237254
1821	82	0.198681
1821	143	-0.0906633
1822	10	0.106799
1822	23	0.952121
1822	102	-0.423348
1822	171	0.639854
1822	30	0.543252
1822	61	1.6766
1822	51	-0.570498
1822	3	0.175757
1822	38	-0.099456
1822	1	2.44618
1822	135	0.732642
1822	88	-0.921557
1822	6	-0.163034
1822	3	-1.01429
1822	27	-0.0447743
1822	12	-0.745783
1822	25	-2.42715
1822	128	0.187913
1822	2	1.91362
1822	5	-0.0779012
1822	7	-0.11129
1823	57	1.22988
1823	47	0.549475
1823	141	-0.937991
1823	4	-1.28368
1823	67	-0.681487
1823	18	1.25962
1823	87	-1.33816
1824	21	-0.152912
1824	376	-0.308725
1824	15	0.6452
1824	25	-0.103338
1824	13	-0.16816
1824	252	0.342081
1824	21	1.6064
1824	34	1.80799
1825	17	-0.59218
1825	46	1.10873
1825	3	-0.443259
1825	147	-0.244823
1825	45	-0.111657
1825	9	-1.98098
1825	155	0.107029
1826	141	1.30529
1826	23	-0.939784
1826	22	0.894947
1826	14	0.905192
1826	11	0.818014
1826	6	0.265269
1826	105	-0.200768
1826	14	-0.839861
1826	3	-0.680601
1826	3	-1.24256
1826	32	1.26901
1826	91	0.746997
1826	29	-0.316714
1827	66	-1.03544
1827	7	-0.251159
1827	94	-0.81716
1827	745	0.0252078
1827	801	-0.544018
1827	832	-0.457754
1827	1	0.237122
1827	23	1.81588
1828	1619	0.198078
1828	236	0.664172
1828	80	-1.23219
1828	62	-0.235432
1828	7	-0.491806
1828	14	-0.136236
1828	41	0.936167
1829	3	1.31716
1829	94	-0.435837
1829	130	0.423923
1829	8	-1.03564
1829	4	-1.57971
1829	8	-0.0785838
1829	3	0.309636
1829	23	0.200027
1829	283	-0.276551
1829	22	-0.114385
1829	20	-1.52374
1829	63	0.183227
1829	19	0.202085
1829	4	-0.0971908
1830	28	-1.32636
1830	357	-0.630913
1830	408	-0.543089
1830	0	1.49622
1830	20	1.23559
1830	109	-0.0636421
1830	13	1.72874
1830	79	0.2456
1830	24	-2.10849
1830	4	0.126328
1830	10	-0.93386
1831	28	0.686496
1831	42	1.0829
1831	14	-0.212845
1831	17	2.04288
1831	147	-1.29508
1831	56	1.22941
1831	85	-1.1954
1831	17	-0.800352
1831	258	0.470978
1831	25	-0.480298
1831	34	-0.085351
1832	27	-1.12439
1832	73	-0.657587
1832	573	-0.202824
1832	2	0.783398
1832	54	0.829699
1832	22	-0.1733
1832	9	0.41693
1832	73	0.113626
1832	18	-0.832367
1832	4	-0.176813
1832	24	0.250346
1832	216	0.0811526
1833	16	-0.988269
1833	0	0.79655
1833	99	-1.30608
1833	24	0.693128
1833	8	-1.03053
1833	25	-0.763858
1833	71	-0.556264
1833	18	2.08894
1833	235	0.592174
1833	25	-0.50235
1833	66	1.08641
1833	10	0.611073
1833	130	1.30744
1833	130	0.927048
1833	6	1.51137
1834	9	-0.217119
1834	8	0.451546
1834	44	-0.0831125
1834	7	1.57458
1834	2	-1.85838
1834	0	1.08198
1834	16	-0.805165
1834	176	0.0938914
1834	130	0.174805
1834	120	0.733677
1835	111	-0.90172
1835	208	-0.974341
1835	35	-0.205945
1835	0	1.04754
1835	821	-0.428188
1835	43	-0.350568
1835	132	-0.397598
1835	91	0.577776
1835	206	0.455145
1836	31	-1.61856
1836	173	0.34633
1836	3	-0.195367
1836	28	-1.5046
1836	47	0.521173
1837	73	-0.633327
1837	2	0.580445
1837	19	0.0373258
1837	5	1.64555
1837	5	-0.662729
1837	5	-0.912192
1837	8	-1.61197
1837	21	-2.29887
1837	9	-0.468806
1837	3	0.0829559
1837	23	0.333795
1838	19	-0.970392
1838	27	0.546721
1838	2	-2.89981
1838	105	0.549015
1838	921	-0.319062
1838	25	1.61305
1838	46	-0.478671
1838	56	0.209914
1839	98	0.75682
1839	11	-0.309928
1839	32	0.834096
1839	51	-0.231353
1839	87	1.3094
1839	62	-0.178544
1839	67	0.20211
1839	273	0.0798269
1839	60	-1.78218
1839	43	1.18885
1839	110	-1.03457
1839	58	-0.241722
1840	10	0.0242573
1840	17	0.503655
1840	13	-0.897049
1840	32	0.933511
1840	0	-1.05434
1840	185	0.683636
1840	62	0.0927166
1841	599	-0.556189
1841	16	-0.0697
1841	12	0.561783
1841	10	0.0741825
1841	20	1.08374
1842	88	-0.595436
1842	42	1.37207
1842	27	0.156032
1842	11	-1.32291
1842	382	0.191067
1842	33	0.127664
1842	127	-0.169816
1842	29	1.06765
1842	10	-0.319557
1843	38	-0.141258
1843	3	-0.230672
1843	107	1.50134
1843	34	1.41916
1843	76	0.478023
1843	44	1.52329
1843	47	0.94397
1843	13	-1.70422
1843	140	1.18395
1843	2	-0.991252
1844	5	-0.916944
1844	69	0.781608
1844	12	-1.37667
1844	16	-0.36101
1844	106	-0.0833778
1844	1	0.325407
1844	31	-0.706278
1844	64	-0.376945
1844	62	1.14706
1844	4	0.189952
1844	1	-0.164416
1844	274	-0.912826
1844	49	1.91777
1845	2	0.824751
1845	25	-2.12513
1845	1506	-0.155608
1845	8	-0.604149
1845	254	-0.883237
1845	18	0.16641
1845	11	0.69504
1846	9	-0.588006
1846	4	-0.362138
1846	0	0.541231
1846	16	0.678771
1846	304	-0.622055
1846	36	0.485792
1846	5	0.45772
1846	111	1.08517
1846	59	0.794614
1846	0	-0.541206
1846	13	-0.7027
1847	60	-0.792025
1847	105	0.484776
1847	60	0.0432848
1847	1	-0.0866375
1847	6	0.0610771
1847	2	-1.46098
1847	129	-0.257664
1847	18	-0.37098
1847	8	0.0753371
1847	34	0.665969
1847	4	0.521022
1847	23	0.628091
1848	9	0.365542
1848	83	-0.18623
1848	13	-1.51887
1848	137	0.705759
1848	41	0.891589
1848	29	-0.556751
1848	28	-0.949807
1848	89	0.0559201
1848	26	0.506423
1848	39	1.6306
1848	29	0.346515
1848	50	0.799841
1848	30	1.07403
1848	36	-1.18691
1849	40	1.26339
1849	33	0.263838
1849	94	-0.401786
1849	25	1.12196
1849	2	-0.0862226
1849	0	-0.63779
1849	432	-0.894438
1850	12	1.79725
1850	4	1.80258
1850	4	-0.322383
1850	18	0.747466
1850	15	-0.913058
1851	33	0.467794
1851	9	-0.338017
1851	3	1.63967
1852	15	-0.829493
1852	43	-0.604225
1852	25	-0.143755
1852	17	-0.112367
1852	3	-0.122392
1852	38	0.436495
1852	206	-0.345843
1852	186	0.14319
1852	18	-0.00201063
1852	9	0.598771
1852	58	0.278756
1853	201	-0.255794
1853	746	-0.356642
1853	22	-0.581181
1853	57	-1.04222
1853	108	0.0599204
1853	5	0.563471
1853	49	-0.573151
1853	50	0.649326
1853	2	-1.57992
1853	2	-0.299252
1853	540	-0.522246
1853	21	-0.442354
1853	370	-1.08249
1853	29	-0.126609
1853	30	0.128989
1853	71	-0.265676
1853	138	0.923185
1853	260	0.225489
1853	127	-0.2554
1853	105	0.515764
1853	51	0.0233415
1854	5	0.0613125
1854	17	0.721652
1854	46	-1.04718
1854	220	-0.540868
1854	845	0.165924
1854	22	-1.24005
1855	13	0.643683
1855	26	0.159418
1855	1629	-0.316217
1855	7	-0.829383
1856	2	0.0138469
1856	1	-0.264269
1856	32	0.104404
1856	27	-1.69708
1856	23	-0.135007
1856	6	0.445479
1857	79	0.378779
1857	22	1.27587
1857	10	-0.353388
1857	62	-0.25534
1857	686	0.101614
1857	61	0.755767
1857	101	-0.999769
1857	5	-0.1021
1857	72	-0.628864
1857	1	0.599728
1857	37	-1.66914
1857	38	1.12564
1857	171	0.172615
1857	90	0.420612
1858	81	0.421076
1858	103	0.179426
1858	28	0.405516
1858	50	1.0171
1858	113	-0.014815
1858	128	0.0816432
1858	93	-0.115445
1858	92	-0.173767
1858	121	-0.147504
1858	94	0.815809
1859	0	0.305524
1859	22	1.45401
1859	46	1.48658
1859	31	0.494236
1859	18	-0.42831
1859	225	-0.199398
1860	40	-0.667414
1860	6	-1.66771
1860	1	-0.303978
1860	86	0.531015
1860	14	-1.32383
1860	46	-0.00114052
1860	41	-0.664392
1860	40	-0.252916
1860	1553	-0.0985532
1860	1057	-0.346756
1860	97	0.834476
1861	0	1.46821
1861	17	-0.536061
1861	38	-0.586212
1861	339	0.00414373
1861	17	2.30282
1861	6	-0.217192
1861	14	0.0807291
1861	169	-0.461938
1861	41	0.138017
1861	20	-0.553087
1862	52	-0.242953
1862	145	0.185455
1862	157	-0.0685911
1862	0	-0.866625
1862	0	0.489617
1862	20	0.272537
1862	7	-0.239446
1862	269	-0.0479484
1862	637	-0.106484
1862	13	0.821009
1862	1118	-0.197741
1862	393	-0.594021
1862	20	0.357454
1862	12	-0.405822
1862	3	0.411134
1862	196	0.383674
1862	64	0.595138
1863	10	-1.0216
1863	35	0.258401
1863	17	-0.276842
1863	707	-0.076046
1863	47	-0.836268
1863	12	-0.0314551
1863	64	-0.705134
1863	178	0.541371
1863	266	0.603043
1863	0	-0.0405008
1863	14	-0.514671
1863	128	-0.581464
1863	98	-0.336535
1863	20	1.07203
1864	4	-1.07731
1864	9	0.0572221
1864	222	-0.183722
1864	1	1.31941
1864	68	-1.23019
1864	130	-0.697956
1864	73	0.0386244
1864	6	0.843058
1864	0	0.534233
1864	12	0.154628
1865	5	0.576365
1865	24	0.313004
1865	47	-0.842797
1865	323	-0.38442
1865	93	-0.184485
1865	17	-0.724002
1865	7	-0.439668
1865	9	-1.375
1866	71	-0.357951
1866	123	-0.159081
1866	290	0.12961
1866	13	0.731414
1866	39	-0.457613
1866	8	-1.20395
1866	0	-1.93585
1866	23	1.93283
1866	2	0.372785
1866	8	-1.58709
1867	0	-1.75979
1867	0	-0.0763349
1867	0	0.425877
1867	4	-1.79063
1867	17	0.577204
1867	77	-0.0400728
1867	0	0.949102
1867	54	1.41803
1867	68	0.297215
1868	35	-0.472959
1868	549	-0.125279
1868	90	-0.316803
1868	99	-0.0694528
1868	15	0.508679
1868	127	0.110086
1868	142	0.611079
1869	111	-0.251648
1869	121	0.339345
1869	113	-0.726515
1869	15	-0.124259
1869	56	0.737033
1869	2	-1.10038
1869	9	0.235265
1869	11	-0.22339
1869	54	-0.0664417
1869	224	-0.25901
1869	4	-0.327492
1869	1	1.01559
1869	2	0.115021
1870	4	1.79266
1870	18	1.0751
1870	33	0.116477
1870	41	0.500675
1870	19	-0.452388
1870	15	-0.880267
1871	13	-1.13629
1871	47	-0.473175
1871	174	0.425698
1871	32	-0.835931
1871	5	0.763309
1872	140	0.489054
1872	68	0.691768
1872	254	-0.257223
1872	0	0.103954
1872	22	0.926616
1872	214	0.386676
1872	21	-1.0563
1872	26	-0.530692
1872	32	-0.666206
1872	1	-1.09914
1873	2	-0.880355
1873	14	-0.352665
1873	127	-0.0805055
1873	22	-0.584693
1873	959	-0.0956996
1874	37	1.61921
1874	30	0.1787
1874	217	-0.518729
1874	95	0.585875
1874	31	-0.0353333
1874	28	-0.570611
1875	1	-0.253277
1875	82	-0.730907
1875	86	0.265445
1875	26	-0.201258
1875	14	1.56011
1875	76	-0.924382
1875	286	-1.19816
1875	18	-0.346185
1875	285	0.318622
1875	157	0.010808
1876	52	-0.564402
1876	15	-0.548293
1876	14	-0.672149
1876	9	-0.332159
1876	0	-1.21413
1876	21	0.672351
1876	99	0.513584
1876	8	-0.654732
1876	7	-1.0676
1876	107	1.01809
1876	1	1.32647
1877	1	0.351082
1877	17	-0.245103
1877	7	-0.676852
1877	9	1.96318
1877	21	-1.27527
1877	133	-1.66417
1877	28	0.238902
1877	201	-1.25222
1877	38	0.525969
1877	212	-0.205643
1877	1544	0.312123
1877	65	1.01761
1878	3	0.434663
1878	51	-0.351438
1878	188	-1.0305
1878	18	-0.0230329
1878	42	-1.06915
1878	47	0.821132
1878	10	-0.380182
1878	0	0.356196
1878	13	0.210582
1878	8	-0.350437
1878	291	-0.384143
1878	15	1.2028
1878	166	-0.162822
1879	273	-0.539602
1879	40	0.907591
1879	39	0.35453
1879	7	-2.05196
1879	50	-0.87809
1879	69	-0.0589762
1879	12	-0.430424
1879	2	-0.461591
1879	15	1.13924
1879	36	1.06386
1879	9	0.377537
1879	641	0.161196
1879	164	1.1811
1879	18	-0.59191
1880	149	-0.344385
1880	0	0.238688
1880	82	1.5631
1880	22	1.00342
1880	1	-0.205808
1880	42	0.591712
1881	26	-1.09516
1881	42	-0.437125
1881	46	0.435999
1881	1	0.648041
1881	42	0.413754
1881	345	0.25586
1881	22	0.402045
1881	7	-0.637314
1881	6	-2.63565
1882	9	-0.689595
1882	25	-0.27405
1882	17	-1.28639
1882	36	-0.107864
1882	63	-0.260599
1882	8	0.223614
1882	5	1.05275
1883	94	0.947874
1883	48	0.963261
1883	22	-0.476264
1883	35	0.506691
1883	46	-0.303602
1883	50	-0.377555
1883	5	-0.0507103
1883	10	0.941705
1883	15	0.759737
1884	1	-0.167852
1884	45	-1.15236
1884	15	-0.26428
1884	13	-0.467172
1884	58	-1.51938
1884	7	-0.0117464
1884	946	-0.379536
1884	0	0.303667
1884	14	0.552423
1884	92	-0.075815
1884	115	-0.0118794
1884	31	-0.902272
1884	8	-0.250853
1884	21	-0.321645
1884	142	-0.112013
1885	34	-0.111418
1885	291	-0.288645
1885	58	0.103746
1885	12	-0.562239
1885	85	0.249139
1886	56	1.0687
1886	43	-1.76878
1886	1	-0.485829
1886	266	-0.29571
1886	131	0.444372
1886	98	-0.3396
1886	49	-1.68419
1886	458	-0.425426
1886	551	-0.4774
1886	416	0.394545
1886	150	-0.7273
1886	16	1.93544
1886	38	-0.326614
1886	6	-0.347601
1886	1	0.397582
1886	24	-0.0795544
1887	113	0.0579526
1887	36	-0.695645
1887	30	0.147296
1887	244	-0.291562
1887	247	-0.184327
1887	3	0.226138
1887	39	-0.350448
1887	472	-0.51343
1887	509	-0.363183
1887	14	0.229688
1887	270	-0.397043
1887	49	0.122896
1887	40	0.379437
1887	49	1.05158
1887	0	-1.19853
1887	21	0.424125
1888	32	1.16429
1888	33	-0.351073
1888	4	0.540712
1888	4	1.13988
1889	11	-1.14647
1889	34	-0.240849
1889	57	-1.13174
1889	19	0.155999
1889	18	0.674178
1889	91	1.00525
1889	672	0.0580368
1889	50	-1.35033
1889	119	0.580371
1889	34	-0.0396453
1889	84	0.0801728
1889	26	-1.27347
1889	23	-1.21683
1890	35	-0.604901
1890	0	0.324311
1890	16	1.43292
1890	2	-0.835158
1890	4	0.544367
1890	139	-0.0952139
1890	88	0.9909
1890	11	1.16621
1890	14	-1.29643
1890	14	-0.725086
1890	177	-0.83203
1890	5	0.535829
1891	140	-1.64002
1891	42	0.0782658
1891	25	0.0922958
1891	339	0.900316
1891	101	0.977158
1891	6	-2.26047
1891	23	1.41662
1891	233	-0.742153
1891	686	0.517469
1891	31	-0.329543
1891	18	0.558066
1891	151	-0.0917972
1892	13	-0.459732
1892	11	-0.316349
1892	2	0.0736129
1892	34	0.342719
1892	42	-0.83189
1892	13	-0.715137
1892	5	0.0319774
1892	19	0.590612
1893	76	1.20183
1893	18	-0.0315218
1893	1	0.273896
1893	132	0.227961
1893	757	0.332139
1894	132	1.28729
1894	17	-1.44626
1894	63	-0.961317
1894	30	1.87454
1894	201	-0.979654
1894	60	-0.226592
1894	227	0.244365
1894	801	0.339207
1895	5	-0.640026
1895	20	0.680112
1895	33	0.341381
1895	17	0.133281
1895	9	-0.983553
1895	20	1.12285
1895	11	-0.162497
1895	114	-0.452635
1895	6	0.55281
1895	56	0.2684
1895	28	-0.872477
1895	119	-0.418349
1895	80	-0.580087
1896	27	0.0742912
1896	3	1.41451
1896	3	-0.238795
1896	175	0.3315
1896	16	0.721107
1896	89	-0.111363
1896	210	-0.343786
1896	10	1.50072
1896	878	0.455382
1896	195	0.756458
1896	2	1.47517
1896	6	0.833282
1896	61	1.11503
1896	42	-0.965759
1897	42	-1.90898
1897	18	-0.310117
1897	25	-0.307664
1897	11	-0.581279
1898	387	-0.909028
1898	54	-1.67047
1898	23	0.788759
1898	10	-0.458229
1898	4	-1.30553
1898	67	-0.576432
1898	12	0.475611
1898	141	-0.758532
1898	69	0.306386
1898	12	0.072756
1898	18	-0.696419
1898	172	-0.649193
1898	156	-0.1259
1898	25	0.530228
1898	110	1.1455
1898	63	0.0638497
1898	12	-0.373063
1899	26	-1.30565
1899	20	1.01863
1899	37	0.21808
1899	11	0.913143
1899	88	-0.0527778
1899	9	-1.38705
1901	4	-1.05941
1901	131	0.462252
1901	10	1.09893
1901	95	-0.509391
1901	73	-0.428784
1901	717	-0.263769
1901	18	1.44531
1901	23	-0.572099
1901	9	0.88579
1902	5	-0.786398
1902	3	0.352945
1902	98	-0.564666
1902	5	0.131591
1902	15	0.692037
1903	62	-0.466443
1903	80	0.172152
1903	50	0.170623
1903	15	0.640997
1903	6	-0.0295816
1903	83	0.422433
1903	9	0.842127
1903	133	0.443581
1903	61	1.17026
1903	223	0.035435
1903	38	0.248472
1903	76	1.08024
1903	72	0.445886
1904	7	1.19184
1904	494	-0.161521
1904	18	-1.22854
1904	1	-0.230567
1904	13	0.660909
1904	57	-0.08918
1905	24	-0.198241
1905	43	0.430678
1905	6	0.651743
1905	70	0.271623
1905	67	-0.562796
1905	320	0.395604
1905	1	0.32204
1906	222	-0.615214
1906	18	-0.692638
1906	7	-0.468686
1906	186	2.13759
1906	16	-0.887402
1906	1	0.258167
1907	3	-0.340175
1907	17	-0.593632
1907	18	1.82238
1907	82	0.0467659
1907	313	0.285042
1907	107	0.279677
1907	179	0.183711
1907	11	0.567093
1907	14	-1.36532
1907	922	-0.0110639
1908	9	1.03149
1908	9	1.28338
1908	51	-0.00202276
1908	768	0.26941
1908	61	0.66587
1908	77	-1.06862
1908	2	-1.49256
1908	47	-0.16057
1908	14	-1.90441
1908	1	-1.30132
1909	14	-0.29256
1909	28	0.135548
1909	15	0.218587
1909	23	-0.113993
1909	47	-0.238406
1910	145	0.983017
1910	1	0.881556
1910	1	0.469104
1910	64	-0.231265
1910	662	0.304889
1910	9	-1.43692
1910	18	-0.68358
1910	1	0.39133
1910	9	-0.976461
1910	15	-0.892109
1910	10	-2.1965
1910	12	0.900244
1911	124	-0.131892
1911	35	-0.755489
1911	119	1.17209
1911	84	-0.459159
1911	0	-1.92794
1911	14	-1.77403
1912	6	1.36566
1912	11	2.42919
1912	107	-0.123043
1912	6	0.0617062
1912	5	0.150024
1912	42	0.315611
1912	354	-0.0756064
1912	16	-0.760834
1912	113	0.0673664
1912	15	0.118758
1913	55	0.041567
1913	9	0.508452
1913	3	-0.209782
1914	85	-0.893108
1914	519	0.236912
1914	16	-2.47949
1914	164	0.080526
1914	2	-0.909118
1914	34	-0.929817
1914	26	0.116625
1914	1	0.284719
1914	1	0.950887
1914	10	-1.4676
1914	6	0.61391
1914	0	-0.314509
1914	34	1.11061
1914	43	0.528223
1915	100	1.28924
1915	13	0.205799
1915	258	-0.763821
1915	127	-0.98663
1915	54	-1.69422
1915	31	0.458908
1915	937	0.350427
1915	135	0.832142
1915	95	-1.00771
1915	24	-0.2121
1916	37	-0.267988
1916	4	3.11798
1916	1	-0.37159
1916	9	-0.0957056
1916	6	1.35173
1916	13	-0.903696
1916	31	1.40908
1916	31	-0.941551
1916	549	0.50368
1916	21	-0.878202
1916	18	-0.737832
1917	106	0.0151322
1917	3	-0.306181
1917	65	-0.0513505
1917	44	1.03897
1917	17	0.87874
1917	13	0.544489
1917	33	0.692572
1918	10	-0.133585
1918	17	0.093676
1919	16	-1.04054
1919	12	0.535491
1919	3	-0.276281
1919	74	-1.10777
1919	49	-0.294024
1919	26	0.708511
1919	40	-1.106
1919	31	0.521107
1920	11	-0.631137
1920	30	0.321044
1920	128	-0.610592
1920	393	-0.337763
1920	38	1.28034
1920	7	1.50496
1920	347	0.44216
1920	15	1.39873
1920	71	0.898074
1920	1	-1.17748
1920	3	1.24378
1920	2	-0.435753
1920	305	-0.167544
1921	37	1.46268
1921	68	-0.724476
1921	320	-0.00540531
1921	42	0.216764
1921	45	-0.938976
1921	13	0.911791
1921	11	0.127257
1921	4	-1.10502
1921	208	0.119691
1922	3	-0.45971
1922	40	-1.71477
1922	7	-0.90512
1922	1	-1.66058
1922	72	-0.40205
1922	42	-1.14416
1922	22	-0.544982
1922	46	0.173203
1922	7	0.129706
1922	11	0.409792
1922	56	-0.222319
1922	22	-0.27571
1922	16	1.26983
1922	23	-0.322563
1923	20	-0.321558
1923	50	0.180509
1923	3	-0.273081
1923	24	-0.621017
1923	62	-0.901609
1923	70	-0.186675
1923	15	0.0712337
1924	256	-0.582206
1924	79	0.291234
1924	16	-0.43871
1924	0	2.23035
1924	6	-1.06535
1924	4	-2.02379
1925	101	-0.481467
1925	21	-0.434409
1925	7	1.16373
1925	92	-0.260552
1925	4	0.204249
1925	17	-0.344836
1925	6	-0.0875389
1925	0	-1.65134
1925	357	-0.000196181
1925	103	0.183807
1926	0	1.00379
1926	34	-1.22327
1926	28	-0.439988
1926	46	-1.27196
1927	276	-0.166095
1927	56	0.484711
1927	11	0.9999
1927	4	-0.639315
1927	198	-0.725094
1927	10	0.553019
1927	9	-0.723868
1927	0	0.85764
1927	20	1.4561
1927	77	0.280434
1928	172	0.550712
1928	1534	0.0290132
1928	94	0.907046
1928	5	0.232476
1928	4	-1.5182
1929	62	0.42575
1929	10	0.431074
1929	81	0.0169935
1929	14	0.916484
1929	111	0.238405
1929	1	-1.73607
1929	194	-0.12782
1929	9	0.396672
1929	5	-0.323873
1930	0	0.420752
1930	14	0.0177389
1930	12	2.00769
1931	0	0.296847
1931	2	-1.12941
1931	16	-1.13892
1931	12	1.94117
1931	9	0.661758
1931	12	-1.79198
1931	3	-1.3898
1931	9	0.729168
1931	5	0.659056
1931	18	0.010248
1932	0	-0.876443
1932	4	-0.967966
1932	18	-0.230223
1933	25	-1.01553
1933	46	-1.41852
1933	11	0.137352
1933	137	0.12784
1933	0	-0.539062
1933	48	0.0151591
1934	2	-1.49771
1934	32	-1.7325
1934	4	0.516193
1934	130	0.276628
1934	43	0.0952819
1934	6	0.539712
1934	16	0.587076
1934	3	-0.787995
1934	8	1.02779
1934	77	0.418014
1935	368	0.0300998
1935	45	0.380913
1935	16	0.0507606
1935	12	-0.743738
1935	1581	0.0144784
1936	3	-0.0325955
1936	13	-0.34938
1936	220	0.400803
1936	9	0.975962
1936	33	0.201849
1936	15	-1.21785
1936	39	1.22396
1936	8	-1.04904
1936	77	-0.677462
1936	194	-0.390698
1936	285	0.278665
1936	38	-0.301453
1937	74	0.071644
1937	68	-0.0434035
1937	210	0.603335
1937	38	-0.796618
1937	8	-1.6204
1937	64	-0.428473
1937	94	0.732991
1937	0	-0.484822
1937	31	-0.541101
1937	1	0.277133
1938	7	-1.0925
1938	26	0.359743
1938	32	-0.767579
1938	40	0.760743
1938	5	-1.14304
1938	355	0.936617
1939	251	0.66308
1939	31	-0.342169
1939	0	-0.167249
1939	38	0.424074
1939	22	0.0797235
1939	348	0.563412
1939	30	-0.663917
1939	20	0.0910435
1939	40	-0.728575
1939	56	0.782211
1939	24	-0.429424
1939	9	-0.0341804
1939	15	-0.988458
1939	61	-1.04605
1940	105	0.231041
1940	11	0.866929
1940	35	-1.24339
1940	49	0.695381
1940	259	0.354202
1940	56	0.600444
1940	70	0.797131
1940	6	0.363414
1940	43	0.813247
1940	19	0.275923
1940	20	0.309095
1940	13	1.96343
1941	61	0.83251
1941	173	-0.430619
1941	25	-1.2763
1941	1	0.510865
1941	23	0.167364
1941	12	0.656727
1941	40	0.7064
1941	291	-0.609988
1941	372	0.655866
1941	72	0.126199
1941	16	-0.9278
1941	108	-0.731568
1941	3	-0.610526
1941	61	1.09785
1942	4	-0.589775
1942	3	-0.625894
1942	29	1.38273
1942	24	0.0181829
1942	28	-0.317277
1942	44	0.0963877
1942	0	-1.69939
1942	124	-0.80858
1942	1	-1.02133
1942	154	-0.292397
1942	57	-0.28741
1942	247	-0.547936
1942	35	-0.389675
1942	3	-0.893139
1942	27	-0.696104
1942	6	-1.28877
1942	23	-1.07312
1943	191	-0.148497
1943	321	-0.372604
1943	46	0.715204
1943	11	-0.242833
1943	0	-1.44168
1943	310	-0.400973
1944	9	1.08903
1944	8	-1.1073
1944	19	-0.216837
1944	27	0.588386
1944	149	-0.0912795
1944	16	0.0514394
1944	170	0.539582
1944	873	-0.174152
1944	713	-0.15142
1944	573	0.0628389
1944	370	0.312416
1944	279	-0.0755214
1944	4	0.734037
1944	3	-0.62483
1945	1	-0.261129
1945	17	1.1237
1945	60	0.663005
1945	62	-0.351907
1945	19	-0.616992
1945	16	-1.16187
1945	2	0.928952
1945	6	0.16177
1946	39	0.782032
1946	27	-0.245604
1946	271	-0.120656
1946	0	-0.162924
1946	2	-1.37047
1946	113	-0.877812
1946	0	-0.809841
1946	0	-1.139
1946	4	-0.120265
1947	89	-0.110958
1947	108	1.55004
1947	110	-0.547901
1947	51	0.92149
1947	13	-1.15519
1947	24	-0.843686
1947	475	-0.0884805
1947	19	0.684511
1947	2	-0.488004
1947	209	-0.429906
1947	67	0.000435928
1947	36	-0.394109
1948	26	-1.15774
1948	85	-0.702217
1948	11	0.622047
1948	50	-0.612853
1948	138	1.04179
1948	15	-0.976212
1948	0	-0.646626
1948	72	1.03048
1948	33	0.33865
1949	323	0.0402833
1949	106	-0.135601
1949	11	1.02313
1950	5	-0.93631
1950	82	0.200005
1950	77	0.236101
1950	293	0.258981
1950	83	1.08272
1950	43	-0.24617
1950	0	-0.497025
1950	29	-0.986248
1950	25	-0.624123
1951	4	2.43197
1951	50	0.108909
1951	6	-0.497797
1951	46	-0.372089
1951	53	0.609955
1951	4	0.960412
1951	557	-0.573511
1952	78	0.413346
1952	85	0.0639163
1952	73	0.42965
1952	18	-1.04606
1952	24	-0.76447
1953	82	-0.568677
1953	110	-1.95331
1953	313	-0.0727018
1953	307	1.00647
1953	815	-0.463558
1953	51	-0.532342
1953	64	-0.0642022
1953	47	-1.42222
1953	20	0.853068
1954	15	0.431195
1954	0	0.56559
1954	9	0.16151
1954	0	0.208582
1954	57	0.912938
1954	82	-0.0219365
1954	74	-0.450095
1954	17	0.178953
1954	4	-0.0521688
1955	11	-0.421898
1955	9	1.90021
1955	309	0.480898
1955	17	-0.782181
1955	33	-1.297
1955	93	-0.0870873
1955	8	-0.195744
1955	49	0.667517
1955	9	-1.38104
1955	47	0.400148
1956	185	0.165953
1956	231	-0.276745
1956	5	0.200042
1956	19	-1.88592
1956	14	-0.908364
1956	2	-0.668
1956	7	0.0133647
1956	33	-1.3738
1956	14	-1.4425
1956	21	0.436694
1956	14	-0.107361
1956	65	-1.00909
1957	62	0.383765
1957	47	-0.755145
1957	77	-0.635306
1957	271	0.771951
1957	28	0.943719
1957	3	1.31436
1957	51	-1.75852
1957	121	-0.522995
1957	1346	0.33541
1957	4	-0.867997
1958	9	-0.256795
1958	145	0.758847
1958	15	0.736732
1958	19	-0.948246
1958	237	0.799073
1958	63	1.91118
1958	104	0.967798
1958	5	-0.712757
1958	15	1.25012
1958	7	0.729361
1959	22	-0.364401
1959	135	-1.33186
1959	63	0.328987
1959	97	-0.280091
1959	510	-0.113094
1959	13	0.014882
1959	1514	-0.265267
1959	181	0.194329
1959	2	1.78729
1960	125	0.428422
1960	45	0.0142953
1960	62	1.67714
1960	5	-1.25518
1960	62	0.469722
1960	13	0.584698
1960	63	1.39413
1960	182	0.224254
1960	60	-0.27162
1960	63	-1.04466
1960	42	-0.541258
1960	33	0.979261
1960	112	-1.03988
1961	1	0.586464
1961	6	0.710368
1962	70	0.727918
1962	17	-0.204047
1962	30	0.235573
1962	301	0.298589
1962	86	1.7273
1962	4	-1.68879
1962	22	-0.595726
1962	15	-0.226458
1962	3	1.46398
1962	795	0.444449
1962	32	-0.939203
1962	16	0.65819
1963	67	0.435776
1963	0	-1.605
1963	20	0.274635
1963	20	0.937824
1963	1	0.916966
1963	21	0.213661
1963	13	-0.506298
1963	22	1.46432
1963	28	-0.722033
1963	53	0.179998
1963	38	-0.211898
1964	3	2.13228
1964	35	-0.286532
1964	120	-0.57607
1964	278	0.0713659
1965	68	0.679943
1965	5	0.103369
1965	39	-0.17687
1965	17	1.91757
1965	13	-0.206433
1965	67	0.572503
1965	1	0.353068
1965	2	-1.91964
1965	22	-1.03902
1965	5	0.284875
1965	49	-1.34135
1966	84	-0.87405
1966	37	-0.78701
1966	52	0.514593
1966	6	-0.967279
1966	52	0.0442231
1966	162	0.171877
1966	1	-0.311995
1966	129	-0.796914
1966	191	-0.991207
1966	40	2.13966
1966	22	-0.425807
1966	237	-0.0564491
1967	1037	-0.0141217
1967	216	0.0898395
1967	3	-0.609882
1967	6	1.23065
1967	10	0.486324
1967	14	0.687898
1967	14	1.88325
1967	20	-0.436817
1968	57	-0.285411
1968	3	0.544534
1968	25	1.1599
1968	10	-0.682739
1968	41	0.909189
1968	43	1.3905
1968	280	-0.0556199
1968	37	-0.0749387
1969	6	-0.288844
1969	49	-0.879486
1969	12	-0.567851
1969	119	-0.464395
1969	107	0.373218
1969	124	0.211545
1969	24	-0.401229
1969	91	0.535698
1969	48	0.125258
1970	16	-0.0025619
1970	10	0.404026
1970	28	0.275847
1970	26	-1.68006
1970	68	-0.661921
1970	1	-0.548324
1970	120	0.303244
1970	56	-1.26598
1971	70	-0.588494
1971	86	-0.0377148
1971	94	-0.504389
1971	120	0.234473
1971	5	-2.28944
1971	332	-0.348136
1971	0	1.15205
1971	36	-0.539441
1971	145	0.261624
1971	49	0.396116
1971	13	1.59162
1971	67	-0.00109168
1971	35	0.666872
1971	0	0.882503
1971	29	-0.536442
1972	1	-0.0263367
1972	146	-0.181669
1972	429	-0.511434
1972	150	-1.22882
1972	1	-0.812351
1972	36	-0.230121
1972	369	-0.752666
1972	33	-0.0508386
1972	483	0.0369702
1973	305	-0.591947
1973	9	1.56523
1973	23	0.321501
1973	42	1.13661
1973	48	-0.284274
1974	30	0.00977034
1974	320	-0.490217
1974	136	-0.791291
1974	39	0.0541609
1975	55	-0.422142
1975	64	1.14358
1975	79	1.14353
1975	93	0.717047
1975	13	0.553984
1975	22	0.26776
1975	17	-0.950705
1975	4	-1.3322
1975	27	0.829234
1975	16	2.36969
1975	0	0.741262
1976	28	0.447307
1976	107	1.05064
1976	3	0.144814
1976	13	0.507146
1976	0	0.453082
1976	14	-0.316495
1976	140	-0.660255
1976	137	1.08303
1976	14	-0.00799765
1977	3	1.29567
1977	0	-0.0249574
1977	25	0.497183
1977	151	0.165036
1977	14	-1.3823
1977	1	-0.825325
1978	1	2.02387
1978	4	-1.06297
1978	71	0.898741
1978	76	0.885138
1978	8	-0.82779
1978	33	2.30953
1979	222	0.559562
1979	388	-0.0557341
1979	137	-0.367225
1979	82	-0.256805
1979	8	-1.26273
1979	75	0.0158505
1979	33	0.635214
1979	90	-0.857252
1980	12	0.203478
1980	122	-0.662524
1980	6	-1.0443
1980	93	-0.320671
1980	6	-0.96874
1980	240	0.523443
1980	47	-0.0782338
1980	322	-0.765331
1980	18	-0.826718
1980	21	-0.807345
1980	12	1.47308
1980	0	0.156631
1981	162	1.23562
1981	3	1.80709
1981	40	-0.175321
1981	79	0.620684
1981	62	1.03521
1981	40	0.049773
1981	86	1.84145
1981	25	-0.497293
1981	25	-0.637017
1981	9	-0.0480082
1981	9	0.409745
1981	280	-0.49449
1981	2	-2.27074
1982	2	-0.738515
1982	286	-0.265886
1982	2	-0.295214
1982	35	-0.151584
1982	7	-2.02956
1982	371	-0.716155
1982	100	-0.0212198
1982	347	-0.852049
1982	7	-0.233925
1982	119	0.538885
1982	0	0.232485
1982	50	0.43828
1982	9	-0.172392
1982	48	-0.73696
1982	52	-0.433665
1982	76	-0.681368
1982	1	1.60723
1982	230	0.161547
1982	8	0.929316
1983	11	1.58499
1983	64	0.264672
1983	96	-0.401377
1983	16	-1.30409
1983	34	-0.694089
1983	71	0.892007
1983	3	0.0162883
1984	53	-0.268724
1984	13	-1.52335
1984	98	0.95265
1984	84	-0.189178
1984	8	-0.873324
1984	0	0.582379
1984	1	0.534515
1984	74	-0.973418
1984	1	-0.193724
1984	25	1.04841
1984	89	0.699612
1984	18	-0.0706412
1985	49	-0.459433
1985	15	-0.176527
1985	6	0.696316
1985	67	-0.0555529
1985	57	-1.11742
1986	21	0.405627
1986	35	-0.216204
1986	129	-0.638914
1986	535	0.0870762
1986	2	-0.0480484
1986	83	-0.39134
1986	20	1.63323
1986	16	-0.605592
1986	46	1.13296
1986	2	-1.34117
1986	515	-0.195402
1987	31	0.562862
1987	12	0.708961
1987	15	0.155019
1987	5	0.680965
1987	0	0.358424
1987	46	0.203523
1987	13	1.931
1988	4	-0.66133
1988	3	-0.61767
1988	191	1.00457
1988	20	-1.43693
1988	20	-0.69417
1988	24	-0.535266
1988	120	0.50089
1988	11	1.64341
1988	50	0.232869
1988	6	1.74696
1988	98	-0.309924
1988	50	0.492592
1989	3	-0.256978
1989	4	-0.0800409
1989	32	0.0843868
1989	24	-0.814965
1989	30	0.512678
1989	12	0.196832
1989	3	0.789612
1990	42	-0.799404
1990	238	0.531095
1990	61	-0.494515
1990	33	0.475812
1990	241	0.0732815
1990	127	-0.692761
1990	29	1.00553
1990	6	-0.0528128
1990	11	-1.46597
1990	13	0.751216
1990	1	0.251818
1990	993	-0.209287
1990	2	-0.462999
1990	48	0.13823
1990	61	0.9701
1990	5	1.02356
1990	85	-2.04987
1991	42	0.524793
1991	13	1.36981
1991	12	-1.00536
1991	269	0.0787556
1991	12	1.34782
1991	19	-0.11828
1991	36	-1.398
1991	74	-1.44184
1991	0	-1.12893
1991	7	-0.102803
1991	18	-1.0213
1991	325	-0.362142
1991	8	-0.464345
1991	4	0.51627
1991	120	-0.513253
1991	3	-0.846997
1991	7	-0.742384
1991	72	-0.183364
1992	22	0.88722
1992	91	0.0364999
1992	126	0.814978
1992	82	-0.174369
1992	7	0.310046
1992	20	-0.384066
1992	10	1.86798
1992	105	0.529907
1992	213	1.01295
1992	5	0.449349
1992	146	0.489065
1992	12	-0.2869
1992	127	-0.250316
1993	53	0.657305
1993	58	-1.10725
1993	8	0.934118
1994	22	0.208766
1994	58	0.4698
1994	205	0.117791
1994	61	0.829955
1994	6	-0.290247
1994	63	1.17785
1994	98	-0.332588
1994	35	1.89553
1994	412	-0.224588
1995	8	-0.485535
1995	3	-0.246256
1995	37	0.186597
1996	36	-0.913114
1996	13	-0.303944
1996	12	1.06417
1996	3	0.333268
1996	9	-0.79323
1996	115	-0.284332
1996	17	-1.55062
1996	59	0.745974
1996	13	1.68408
1997	9	-0.150241
1997	39	-0.917256
1997	26	0.23979
1997	78	-0.818866
1997	131	-0.296688
1997	28	-0.695702
1997	19	0.558926
1997	335	-0.362601
1997	3	1.26438
1998	9	0.279185
1998	1495	-0.312271
1998	974	0.356719
1998	100	0.332101
1998	44	-1.02867
1998	7	0.8463
1998	32	-1.47888
1999	2	-0.735167
1999	0	2.13537
1999	1	-0.38519
2000	2	0.727729
2000	96	-0.541964
2000	87	-0.103871
2000	53	-0.530548
2000	201	-0.722864
2000	18	0.17542
2000	0	-0.636764
2000	14	0.373613
2000	11	-0.453047
2000	31	1.87536
2000	1145	0.213185
2000	108	-0.59284
2000	8	-0.531459
2000	56	1.06062
2000	365	0.538336
